Watching for file changes with StatReloader
"GET /api/proof_list/ HTTP/1.1" 200 2424
"GET /api/proof_list/ HTTP/1.1" 200 2424
"GET /api/proof_list/ HTTP/1.1" 200 2424
"GET /api/proof_list/ HTTP/1.1" 200 2424
"GET /api/proof_list/ HTTP/1.1" 200 2424
"GET /api/proof_list/ HTTP/1.1" 200 2424
"GET /api/proof_list/ HTTP/1.1" 200 2424
"GET /api/proof_list/ HTTP/1.1" 200 2424
"GET /api/proof_list/ HTTP/1.1" 200 2424
"POST /api/auth/login/ HTTP/1.1" 200 737
"GET /api/announcements HTTP/1.1" 301 0
"GET /api/announcements/ HTTP/1.1" 200 385
"GET /media/announcements/IMG_20251007_092118_As8bcoG.jpg HTTP/1.1" 200 144481
"GET /api/proof_list/ HTTP/1.1" 200 2424
"GET /api/proof_list/ HTTP/1.1" 200 2424
"GET /api/proof_list/ HTTP/1.1" 200 2424
"GET /media/profile_images/profile_1765018760994.jpg HTTP/1.1" 200 144481
"GET /api/proof_list/ HTTP/1.1" 200 2424
"GET /api/proof_list/ HTTP/1.1" 200 2424
"POST /api/auth/logout/ HTTP/1.1" 205 37
"POST /api/auth/login/ HTTP/1.1" 200 726
"GET /api/announcements HTTP/1.1" 301 0
"GET /api/announcements/ HTTP/1.1" 200 385
"GET /api/proof_list/ HTTP/1.1" 200 2424
"GET /api/proof_list/ HTTP/1.1" 200 2424
"GET /api/proof_list/ HTTP/1.1" 200 2424
"GET /api/proof_list/ HTTP/1.1" 200 2424
"GET /api/proof_list/ HTTP/1.1" 200 2424
"GET /api/proof_list/ HTTP/1.1" 200 2424
"GET /api/proof_list/ HTTP/1.1" 200 2424
"GET /api/proof_list/ HTTP/1.1" 200 2424
"GET /api/proof_list/ HTTP/1.1" 200 2424
"GET /api/proof_list/ HTTP/1.1" 200 2424
"GET /api/proof_list/ HTTP/1.1" 200 2424
"GET /api/proof_list/ HTTP/1.1" 200 2424
"GET /api/proof_list/ HTTP/1.1" 200 2424
"GET /api/proof_list/ HTTP/1.1" 200 2424
"GET /api/proof_list/ HTTP/1.1" 200 2424
"GET /api/proof_list/ HTTP/1.1" 200 2424
"GET /api/proof_list/ HTTP/1.1" 200 2424
"GET /api/proof_list/ HTTP/1.1" 200 2424
"GET /api/proof_list/ HTTP/1.1" 200 2424
"GET /api/proof_list/ HTTP/1.1" 200 2424
"GET /api/proof_list/ HTTP/1.1" 200 2424
"GET /api/proof_list/ HTTP/1.1" 200 2424
"GET /api/proof_list/ HTTP/1.1" 200 2424
"GET /api/proof_list/ HTTP/1.1" 200 2424
"GET /api/proof_list/ HTTP/1.1" 200 2424
"GET /api/proof_list/ HTTP/1.1" 200 2424
"GET /api/proof_list/ HTTP/1.1" 200 2424
"GET /api/proof_list/ HTTP/1.1" 200 2424
"GET /api/proof_list/ HTTP/1.1" 200 2424
"GET /api/proof_list/ HTTP/1.1" 200 2424
"GET /api/transactions/?page=1&page_size=5 HTTP/1.1" 200 3344
"GET /api/proof_list/ HTTP/1.1" 200 2424
"GET /api/proof_list/ HTTP/1.1" 200 2424
"GET /api/proof_list/ HTTP/1.1" 200 2424
"GET /api/proof_list/ HTTP/1.1" 200 2424
"GET /api/proof_list/ HTTP/1.1" 200 2424
"GET /api/proof_list/ HTTP/1.1" 200 2424
"GET /api/proof_list/ HTTP/1.1" 200 2424
"GET /api/proof_list/ HTTP/1.1" 200 2424
"GET /api/proof_list/ HTTP/1.1" 200 2424
"GET /api/proof_list/ HTTP/1.1" 200 2424
"GET /api/proof_list/ HTTP/1.1" 200 2424
"GET /api/proof_list/ HTTP/1.1" 200 2424
"GET /api/proof_list/ HTTP/1.1" 200 2424
"GET /api/proof_list/ HTTP/1.1" 200 2424
"GET /api/proof_list/ HTTP/1.1" 200 2424
"GET /api/proof_list/ HTTP/1.1" 200 2424
"GET /api/proof_list/ HTTP/1.1" 200 2424
"GET /api/proof_list/ HTTP/1.1" 200 2424
"GET /api/proof_list/ HTTP/1.1" 200 2424
"GET /api/proof_list/ HTTP/1.1" 200 2424
"GET /api/proof_list/ HTTP/1.1" 200 2424
"GET /api/proof_list/ HTTP/1.1" 200 2424
"GET /api/proof_list/ HTTP/1.1" 200 2424
"GET /api/proof_list/ HTTP/1.1" 200 2424
"GET /api/proof_list/ HTTP/1.1" 200 2424
"GET /api/proof_list/ HTTP/1.1" 200 2424
"GET /api/proof_list/ HTTP/1.1" 200 2424
"GET /api/proof_list/ HTTP/1.1" 200 2424
"GET /api/proof_list/ HTTP/1.1" 200 2424
"GET /api/proof_list/ HTTP/1.1" 200 2424
"GET /api/proof_list/ HTTP/1.1" 200 2424
"GET /api/proof_list/ HTTP/1.1" 200 2424
"GET /api/proof_list/ HTTP/1.1" 200 2424
"GET /api/proof_list/ HTTP/1.1" 200 2424
"GET /api/proof_list/ HTTP/1.1" 200 2424
"GET /api/proof_list/ HTTP/1.1" 200 2424
"GET /api/proof_list/ HTTP/1.1" 200 2424
"GET /api/proof_list/ HTTP/1.1" 200 2424
"GET /api/proof_list/ HTTP/1.1" 200 2424
"GET /api/proof_list/ HTTP/1.1" 200 2424
"GET /api/proof_list/ HTTP/1.1" 200 2424
"GET /api/proof_list/ HTTP/1.1" 200 2424
"GET /api/proof_list/ HTTP/1.1" 200 2424
"GET /api/proof_list/ HTTP/1.1" 200 2424
"GET /api/proof_list/ HTTP/1.1" 200 2424
"GET /api/proof_list/ HTTP/1.1" 200 2424
"GET /api/proof_list/ HTTP/1.1" 200 2424
"GET /api/proof_list/ HTTP/1.1" 200 2424
"GET /api/proof_list/ HTTP/1.1" 200 2424
"GET /api/proof_list/ HTTP/1.1" 200 2424
"GET /api/proof_list/ HTTP/1.1" 200 2424
"GET /api/proof_list/ HTTP/1.1" 200 2424
"GET /api/proof_list/ HTTP/1.1" 200 2424
"GET /api/proof_list/ HTTP/1.1" 200 2424
"GET /api/proof_list/ HTTP/1.1" 200 2424
"GET /api/proof_list/ HTTP/1.1" 200 2424
"GET /api/proof_list/ HTTP/1.1" 200 2424
"GET /api/proof_list/ HTTP/1.1" 200 2424
"GET /api/proof_list/ HTTP/1.1" 200 2424
"GET /api/proof_list/ HTTP/1.1" 200 2424
"GET /api/proof_list/ HTTP/1.1" 200 2424
"GET /api/proof_list/ HTTP/1.1" 200 2424
"GET /api/proof_list/ HTTP/1.1" 200 2424
"GET /api/proof_list/ HTTP/1.1" 200 2424
"GET /api/proof_list/ HTTP/1.1" 200 2424
"GET /api/proof_list/ HTTP/1.1" 200 2424
"GET /api/proof_list/ HTTP/1.1" 200 2424
"GET /api/proof_list/ HTTP/1.1" 200 2424
"GET /api/proof_list/ HTTP/1.1" 200 2424
"GET /api/proof_list/ HTTP/1.1" 200 2424
"GET /api/proof_list/ HTTP/1.1" 200 2424
"GET /api/proof_list/ HTTP/1.1" 200 2424
"GET /api/proof_list/ HTTP/1.1" 200 2424
"GET /api/proof_list/ HTTP/1.1" 200 2424
"GET /api/proof_list/ HTTP/1.1" 200 2424
"GET /api/proof_list/ HTTP/1.1" 200 2424
"GET /api/proof_list/ HTTP/1.1" 200 2424
"GET /api/proof_list/ HTTP/1.1" 200 2424
"GET /api/proof_list/ HTTP/1.1" 200 2424
"GET /api/proof_list/ HTTP/1.1" 200 2424
"GET /api/proof_list/ HTTP/1.1" 200 2424
"GET /api/proof_list/ HTTP/1.1" 200 2424
"GET /api/proof_list/ HTTP/1.1" 200 2424
"GET /api/proof_list/ HTTP/1.1" 200 2424
"GET /api/proof_list/ HTTP/1.1" 200 2424
"GET /api/proof_list/ HTTP/1.1" 200 2424
"GET /api/proof_list/ HTTP/1.1" 200 2424
"GET /api/proof_list/ HTTP/1.1" 200 2424
"GET /api/proof_list/ HTTP/1.1" 200 2424
"GET /api/proof_list/ HTTP/1.1" 200 2424
"GET /api/proof_list/ HTTP/1.1" 200 2424
"GET /api/proof_list/ HTTP/1.1" 200 2424
"GET /api/proof_list/ HTTP/1.1" 200 2424
"GET /api/proof_list/ HTTP/1.1" 200 2424
"GET /api/proof_list/ HTTP/1.1" 200 2424
"GET /api/proof_list/ HTTP/1.1" 200 2424
"GET /api/proof_list/ HTTP/1.1" 200 2424
"GET /api/proof_list/ HTTP/1.1" 200 2424
"GET /api/proof_list/ HTTP/1.1" 200 2424
"GET /api/proof_list/ HTTP/1.1" 200 2424
"GET /api/proof_list/ HTTP/1.1" 200 2424
"GET /api/proof_list/ HTTP/1.1" 200 2424
"GET /api/proof_list/ HTTP/1.1" 200 2424
"GET /api/proof_list/ HTTP/1.1" 200 2424
"GET /api/proof_list/ HTTP/1.1" 200 2424
"GET /api/proof_list/ HTTP/1.1" 200 2424
"GET /api/proof_list/ HTTP/1.1" 200 2424
"GET /api/proof_list/ HTTP/1.1" 200 2424
"GET /api/proof_list/ HTTP/1.1" 200 2424
"GET /api/proof_list/ HTTP/1.1" 200 2424
"GET /api/proof_list/ HTTP/1.1" 200 2424
"GET /api/proof_list/ HTTP/1.1" 200 2424
"GET /api/proof_list/ HTTP/1.1" 200 2424
"GET /api/proof_list/ HTTP/1.1" 200 2424
"GET /api/proof_list/ HTTP/1.1" 200 2424
"GET /api/proof_list/ HTTP/1.1" 200 2424
"GET /api/proof_list/ HTTP/1.1" 200 2424
"GET /api/proof_list/ HTTP/1.1" 200 2424
"GET /api/proof_list/ HTTP/1.1" 200 2424
"GET /api/proof_list/ HTTP/1.1" 200 2424
"GET /api/proof_list/ HTTP/1.1" 200 2424
"GET /api/proof_list/ HTTP/1.1" 200 2424
"GET /api/proof_list/ HTTP/1.1" 200 2424
"GET /api/proof_list/ HTTP/1.1" 200 2424
"GET /api/proof_list/ HTTP/1.1" 200 2424
"GET /api/proof_list/ HTTP/1.1" 200 2424
"GET /api/proof_list/ HTTP/1.1" 200 2424
"GET /api/proof_list/ HTTP/1.1" 200 2424
"GET /api/proof_list/ HTTP/1.1" 200 2424
"GET /api/proof_list/ HTTP/1.1" 200 2424
"GET /api/proof_list/ HTTP/1.1" 200 2424
"GET /api/proof_list/ HTTP/1.1" 200 2424
"GET /api/proof_list/ HTTP/1.1" 200 2424
"GET /api/proof_list/ HTTP/1.1" 200 2424
"GET /api/proof_list/ HTTP/1.1" 200 2424
"GET /api/proof_list/ HTTP/1.1" 200 2424
"GET /api/proof_list/ HTTP/1.1" 200 2424
"GET /api/proof_list/ HTTP/1.1" 200 2424
"GET /api/proof_list/ HTTP/1.1" 200 2424
"GET /api/proof_list/ HTTP/1.1" 200 2424
"GET /api/proof_list/ HTTP/1.1" 200 2424
"GET /api/proof_list/ HTTP/1.1" 200 2424
"GET /api/proof_list/ HTTP/1.1" 200 2424
"GET /api/proof_list/ HTTP/1.1" 200 2424
"GET /api/proof_list/ HTTP/1.1" 200 2424
"GET /api/proof_list/ HTTP/1.1" 200 2424
"GET /api/proof_list/ HTTP/1.1" 200 2424
"GET /api/proof_list/ HTTP/1.1" 200 2424
"GET /api/proof_list/ HTTP/1.1" 200 2424
"GET /api/proof_list/ HTTP/1.1" 200 2424
"GET /api/proof_list/ HTTP/1.1" 200 2424
"GET /api/proof_list/ HTTP/1.1" 200 2424
"GET /api/proof_list/ HTTP/1.1" 200 2424
"GET /api/proof_list/ HTTP/1.1" 200 2424
"GET /api/proof_list/ HTTP/1.1" 200 2424
"GET /api/proof_list/ HTTP/1.1" 200 2424
"GET /api/proof_list/ HTTP/1.1" 200 2424
"GET /api/proof_list/ HTTP/1.1" 200 2424
"GET /api/proof_list/ HTTP/1.1" 200 2424
"GET /api/proof_list/ HTTP/1.1" 200 2424
"GET /api/proof_list/ HTTP/1.1" 200 2424
"GET /api/proof_list/ HTTP/1.1" 200 2424
"GET /api/proof_list/ HTTP/1.1" 200 2424
"GET /api/proof_list/ HTTP/1.1" 200 2424
"GET /api/proof_list/ HTTP/1.1" 200 2424
"GET /api/proof_list/ HTTP/1.1" 200 2424
"GET /api/proof_list/ HTTP/1.1" 200 2424
"GET /api/proof_list/ HTTP/1.1" 200 2424
"GET /api/proof_list/ HTTP/1.1" 200 2424
"GET /api/proof_list/ HTTP/1.1" 200 2424
"GET /api/proof_list/ HTTP/1.1" 200 2424
"GET /api/proof_list/ HTTP/1.1" 200 2424
"GET /api/proof_list/ HTTP/1.1" 200 2424
"GET /api/proof_list/ HTTP/1.1" 200 2424
"GET /api/proof_list/ HTTP/1.1" 200 2424
"GET /api/proof_list/ HTTP/1.1" 200 2424
"GET /api/proof_list/ HTTP/1.1" 200 2424
"GET /api/proof_list/ HTTP/1.1" 200 2424
"GET /api/proof_list/ HTTP/1.1" 200 2424
"GET /api/proof_list/ HTTP/1.1" 200 2424
"GET /api/proof_list/ HTTP/1.1" 200 2424
"GET /api/proof_list/ HTTP/1.1" 200 2424
"GET /api/proof_list/ HTTP/1.1" 200 2424
"GET /api/proof_list/ HTTP/1.1" 200 2424
"GET /api/proof_list/ HTTP/1.1" 200 2424
"GET /api/proof_list/ HTTP/1.1" 200 2424
"GET /api/proof_list/ HTTP/1.1" 200 2424
"GET /api/proof_list/ HTTP/1.1" 200 2424
"GET /api/proof_list/ HTTP/1.1" 200 2424
"GET /api/proof_list/ HTTP/1.1" 200 2424
"GET /api/proof_list/ HTTP/1.1" 200 2424
"GET /api/proof_list/ HTTP/1.1" 200 2424
"GET /api/proof_list/ HTTP/1.1" 200 2424
"GET /api/proof_list/ HTTP/1.1" 200 2424
"GET /api/proof_list/ HTTP/1.1" 200 2424
"GET /api/proof_list/ HTTP/1.1" 200 2424
"GET /api/proof_list/ HTTP/1.1" 200 2424
"GET /api/proof_list/ HTTP/1.1" 200 2424
"GET /api/proof_list/ HTTP/1.1" 200 2424
"GET /api/proof_list/ HTTP/1.1" 200 2424
"GET /api/proof_list/ HTTP/1.1" 200 2424
"GET /api/proof_list/ HTTP/1.1" 200 2424
"GET /api/proof_list/ HTTP/1.1" 200 2424
"GET /api/proof_list/ HTTP/1.1" 200 2424
"GET /api/proof_list/ HTTP/1.1" 200 2424
"GET /api/proof_list/ HTTP/1.1" 200 2424
"GET /api/proof_list/ HTTP/1.1" 200 2424
"GET /api/proof_list/ HTTP/1.1" 200 2424
"GET /api/proof_list/ HTTP/1.1" 200 2424
"GET /api/proof_list/ HTTP/1.1" 200 2424
"GET /api/proof_list/ HTTP/1.1" 200 2424
"GET /api/proof_list/ HTTP/1.1" 200 2424
"GET /api/proof_list/ HTTP/1.1" 200 2424
"GET /api/proof_list/ HTTP/1.1" 200 2424
"GET /api/proof_list/ HTTP/1.1" 200 2424
"GET /api/proof_list/ HTTP/1.1" 200 2424
"GET /api/proof_list/ HTTP/1.1" 200 2424
"GET /api/proof_list/ HTTP/1.1" 200 2424
"GET /api/proof_list/ HTTP/1.1" 200 2424
"GET /api/proof_list/ HTTP/1.1" 200 2424
"GET /api/proof_list/ HTTP/1.1" 200 2424
"GET /api/proof_list/ HTTP/1.1" 200 2424
"GET /api/proof_list/ HTTP/1.1" 200 2424
"GET /api/proof_list/ HTTP/1.1" 200 2424
"GET /api/proof_list/ HTTP/1.1" 200 2424
"GET /api/proof_list/ HTTP/1.1" 200 2424
"GET /api/proof_list/ HTTP/1.1" 200 2424
"GET /api/proof_list/ HTTP/1.1" 200 2424
"GET /api/proof_list/ HTTP/1.1" 200 2424
"GET /api/proof_list/ HTTP/1.1" 200 2424
"GET /api/proof_list/ HTTP/1.1" 200 2424
"GET /api/proof_list/ HTTP/1.1" 200 2424
"GET /api/proof_list/ HTTP/1.1" 200 2424
"GET /api/proof_list/ HTTP/1.1" 200 2424
"GET /api/proof_list/ HTTP/1.1" 200 2424
"GET /api/proof_list/ HTTP/1.1" 200 2424
"GET /api/proof_list/ HTTP/1.1" 200 2424
"GET /api/proof_list/ HTTP/1.1" 200 2424
"GET /api/proof_list/ HTTP/1.1" 200 2424
"GET /api/proof_list/ HTTP/1.1" 200 2424
"GET /api/proof_list/ HTTP/1.1" 200 2424
"GET /api/proof_list/ HTTP/1.1" 200 2424
"GET /api/proof_list/ HTTP/1.1" 200 2424
"GET /api/proof_list/ HTTP/1.1" 200 2424
"GET /api/proof_list/ HTTP/1.1" 200 2424
"GET /api/proof_list/ HTTP/1.1" 200 2424
"GET /api/proof_list/ HTTP/1.1" 200 2424
"GET /api/proof_list/ HTTP/1.1" 200 2424
"GET /api/proof_list/ HTTP/1.1" 200 2424
"GET /api/proof_list/ HTTP/1.1" 200 2424
"GET /api/proof_list/ HTTP/1.1" 200 2424
"GET /api/proof_list/ HTTP/1.1" 200 2424
"GET /api/proof_list/ HTTP/1.1" 200 2424
"GET /api/proof_list/ HTTP/1.1" 200 2424
"GET /api/proof_list/ HTTP/1.1" 200 2424
"GET /api/proof_list/ HTTP/1.1" 200 2424
"GET /api/proof_list/ HTTP/1.1" 200 2424
"GET /api/proof_list/ HTTP/1.1" 200 2424
"GET /api/proof_list/ HTTP/1.1" 200 2424
"GET /api/proof_list/ HTTP/1.1" 200 2424
"GET /api/proof_list/ HTTP/1.1" 200 2424
"GET /api/proof_list/ HTTP/1.1" 200 2424
"GET /api/proof_list/ HTTP/1.1" 200 2424
"GET /api/proof_list/ HTTP/1.1" 200 2424
"GET /api/proof_list/ HTTP/1.1" 200 2424
"GET /api/proof_list/ HTTP/1.1" 200 2424
"GET /api/proof_list/ HTTP/1.1" 200 2424
"GET /api/proof_list/ HTTP/1.1" 200 2424
"GET /api/proof_list/ HTTP/1.1" 200 2424
"GET /api/proof_list/ HTTP/1.1" 200 2424
"GET /api/proof_list/ HTTP/1.1" 200 2424
"GET /api/proof_list/ HTTP/1.1" 200 2424
"GET /api/proof_list/ HTTP/1.1" 200 2424
"GET /api/proof_list/ HTTP/1.1" 200 2424
"GET /api/proof_list/ HTTP/1.1" 200 2424
"GET /api/proof_list/ HTTP/1.1" 200 2424
"GET /api/proof_list/ HTTP/1.1" 200 2424
"GET /api/proof_list/ HTTP/1.1" 200 2424
"GET /api/proof_list/ HTTP/1.1" 200 2424
"GET /api/proof_list/ HTTP/1.1" 200 2424
"GET /api/proof_list/ HTTP/1.1" 200 2424
"GET /api/proof_list/ HTTP/1.1" 200 2424
"GET /api/proof_list/ HTTP/1.1" 200 2424
"GET /api/proof_list/ HTTP/1.1" 200 2424
"GET /api/proof_list/ HTTP/1.1" 200 2424
"GET /api/proof_list/ HTTP/1.1" 200 2424
"GET /api/proof_list/ HTTP/1.1" 200 2424
"GET /api/proof_list/ HTTP/1.1" 200 2424
"GET /api/proof_list/ HTTP/1.1" 200 2424
"GET /api/proof_list/ HTTP/1.1" 200 2424
"GET /api/proof_list/ HTTP/1.1" 200 2424
"GET /api/proof_list/ HTTP/1.1" 200 2424
"GET /api/proof_list/ HTTP/1.1" 200 2424
"GET /api/proof_list/ HTTP/1.1" 200 2424
"GET /api/proof_list/ HTTP/1.1" 200 2424
"GET /api/proof_list/ HTTP/1.1" 200 2424
"GET /api/proof_list/ HTTP/1.1" 200 2424
"GET /api/proof_list/ HTTP/1.1" 200 2424
"GET /api/proof_list/ HTTP/1.1" 200 2424
"GET /api/proof_list/ HTTP/1.1" 200 2424
"GET /api/proof_list/ HTTP/1.1" 200 2424
"GET /api/proof_list/ HTTP/1.1" 200 2424
"GET /api/proof_list/ HTTP/1.1" 200 2424
"GET /api/proof_list/ HTTP/1.1" 200 2424
"GET /api/proof_list/ HTTP/1.1" 200 2424
"GET /api/proof_list/ HTTP/1.1" 200 2424
"GET /api/proof_list/ HTTP/1.1" 200 2424
"GET /api/proof_list/ HTTP/1.1" 200 2424
"GET /api/proof_list/ HTTP/1.1" 200 2424
"GET /api/proof_list/ HTTP/1.1" 200 2424
"GET /api/proof_list/ HTTP/1.1" 200 2424
"GET /api/proof_list/ HTTP/1.1" 200 2424
"GET /api/proof_list/ HTTP/1.1" 200 2424
"GET /api/proof_list/ HTTP/1.1" 200 2424
"GET /api/proof_list/ HTTP/1.1" 200 2424
"GET /api/proof_list/ HTTP/1.1" 200 2424
"GET /api/proof_list/ HTTP/1.1" 200 2424
"GET /api/proof_list/ HTTP/1.1" 200 2424
"GET /api/proof_list/ HTTP/1.1" 200 2424
"GET /api/proof_list/ HTTP/1.1" 200 2424
"GET /api/proof_list/ HTTP/1.1" 200 2424
"GET /api/proof_list/ HTTP/1.1" 200 2424
"GET /api/proof_list/ HTTP/1.1" 200 2424
"GET /api/proof_list/ HTTP/1.1" 200 2424
"GET /api/proof_list/ HTTP/1.1" 200 2424
"GET /api/proof_list/ HTTP/1.1" 200 2424
"GET /api/proof_list/ HTTP/1.1" 200 2424
"GET /api/proof_list/ HTTP/1.1" 200 2424
"GET /api/proof_list/ HTTP/1.1" 200 2424
"GET /api/proof_list/ HTTP/1.1" 200 2424
"GET /api/proof_list/ HTTP/1.1" 200 2424
"GET /api/proof_list/ HTTP/1.1" 200 2424
"GET /api/proof_list/ HTTP/1.1" 200 2424
"GET /api/proof_list/ HTTP/1.1" 200 2424
"GET /api/proof_list/ HTTP/1.1" 200 2424
"GET /api/proof_list/ HTTP/1.1" 200 2424
"GET /api/proof_list/ HTTP/1.1" 200 2424
"GET /api/proof_list/ HTTP/1.1" 200 2424
"GET /api/proof_list/ HTTP/1.1" 200 2424
"GET /api/proof_list/ HTTP/1.1" 200 2424
"GET /api/proof_list/ HTTP/1.1" 200 2424
"GET /api/proof_list/ HTTP/1.1" 200 2424
"GET /api/proof_list/ HTTP/1.1" 200 2424
"GET /api/proof_list/ HTTP/1.1" 200 2424
"GET /api/proof_list/ HTTP/1.1" 200 2424
"GET /api/proof_list/ HTTP/1.1" 200 2424
"GET /api/proof_list/ HTTP/1.1" 200 2424
"GET /api/proof_list/ HTTP/1.1" 200 2424
"GET /api/proof_list/ HTTP/1.1" 200 2424
"GET /api/proof_list/ HTTP/1.1" 200 2424
"GET /api/proof_list/ HTTP/1.1" 200 2424
"GET /api/proof_list/ HTTP/1.1" 200 2424
"GET /api/proof_list/ HTTP/1.1" 200 2424
"GET /api/proof_list/ HTTP/1.1" 200 2424
"GET /api/proof_list/ HTTP/1.1" 200 2424
"GET /api/proof_list/ HTTP/1.1" 200 2424
"GET /api/proof_list/ HTTP/1.1" 200 2424
"GET /api/proof_list/ HTTP/1.1" 200 2424
"GET /api/proof_list/ HTTP/1.1" 200 2424
"GET /api/proof_list/ HTTP/1.1" 200 2424
"GET /api/proof_list/ HTTP/1.1" 200 2424
"GET /api/proof_list/ HTTP/1.1" 200 2424
"GET /api/proof_list/ HTTP/1.1" 200 2424
"GET /api/proof_list/ HTTP/1.1" 200 2424
"GET /api/proof_list/ HTTP/1.1" 200 2424
"GET /api/proof_list/ HTTP/1.1" 200 2424
"GET /api/proof_list/ HTTP/1.1" 200 2424
"GET /api/proof_list/ HTTP/1.1" 200 2424
"GET /api/proof_list/ HTTP/1.1" 200 2424
"GET /api/proof_list/ HTTP/1.1" 200 2424
"GET /api/proof_list/ HTTP/1.1" 200 2424
"GET /api/proof_list/ HTTP/1.1" 200 2424
"GET /api/proof_list/ HTTP/1.1" 200 2424
"GET /api/proof_list/ HTTP/1.1" 200 2424
"GET /api/proof_list/ HTTP/1.1" 200 2424
"GET /api/proof_list/ HTTP/1.1" 200 2424
"GET /api/proof_list/ HTTP/1.1" 200 2424
"GET /api/proof_list/ HTTP/1.1" 200 2424
"GET /api/proof_list/ HTTP/1.1" 200 2424
"GET /api/proof_list/ HTTP/1.1" 200 2424
"GET /api/proof_list/ HTTP/1.1" 200 2424
"GET /api/proof_list/ HTTP/1.1" 200 2424
"GET /api/proof_list/ HTTP/1.1" 200 2424
"GET /api/proof_list/ HTTP/1.1" 200 2424
"GET /api/proof_list/ HTTP/1.1" 200 2424
"GET /api/proof_list/ HTTP/1.1" 200 2424
"GET /api/proof_list/ HTTP/1.1" 200 2424
"GET /api/proof_list/ HTTP/1.1" 200 2424
"GET /api/proof_list/ HTTP/1.1" 200 2424
"GET /api/proof_list/ HTTP/1.1" 200 2424
"GET /api/proof_list/ HTTP/1.1" 200 2424
"GET /api/proof_list/ HTTP/1.1" 200 2424
"GET /api/proof_list/ HTTP/1.1" 200 2424
"GET /api/proof_list/ HTTP/1.1" 200 2424
"GET /api/proof_list/ HTTP/1.1" 200 2424
"GET /api/proof_list/ HTTP/1.1" 200 2424
"GET /api/proof_list/ HTTP/1.1" 200 2424
"GET /api/proof_list/ HTTP/1.1" 200 2424
"GET /api/proof_list/ HTTP/1.1" 200 2424
"GET /api/proof_list/ HTTP/1.1" 200 2424
"GET /api/proof_list/ HTTP/1.1" 200 2424
"GET /api/proof_list/ HTTP/1.1" 200 2424
"GET /api/proof_list/ HTTP/1.1" 200 2424
"GET /api/proof_list/ HTTP/1.1" 200 2424
"GET /api/proof_list/ HTTP/1.1" 200 2424
"GET /api/proof_list/ HTTP/1.1" 200 2424
"GET /api/proof_list/ HTTP/1.1" 200 2424
"GET /api/proof_list/ HTTP/1.1" 200 2424
"GET /api/proof_list/ HTTP/1.1" 200 2424
"GET /api/proof_list/ HTTP/1.1" 200 2424
"GET /api/proof_list/ HTTP/1.1" 200 2424
"GET /api/proof_list/ HTTP/1.1" 200 2424
"GET /api/proof_list/ HTTP/1.1" 200 2424
"GET /api/proof_list/ HTTP/1.1" 200 2424
"GET /api/proof_list/ HTTP/1.1" 200 2424
"GET /api/proof_list/ HTTP/1.1" 200 2424
"GET /api/proof_list/ HTTP/1.1" 200 2424
"GET /api/proof_list/ HTTP/1.1" 200 2424
"GET /api/proof_list/ HTTP/1.1" 200 2424
"GET /api/proof_list/ HTTP/1.1" 200 2424
"GET /api/proof_list/ HTTP/1.1" 200 2424
"GET /api/proof_list/ HTTP/1.1" 200 2424
"GET /api/proof_list/ HTTP/1.1" 200 2424
"GET /api/proof_list/ HTTP/1.1" 200 2424
"GET /api/proof_list/ HTTP/1.1" 200 2424
"GET /api/proof_list/ HTTP/1.1" 200 2424
"GET /api/proof_list/ HTTP/1.1" 200 2424
"GET /api/proof_list/ HTTP/1.1" 200 2424
"GET /api/proof_list/ HTTP/1.1" 200 2424
"GET /api/proof_list/ HTTP/1.1" 200 2424
"GET /api/proof_list/ HTTP/1.1" 200 2424
"GET /api/proof_list/ HTTP/1.1" 200 2424
"GET /api/proof_list/ HTTP/1.1" 200 2424
"GET /api/proof_list/ HTTP/1.1" 200 2424
"GET /api/proof_list/ HTTP/1.1" 200 2424
"GET /api/proof_list/ HTTP/1.1" 200 2424
"GET /api/proof_list/ HTTP/1.1" 200 2424
"GET /api/proof_list/ HTTP/1.1" 200 2424
"GET /api/proof_list/ HTTP/1.1" 200 2424
"GET /api/proof_list/ HTTP/1.1" 200 2424
"GET /api/proof_list/ HTTP/1.1" 200 2424
"GET /api/proof_list/ HTTP/1.1" 200 2424
"GET /api/proof_list/ HTTP/1.1" 200 2424
"GET /api/proof_list/ HTTP/1.1" 200 2424
"GET /api/proof_list/ HTTP/1.1" 200 2424
"GET /api/proof_list/ HTTP/1.1" 200 2424
"GET /api/proof_list/ HTTP/1.1" 200 2424
"GET /api/proof_list/ HTTP/1.1" 200 2424
"GET /api/proof_list/ HTTP/1.1" 200 2424
"GET /api/proof_list/ HTTP/1.1" 200 2424
"GET /api/proof_list/ HTTP/1.1" 200 2424
"GET /api/proof_list/ HTTP/1.1" 200 2424
"GET /api/proof_list/ HTTP/1.1" 200 2424
"GET /api/proof_list/ HTTP/1.1" 200 2424
"GET /api/proof_list/ HTTP/1.1" 200 2424
"GET /api/proof_list/ HTTP/1.1" 200 2424
"GET /api/proof_list/ HTTP/1.1" 200 2424
"GET /api/proof_list/ HTTP/1.1" 200 2424
"GET /api/proof_list/ HTTP/1.1" 200 2424
"GET /api/proof_list/ HTTP/1.1" 200 2424
"GET /api/proof_list/ HTTP/1.1" 200 2424
"GET /api/proof_list/ HTTP/1.1" 200 2424
"GET /api/proof_list/ HTTP/1.1" 200 2424
"GET /api/proof_list/ HTTP/1.1" 200 2424
"GET /api/proof_list/ HTTP/1.1" 200 2424
"GET /api/proof_list/ HTTP/1.1" 200 2424
"GET /api/proof_list/ HTTP/1.1" 200 2424
"GET /api/proof_list/ HTTP/1.1" 200 2424
"GET /api/proof_list/ HTTP/1.1" 200 2424
"GET /api/proof_list/ HTTP/1.1" 200 2424
"GET /api/proof_list/ HTTP/1.1" 200 2424
"GET /api/proof_list/ HTTP/1.1" 200 2424
"GET /api/proof_list/ HTTP/1.1" 200 2424
"GET /api/proof_list/ HTTP/1.1" 200 2424
"GET /api/proof_list/ HTTP/1.1" 200 2424
"GET /api/proof_list/ HTTP/1.1" 200 2424
"GET /api/proof_list/ HTTP/1.1" 200 2424
"GET /api/proof_list/ HTTP/1.1" 200 2424
"GET /api/proof_list/ HTTP/1.1" 200 2424
"GET /api/proof_list/ HTTP/1.1" 200 2424
"GET /api/proof_list/ HTTP/1.1" 200 2424
"GET /api/proof_list/ HTTP/1.1" 200 2424
"GET /api/proof_list/ HTTP/1.1" 200 2424
"GET /api/proof_list/ HTTP/1.1" 200 2424
"GET /api/proof_list/ HTTP/1.1" 200 2424
"GET /api/proof_list/ HTTP/1.1" 200 2424
"GET /api/proof_list/ HTTP/1.1" 200 2424
"GET /api/proof_list/ HTTP/1.1" 200 2424
"GET /api/proof_list/ HTTP/1.1" 200 2424
"GET /api/proof_list/ HTTP/1.1" 200 2424
"GET /api/proof_list/ HTTP/1.1" 200 2424
"GET /api/proof_list/ HTTP/1.1" 200 2424
"GET /api/proof_list/ HTTP/1.1" 200 2424
"GET /api/proof_list/ HTTP/1.1" 200 2424
"GET /api/proof_list/ HTTP/1.1" 200 2424
"GET /api/proof_list/ HTTP/1.1" 200 2424
"GET /api/proof_list/ HTTP/1.1" 200 2424
"GET /api/proof_list/ HTTP/1.1" 200 2424
"GET /api/proof_list/ HTTP/1.1" 200 2424
"GET /api/proof_list/ HTTP/1.1" 200 2424
"GET /api/proof_list/ HTTP/1.1" 200 2424
"GET /api/proof_list/ HTTP/1.1" 200 2424
"GET /api/proof_list/ HTTP/1.1" 200 2424
"GET /api/proof_list/ HTTP/1.1" 200 2424
"GET /api/proof_list/ HTTP/1.1" 200 2424
"GET /api/proof_list/ HTTP/1.1" 200 2424
"GET /api/proof_list/ HTTP/1.1" 200 2424
"GET /api/proof_list/ HTTP/1.1" 200 2424
"GET /api/proof_list/ HTTP/1.1" 200 2424
"GET /api/proof_list/ HTTP/1.1" 200 2424
"GET /api/proof_list/ HTTP/1.1" 200 2424
"GET /api/proof_list/ HTTP/1.1" 200 2424
"GET /api/proof_list/ HTTP/1.1" 200 2424
"GET /api/proof_list/ HTTP/1.1" 200 2424
"GET /api/proof_list/ HTTP/1.1" 200 2424
"GET /api/proof_list/ HTTP/1.1" 200 2424
"GET /api/proof_list/ HTTP/1.1" 200 2424
"GET /api/proof_list/ HTTP/1.1" 200 2424
"GET /api/proof_list/ HTTP/1.1" 200 2424
"GET /api/proof_list/ HTTP/1.1" 200 2424
"GET /api/proof_list/ HTTP/1.1" 200 2424
"GET /api/proof_list/ HTTP/1.1" 200 2424
"GET /api/proof_list/ HTTP/1.1" 200 2424
"GET /api/proof_list/ HTTP/1.1" 200 2424
"GET /api/proof_list/ HTTP/1.1" 200 2424
"GET /api/proof_list/ HTTP/1.1" 200 2424
"GET /api/proof_list/ HTTP/1.1" 200 2424
"GET /api/proof_list/ HTTP/1.1" 200 2424
"GET /api/proof_list/ HTTP/1.1" 200 2424
"GET /api/proof_list/ HTTP/1.1" 200 2424
"GET /api/proof_list/ HTTP/1.1" 200 2424
"GET /api/proof_list/ HTTP/1.1" 200 2424
"GET /api/proof_list/ HTTP/1.1" 200 2424
"GET /api/proof_list/ HTTP/1.1" 200 2424
"GET /api/proof_list/ HTTP/1.1" 200 2424
"GET /api/proof_list/ HTTP/1.1" 200 2424
"GET /api/proof_list/ HTTP/1.1" 200 2424
"GET /api/proof_list/ HTTP/1.1" 200 2424
"GET /api/proof_list/ HTTP/1.1" 200 2424
"GET /api/proof_list/ HTTP/1.1" 200 2424
"GET /api/proof_list/ HTTP/1.1" 200 2424
"GET /api/proof_list/ HTTP/1.1" 200 2424
"GET /api/proof_list/ HTTP/1.1" 200 2424
"GET /api/proof_list/ HTTP/1.1" 200 2424
"GET /api/proof_list/ HTTP/1.1" 200 2424
"GET /api/proof_list/ HTTP/1.1" 200 2424
"GET /api/proof_list/ HTTP/1.1" 200 2424
"GET /api/proof_list/ HTTP/1.1" 200 2424
"GET /api/proof_list/ HTTP/1.1" 200 2424
"GET /api/proof_list/ HTTP/1.1" 200 2424
"GET /api/proof_list/ HTTP/1.1" 200 2424
"GET /api/proof_list/ HTTP/1.1" 200 2424
"GET /api/proof_list/ HTTP/1.1" 200 2424
"GET /api/proof_list/ HTTP/1.1" 200 2424
"GET /api/proof_list/ HTTP/1.1" 200 2424
"GET /api/proof_list/ HTTP/1.1" 200 2424
"GET /api/proof_list/ HTTP/1.1" 200 2424
"GET /api/proof_list/ HTTP/1.1" 200 2424
"GET /api/proof_list/ HTTP/1.1" 200 2424
"GET /api/proof_list/ HTTP/1.1" 200 2424
C:\Users\Atong Abraham\Desktop\projects\bior\Bil_backend\api\utils.py changed, reloading.
Watching for file changes with StatReloader
"GET /api/proof_list/ HTTP/1.1" 200 2424
"GET /api/proof_list/ HTTP/1.1" 200 2424
"GET /api/proof_list/ HTTP/1.1" 200 2424
"GET /api/proof_list/ HTTP/1.1" 200 2424
"GET /api/proof_list/ HTTP/1.1" 200 2424
"GET /api/proof_list/ HTTP/1.1" 200 2424
"GET /api/proof_list/ HTTP/1.1" 200 2424
"GET /api/proof_list/ HTTP/1.1" 200 2424
"GET /api/proof_list/ HTTP/1.1" 200 2424
"GET /api/proof_list/ HTTP/1.1" 200 2424
"GET /api/proof_list/ HTTP/1.1" 200 2424
"GET /api/proof_list/ HTTP/1.1" 200 2424
"GET /api/proof_list/ HTTP/1.1" 200 2424
"GET /api/proof_list/ HTTP/1.1" 200 2424
"GET /api/proof_list/ HTTP/1.1" 200 2424
"GET /api/proof_list/ HTTP/1.1" 200 2424
"GET /api/proof_list/ HTTP/1.1" 200 2424
"GET /api/proof_list/ HTTP/1.1" 200 2424
"GET /api/proof_list/ HTTP/1.1" 200 2424
"GET /api/proof_list/ HTTP/1.1" 200 2424
"GET /api/proof_list/ HTTP/1.1" 200 2424
"GET /api/proof_list/ HTTP/1.1" 200 2424
"GET /api/proof_list/ HTTP/1.1" 200 2424
"GET /api/proof_list/ HTTP/1.1" 200 2424
"GET /api/proof_list/ HTTP/1.1" 200 2424
"GET /api/proof_list/ HTTP/1.1" 200 2424
"GET /api/proof_list/ HTTP/1.1" 200 2424
"GET /api/proof_list/ HTTP/1.1" 200 2424
"GET /api/proof_list/ HTTP/1.1" 200 2424
"GET /api/proof_list/ HTTP/1.1" 200 2424
"GET /api/proof_list/ HTTP/1.1" 200 2424
"GET /api/proof_list/ HTTP/1.1" 200 2424
"GET /api/proof_list/ HTTP/1.1" 200 2424
"GET /api/proof_list/ HTTP/1.1" 200 2424
"GET /api/proof_list/ HTTP/1.1" 200 2424
"GET /api/proof_list/ HTTP/1.1" 200 2424
"GET /api/proof_list/ HTTP/1.1" 200 2424
"GET /api/proof_list/ HTTP/1.1" 200 2424
"GET /api/proof_list/ HTTP/1.1" 200 2424
"GET /api/proof_list/ HTTP/1.1" 200 2424
"GET /api/proof_list/ HTTP/1.1" 200 2424
"GET /api/proof_list/ HTTP/1.1" 200 2424
"GET /api/proof_list/ HTTP/1.1" 200 2424
"GET /api/proof_list/ HTTP/1.1" 200 2424
"GET /api/proof_list/ HTTP/1.1" 200 2424
"GET /api/proof_list/ HTTP/1.1" 200 2424
"GET /api/proof_list/ HTTP/1.1" 200 2424
"GET /api/proof_list/ HTTP/1.1" 200 2424
"GET /api/proof_list/ HTTP/1.1" 200 2424
"GET /api/proof_list/ HTTP/1.1" 200 2424
"GET /api/proof_list/ HTTP/1.1" 200 2424
"GET /api/proof_list/ HTTP/1.1" 200 2424
"GET /api/proof_list/ HTTP/1.1" 200 2424
"GET /api/proof_list/ HTTP/1.1" 200 2424
"GET /api/proof_list/ HTTP/1.1" 200 2424
"GET /api/proof_list/ HTTP/1.1" 200 2424
"GET /api/proof_list/ HTTP/1.1" 200 2424
"GET /api/proof_list/ HTTP/1.1" 200 2424
"GET /api/proof_list/ HTTP/1.1" 200 2424
"GET /api/proof_list/ HTTP/1.1" 200 2424
"GET /api/proof_list/ HTTP/1.1" 200 2424
"GET /api/proof_list/ HTTP/1.1" 200 2424
"GET /api/proof_list/ HTTP/1.1" 200 2424
"GET /api/proof_list/ HTTP/1.1" 200 2424
"GET /api/proof_list/ HTTP/1.1" 200 2424
"GET /api/proof_list/ HTTP/1.1" 200 2424
"GET /api/proof_list/ HTTP/1.1" 200 2424
"GET /api/proof_list/ HTTP/1.1" 200 2424
"GET /api/proof_list/ HTTP/1.1" 200 2424
"GET /api/proof_list/ HTTP/1.1" 200 2424
"GET /api/proof_list/ HTTP/1.1" 200 2424
"GET /api/proof_list/ HTTP/1.1" 200 2424
"GET /api/proof_list/ HTTP/1.1" 200 2424
"GET /api/proof_list/ HTTP/1.1" 200 2424
"GET /api/proof_list/ HTTP/1.1" 200 2424
"GET /api/proof_list/ HTTP/1.1" 200 2424
"GET /api/proof_list/ HTTP/1.1" 200 2424
"GET /api/proof_list/ HTTP/1.1" 200 2424
"GET /api/proof_list/ HTTP/1.1" 200 2424
"GET /api/proof_list/ HTTP/1.1" 200 2424
"GET /api/proof_list/ HTTP/1.1" 200 2424
"GET /api/proof_list/ HTTP/1.1" 200 2424
"GET /api/proof_list/ HTTP/1.1" 200 2424
"GET /api/proof_list/ HTTP/1.1" 200 2424
"GET /api/proof_list/ HTTP/1.1" 200 2424
"GET /api/proof_list/ HTTP/1.1" 200 2424
"GET /api/proof_list/ HTTP/1.1" 200 2424
"GET /api/proof_list/ HTTP/1.1" 200 2424
"GET /api/proof_list/ HTTP/1.1" 200 2424
"GET /api/proof_list/ HTTP/1.1" 200 2424
"GET /api/proof_list/ HTTP/1.1" 200 2424
"GET /api/proof_list/ HTTP/1.1" 200 2424
"GET /api/proof_list/ HTTP/1.1" 200 2424
"GET /api/proof_list/ HTTP/1.1" 200 2424
"GET /api/proof_list/ HTTP/1.1" 200 2424
"GET /api/proof_list/ HTTP/1.1" 200 2424
"GET /api/proof_list/ HTTP/1.1" 200 2424
"GET /api/proof_list/ HTTP/1.1" 200 2424
"GET /api/proof_list/ HTTP/1.1" 200 2424
"GET /api/proof_list/ HTTP/1.1" 200 2424
"GET /api/proof_list/ HTTP/1.1" 200 2424
"GET /api/proof_list/ HTTP/1.1" 200 2424
"GET /api/proof_list/ HTTP/1.1" 200 2424
"GET /api/proof_list/ HTTP/1.1" 200 2424
"GET /api/proof_list/ HTTP/1.1" 200 2424
"GET /api/proof_list/ HTTP/1.1" 200 2424
"GET /api/proof_list/ HTTP/1.1" 200 2424
"GET /api/proof_list/ HTTP/1.1" 200 2424
"GET /api/proof_list/ HTTP/1.1" 200 2424
"GET /api/proof_list/ HTTP/1.1" 200 2424
"GET /api/proof_list/ HTTP/1.1" 200 2424
"GET /api/proof_list/ HTTP/1.1" 200 2424
"GET /api/proof_list/ HTTP/1.1" 200 2424
"GET /api/proof_list/ HTTP/1.1" 200 2424
"GET /api/proof_list/ HTTP/1.1" 200 2424
"GET /api/proof_list/ HTTP/1.1" 200 2424
"GET /api/proof_list/ HTTP/1.1" 200 2424
"GET /api/proof_list/ HTTP/1.1" 200 2424
"GET /api/proof_list/ HTTP/1.1" 200 2424
"GET /api/proof_list/ HTTP/1.1" 200 2424
"GET /api/proof_list/ HTTP/1.1" 200 2424
"GET /api/proof_list/ HTTP/1.1" 200 2424
"GET /api/proof_list/ HTTP/1.1" 200 2424
"GET /api/proof_list/ HTTP/1.1" 200 2424
"GET /api/proof_list/ HTTP/1.1" 200 2424
"GET /api/proof_list/ HTTP/1.1" 200 2424
"GET /api/proof_list/ HTTP/1.1" 200 2424
"GET /api/proof_list/ HTTP/1.1" 200 2424
"GET /api/proof_list/ HTTP/1.1" 200 2424
"GET /api/proof_list/ HTTP/1.1" 200 2424
"GET /api/proof_list/ HTTP/1.1" 200 2424
"GET /api/proof_list/ HTTP/1.1" 200 2424
"GET /api/proof_list/ HTTP/1.1" 200 2424
"GET /api/proof_list/ HTTP/1.1" 200 2424
"GET /api/proof_list/ HTTP/1.1" 200 2424
"GET /api/proof_list/ HTTP/1.1" 200 2424
"GET /api/proof_list/ HTTP/1.1" 200 2424
"GET /api/proof_list/ HTTP/1.1" 200 2424
"GET /api/proof_list/ HTTP/1.1" 200 2424
"GET /api/proof_list/ HTTP/1.1" 200 2424
"GET /api/proof_list/ HTTP/1.1" 200 2424
"GET /api/proof_list/ HTTP/1.1" 200 2424
"GET /api/proof_list/ HTTP/1.1" 200 2424
"GET /api/proof_list/ HTTP/1.1" 200 2424
"GET /api/proof_list/ HTTP/1.1" 200 2424
"GET /api/proof_list/ HTTP/1.1" 200 2424
"GET /api/proof_list/ HTTP/1.1" 200 2424
"GET /api/proof_list/ HTTP/1.1" 200 2424
"GET /api/proof_list/ HTTP/1.1" 200 2424
"GET /api/proof_list/ HTTP/1.1" 200 2424
"GET /api/proof_list/ HTTP/1.1" 200 2424
"GET /api/proof_list/ HTTP/1.1" 200 2424
"GET /api/proof_list/ HTTP/1.1" 200 2424
"GET /api/proof_list/ HTTP/1.1" 200 2424
"GET /api/proof_list/ HTTP/1.1" 200 2424
"GET /api/proof_list/ HTTP/1.1" 200 2424
"GET /api/proof_list/ HTTP/1.1" 200 2424
"GET /api/proof_list/ HTTP/1.1" 200 2424
"GET /api/proof_list/ HTTP/1.1" 200 2424
"GET /api/proof_list/ HTTP/1.1" 200 2424
"GET /api/proof_list/ HTTP/1.1" 200 2424
"GET /api/proof_list/ HTTP/1.1" 200 2424
"GET /api/proof_list/ HTTP/1.1" 200 2424
"GET /api/proof_list/ HTTP/1.1" 200 2424
"GET /api/proof_list/ HTTP/1.1" 200 2424
"GET /api/proof_list/ HTTP/1.1" 200 2424
"GET /api/proof_list/ HTTP/1.1" 200 2424
"GET /api/proof_list/ HTTP/1.1" 200 2424
"GET /api/proof_list/ HTTP/1.1" 200 2424
"GET /api/proof_list/ HTTP/1.1" 200 2424
"GET /api/proof_list/ HTTP/1.1" 200 2424
"GET /api/proof_list/ HTTP/1.1" 200 2424
"GET /api/proof_list/ HTTP/1.1" 200 2424
"GET /api/proof_list/ HTTP/1.1" 200 2424
"GET /api/proof_list/ HTTP/1.1" 200 2424
"GET /api/proof_list/ HTTP/1.1" 200 2424
"GET /api/proof_list/ HTTP/1.1" 200 2424
"GET /api/proof_list/ HTTP/1.1" 200 2424
"GET /api/proof_list/ HTTP/1.1" 200 2424
"GET /api/proof_list/ HTTP/1.1" 200 2424
"GET /api/proof_list/ HTTP/1.1" 200 2424
"GET /api/proof_list/ HTTP/1.1" 200 2424
"GET /api/proof_list/ HTTP/1.1" 200 2424
"GET /api/proof_list/ HTTP/1.1" 200 2424
"GET /api/proof_list/ HTTP/1.1" 200 2424
"GET /api/proof_list/ HTTP/1.1" 200 2424
"GET /api/proof_list/ HTTP/1.1" 200 2424
"GET /api/proof_list/ HTTP/1.1" 200 2424
"GET /api/proof_list/ HTTP/1.1" 200 2424
"GET /api/proof_list/ HTTP/1.1" 200 2424
"GET /api/proof_list/ HTTP/1.1" 200 2424
"GET /api/proof_list/ HTTP/1.1" 200 2424
"GET /api/proof_list/ HTTP/1.1" 200 2424
"GET /api/proof_list/ HTTP/1.1" 200 2424
"GET /api/proof_list/ HTTP/1.1" 200 2424
"GET /api/proof_list/ HTTP/1.1" 200 2424
"GET /api/proof_list/ HTTP/1.1" 200 2424
"GET /api/proof_list/ HTTP/1.1" 200 2424
"GET /api/proof_list/ HTTP/1.1" 200 2424
"GET /api/proof_list/ HTTP/1.1" 200 2424
"GET /api/proof_list/ HTTP/1.1" 200 2424
"GET /api/proof_list/ HTTP/1.1" 200 2424
"GET /api/proof_list/ HTTP/1.1" 200 2424
"GET /api/proof_list/ HTTP/1.1" 200 2424
"GET /api/proof_list/ HTTP/1.1" 200 2424
"GET /api/proof_list/ HTTP/1.1" 200 2424
"GET /api/proof_list/ HTTP/1.1" 200 2424
"GET /api/proof_list/ HTTP/1.1" 200 2424
"GET /api/proof_list/ HTTP/1.1" 200 2424
"GET /api/proof_list/ HTTP/1.1" 200 2424
"GET /api/proof_list/ HTTP/1.1" 200 2424
"GET /api/proof_list/ HTTP/1.1" 200 2424
"GET /api/proof_list/ HTTP/1.1" 200 2424
"GET /api/proof_list/ HTTP/1.1" 200 2424
"GET /api/proof_list/ HTTP/1.1" 200 2424
"GET /api/proof_list/ HTTP/1.1" 200 2424
"GET /api/proof_list/ HTTP/1.1" 200 2424
"GET /api/proof_list/ HTTP/1.1" 200 2424
"GET /api/proof_list/ HTTP/1.1" 200 2424
"GET /api/proof_list/ HTTP/1.1" 200 2424
"GET /api/proof_list/ HTTP/1.1" 200 2424
"GET /api/proof_list/ HTTP/1.1" 200 2424
"GET /api/proof_list/ HTTP/1.1" 200 2424
"GET /api/proof_list/ HTTP/1.1" 200 2424
"GET /api/proof_list/ HTTP/1.1" 200 2424
"GET /api/proof_list/ HTTP/1.1" 200 2424
"GET /api/proof_list/ HTTP/1.1" 200 2424
Watching for file changes with StatReloader
C:\Users\Atong Abraham\Desktop\projects\bior\Bil_backend\api\utils.py changed, reloading.
Watching for file changes with StatReloader
"GET / HTTP/1.1" 302 0
"GET /dashboard/login/?next=/ HTTP/1.1" 200 3348
"GET /static/dashboard/css/login.css HTTP/1.1" 200 13475
Not Found: /favicon.ico
"GET /favicon.ico HTTP/1.1" 404 18718
"POST /dashboard/login/?next=/ HTTP/1.1" 200 3635
"POST /dashboard/login/?next=/ HTTP/1.1" 200 3635
"POST /dashboard/login/?next=/ HTTP/1.1" 302 0
"GET /dashboard/ HTTP/1.1" 200 40267
"GET /static/css/enhanced-styles.css HTTP/1.1" 404 1883
"GET /static/dashboard/css/base.css HTTP/1.1" 200 17289
"GET /static/dashboard/css/admin_dashboard.css HTTP/1.1" 200 6934
"GET /dashboard/analytics/ HTTP/1.1" 200 46434
"GET /static/css/enhanced-styles.css HTTP/1.1" 404 1883
"GET /static/dashboard/css/analystics.css HTTP/1.1" 200 7933
"GET /dashboard/proofs/ HTTP/1.1" 200 35401
"GET /static/dashboard/css/proofs.css HTTP/1.1" 200 3863
"GET /static/css/enhanced-styles.css HTTP/1.1" 404 1883
"GET /media/proof-images/IMG_20251007_092118_ugIf5BA.jpg HTTP/1.1" 200 144481
"GET /media/proof-images/IMG_20251007_092118_KmpJoyt.jpg HTTP/1.1" 200 144481
"GET /media/proof-images/IMG_20251007_092118_607rZfd.jpg HTTP/1.1" 200 144481
"GET /media/proof-images/IMG_20251007_092118_mIQRGKj.jpg HTTP/1.1" 200 144481
"GET /media/proof-images/IMG_20251007_092118_33LBPdE.jpg HTTP/1.1" 200 144481
"GET /dashboard/transactions/ HTTP/1.1" 200 36740
"GET /static/dashboard/css/transactions.css HTTP/1.1" 200 6656
"GET /static/css/enhanced-styles.css HTTP/1.1" 404 1883
"GET /dashboard/proofs/ HTTP/1.1" 200 35401
"GET /static/css/enhanced-styles.css HTTP/1.1" 404 1883
"GET /dashboard/proofs/ HTTP/1.1" 200 35100
"GET /static/css/enhanced-styles.css HTTP/1.1" 404 1883
"GET /dashboard/transactions/ HTTP/1.1" 200 36740
"GET /static/css/enhanced-styles.css HTTP/1.1" 404 1883
"GET /dashboard/announcements/ HTTP/1.1" 200 22461
"GET /static/css/enhanced-styles.css HTTP/1.1" 404 1883
"GET /dashboard/admin/system-status/ HTTP/1.1" 200 22357
"GET /static/css/enhanced-styles.css HTTP/1.1" 404 1883
"GET /api/announcements HTTP/1.1" 301 0
Unauthorized: /api/proof_list/
Unauthorized: /api/announcements/
Unauthorized: /api/proof_list/
"GET /api/proof_list/ HTTP/1.1" 401 172
"GET /api/announcements/ HTTP/1.1" 401 172
"GET /api/proof_list/ HTTP/1.1" 401 172
Unauthorized: /api/proof_list/
"GET /api/proof_list/ HTTP/1.1" 401 172
Unauthorized: /api/proof_list/
"GET /api/proof_list/ HTTP/1.1" 401 172
Unauthorized: /api/proof_list/
"GET /api/proof_list/ HTTP/1.1" 401 172
Unauthorized: /api/proof_list/
"GET /api/proof_list/ HTTP/1.1" 401 172
Unauthorized: /api/proof_list/
"GET /api/proof_list/ HTTP/1.1" 401 172
Unauthorized: /api/proof_list/
"GET /api/proof_list/ HTTP/1.1" 401 172
Unauthorized: /api/proof_list/
"GET /api/proof_list/ HTTP/1.1" 401 172
Unauthorized: /api/proof_list/
"GET /api/proof_list/ HTTP/1.1" 401 172
Unauthorized: /api/proof_list/
"GET /api/proof_list/ HTTP/1.1" 401 172
Unauthorized: /api/proof_list/
"GET /api/proof_list/ HTTP/1.1" 401 172
Unauthorized: /api/proof_list/
"GET /api/proof_list/ HTTP/1.1" 401 172
Unauthorized: /api/proof_list/
"GET /api/proof_list/ HTTP/1.1" 401 172
Unauthorized: /api/proof_list/
"GET /api/proof_list/ HTTP/1.1" 401 172
Unauthorized: /api/proof_list/
"GET /api/proof_list/ HTTP/1.1" 401 172
Unauthorized: /api/proof_list/
"GET /api/proof_list/ HTTP/1.1" 401 172
Unauthorized: /api/proof_list/
"GET /api/proof_list/ HTTP/1.1" 401 172
Unauthorized: /api/proof_list/
"GET /api/proof_list/ HTTP/1.1" 401 172
Unauthorized: /api/proof_list/
"GET /api/proof_list/ HTTP/1.1" 401 172
Unauthorized: /api/proof_list/
"GET /api/proof_list/ HTTP/1.1" 401 172
Unauthorized: /api/proof_list/
"GET /api/proof_list/ HTTP/1.1" 401 172
Unauthorized: /api/proof_list/
"GET /api/proof_list/ HTTP/1.1" 401 172
Unauthorized: /api/proof_list/
"GET /api/proof_list/ HTTP/1.1" 401 172
Unauthorized: /api/proof_list/
"GET /api/proof_list/ HTTP/1.1" 401 172
Unauthorized: /api/proof_list/
"GET /api/proof_list/ HTTP/1.1" 401 172
Unauthorized: /api/proof_list/
"GET /api/proof_list/ HTTP/1.1" 401 172
Unauthorized: /api/proof_list/
"GET /api/proof_list/ HTTP/1.1" 401 172
Unauthorized: /api/proof_list/
"GET /api/proof_list/ HTTP/1.1" 401 172
Unauthorized: /api/proof_list/
"GET /api/proof_list/ HTTP/1.1" 401 172
Unauthorized: /api/proof_list/
"GET /api/proof_list/ HTTP/1.1" 401 172
Unauthorized: /api/proof_list/
"GET /api/proof_list/ HTTP/1.1" 401 172
Unauthorized: /api/proof_list/
"GET /api/proof_list/ HTTP/1.1" 401 172
"POST /api/auth/login/ HTTP/1.1" 200 737
"GET /api/proof_list/ HTTP/1.1" 200 2424
"GET /api/announcements HTTP/1.1" 301 0
"GET /api/announcements/ HTTP/1.1" 200 385
"GET /media/announcements/IMG_20251007_092118_As8bcoG.jpg HTTP/1.1" 200 144481
"GET /api/proof_list/ HTTP/1.1" 200 2424
"GET /api/proof_list/ HTTP/1.1" 200 2424
"GET /api/proof_list/ HTTP/1.1" 200 2424
"GET /api/proof_list/ HTTP/1.1" 200 2424
"GET /api/proof_list/ HTTP/1.1" 200 2424
"GET /media/profile_images/profile_1765018760994.jpg HTTP/1.1" 200 144481
"GET /api/proof_list/ HTTP/1.1" 200 2424
"GET /api/proof_list/ HTTP/1.1" 200 2424
"GET /api/proof_list/ HTTP/1.1" 200 2424
"GET /api/proof_list/ HTTP/1.1" 200 2424
"GET /api/transactions/?page=1&page_size=5 HTTP/1.1" 200 3333
"GET /api/company_info HTTP/1.1" 301 0
"GET /api/company_info/ HTTP/1.1" 200 798
"GET /media/company-images/logo_VLtFmIn.jpg HTTP/1.1" 200 105430
"GET /api/proof_list/ HTTP/1.1" 200 2424
"GET /api/proof_list/ HTTP/1.1" 200 2424
"GET /api/proof_list/ HTTP/1.1" 200 2424
"GET /api/agents HTTP/1.1" 301 0
"GET /api/agents/ HTTP/1.1" 200 241
"GET /media/agent-logos/B.png HTTP/1.1" 200 20020
"GET /api/proof_list/ HTTP/1.1" 200 2424
"GET /api/proof_list/ HTTP/1.1" 200 2424
"GET /api/proof_list/ HTTP/1.1" 200 2424
"GET /api/proof_list/ HTTP/1.1" 200 2424
"GET /api/upload_proof_steps/ HTTP/1.1" 200 952
"GET /api/proof_list/ HTTP/1.1" 200 2424
"GET /api/proof_list/ HTTP/1.1" 200 2424
"GET /api/proof_list/ HTTP/1.1" 200 2424
"GET /api/proof_list/ HTTP/1.1" 200 2424
"GET /api/proof_list/ HTTP/1.1" 200 2424
"GET /api/proof_list/ HTTP/1.1" 200 2424
"GET /api/proof_list/ HTTP/1.1" 200 2424
"GET /api/proof_list/ HTTP/1.1" 200 2424
"GET /api/proof_list/ HTTP/1.1" 200 2424
"GET /api/proof_list/ HTTP/1.1" 200 2424
"GET /api/proof_list/ HTTP/1.1" 200 2424
"GET /api/proof_list/ HTTP/1.1" 200 2424
"GET /api/proof_list/ HTTP/1.1" 200 2424
"GET /api/proof_list/ HTTP/1.1" 200 2424
"GET /api/proof_list/ HTTP/1.1" 200 2424
"GET /api/proof_list/ HTTP/1.1" 200 2424
"GET /api/proof_list/ HTTP/1.1" 200 2424
"GET /api/proof_list/ HTTP/1.1" 200 2424
"GET /api/proof_list/ HTTP/1.1" 200 2424
"PUT /api/users/19/update/ HTTP/1.1" 200 259
"GET /api/proof_list/ HTTP/1.1" 200 2424
"GET /api/proof_list/ HTTP/1.1" 200 2424
"GET /media/announcements/IMG_20251007_092118_As8bcoG.jpg HTTP/1.1" 200 144481
"GET /api/proof_list/ HTTP/1.1" 200 2424
"GET /api/proof_list/ HTTP/1.1" 200 2424
"GET /api/proof_list/ HTTP/1.1" 200 2424
"GET /api/proof_list/ HTTP/1.1" 200 2424
"GET /api/proof_list/ HTTP/1.1" 200 2424
"GET /api/proof_list/ HTTP/1.1" 200 2424
"GET /api/proof_list/ HTTP/1.1" 200 2424
"GET /api/proof_list/ HTTP/1.1" 200 2424
"GET /api/proof_list/ HTTP/1.1" 200 2424
"GET /api/proof_list/ HTTP/1.1" 200 2424
"GET /api/proof_list/ HTTP/1.1" 200 2424
"GET /api/proof_list/ HTTP/1.1" 200 2424
"GET /api/proof_list/ HTTP/1.1" 200 2424
"GET /api/proof_list/ HTTP/1.1" 200 2424
"GET /api/proof_list/ HTTP/1.1" 200 2424
"GET /api/proof_list/ HTTP/1.1" 200 2424
"GET /api/proof_list/ HTTP/1.1" 200 2424
"GET /api/proof_list/ HTTP/1.1" 200 2424
"GET /api/proof_list/ HTTP/1.1" 200 2424
"GET /api/proof_list/ HTTP/1.1" 200 2424
"GET /api/proof_list/ HTTP/1.1" 200 2424
"GET /api/proof_list/ HTTP/1.1" 200 2424
"GET /api/proof_list/ HTTP/1.1" 200 2424
"GET /api/proof_list/ HTTP/1.1" 200 2424
"GET /api/proof_list/ HTTP/1.1" 200 2424
"GET /api/proof_list/ HTTP/1.1" 200 2424
"GET /api/proof_list/ HTTP/1.1" 200 2424
"GET /api/proof_list/ HTTP/1.1" 200 2424
"GET /api/proof_list/ HTTP/1.1" 200 2424
"GET /api/proof_list/ HTTP/1.1" 200 2424
"GET /api/proof_list/ HTTP/1.1" 200 2424
"GET /api/proof_list/ HTTP/1.1" 200 2424
"GET /api/proof_list/ HTTP/1.1" 200 2424
"GET /api/proof_list/ HTTP/1.1" 200 2424
"GET /api/proof_list/ HTTP/1.1" 200 2424
"GET /api/proof_list/ HTTP/1.1" 200 2424
"GET /api/proof_list/ HTTP/1.1" 200 2424
"GET /api/proof_list/ HTTP/1.1" 200 2424
"GET /api/proof_list/ HTTP/1.1" 200 2424
"GET /api/proof_list/ HTTP/1.1" 200 2424
"GET /api/proof_list/ HTTP/1.1" 200 2424
"GET /api/proof_list/ HTTP/1.1" 200 2424
"GET /api/proof_list/ HTTP/1.1" 200 2424
"GET /api/proof_list/ HTTP/1.1" 200 2424
"GET /api/proof_list/ HTTP/1.1" 200 2424
"GET /api/proof_list/ HTTP/1.1" 200 2424
"GET /api/proof_list/ HTTP/1.1" 200 2424
"GET /api/proof_list/ HTTP/1.1" 200 2424
"GET /api/proof_list/ HTTP/1.1" 200 2424
"GET /api/proof_list/ HTTP/1.1" 200 2424
"GET /api/proof_list/ HTTP/1.1" 200 2424
"GET /api/proof_list/ HTTP/1.1" 200 2424
"GET /api/proof_list/ HTTP/1.1" 200 2424
"GET /api/proof_list/ HTTP/1.1" 200 2424
"GET /api/proof_list/ HTTP/1.1" 200 2424
"GET /api/proof_list/ HTTP/1.1" 200 2424
"GET /api/proof_list/ HTTP/1.1" 200 2424
"GET /api/proof_list/ HTTP/1.1" 200 2424
"GET /api/proof_list/ HTTP/1.1" 200 2424
"GET /api/proof_list/ HTTP/1.1" 200 2424
"GET /api/proof_list/ HTTP/1.1" 200 2424
"GET /api/proof_list/ HTTP/1.1" 200 2424
"GET /api/proof_list/ HTTP/1.1" 200 2424
"GET /api/proof_list/ HTTP/1.1" 200 2424
"GET /api/proof_list/ HTTP/1.1" 200 2424
"GET /api/proof_list/ HTTP/1.1" 200 2424
"GET /api/proof_list/ HTTP/1.1" 200 2424
"GET /api/proof_list/ HTTP/1.1" 200 2424
"GET /api/proof_list/ HTTP/1.1" 200 2424
"GET /api/proof_list/ HTTP/1.1" 200 2424
"GET /api/proof_list/ HTTP/1.1" 200 2424
"GET /api/proof_list/ HTTP/1.1" 200 2424
"GET /api/proof_list/ HTTP/1.1" 200 2424
"GET /api/proof_list/ HTTP/1.1" 200 2424
"GET /api/proof_list/ HTTP/1.1" 200 2424
"GET /api/proof_list/ HTTP/1.1" 200 2424
"GET /api/proof_list/ HTTP/1.1" 200 2424
"GET /api/proof_list/ HTTP/1.1" 200 2424
"GET /api/proof_list/ HTTP/1.1" 200 2424
"GET /api/proof_list/ HTTP/1.1" 200 2424
"GET /api/proof_list/ HTTP/1.1" 200 2424
"GET /api/proof_list/ HTTP/1.1" 200 2424
"GET /api/proof_list/ HTTP/1.1" 200 2424
"GET /api/proof_list/ HTTP/1.1" 200 2424
"GET /api/proof_list/ HTTP/1.1" 200 2424
"GET /api/proof_list/ HTTP/1.1" 200 2424
"GET /api/proof_list/ HTTP/1.1" 200 2424
"GET /api/proof_list/ HTTP/1.1" 200 2424
"GET /api/proof_list/ HTTP/1.1" 200 2424
"GET /api/proof_list/ HTTP/1.1" 200 2424
"GET /api/proof_list/ HTTP/1.1" 200 2424
"GET /api/proof_list/ HTTP/1.1" 200 2424
"GET /api/proof_list/ HTTP/1.1" 200 2424
"GET /api/proof_list/ HTTP/1.1" 200 2424
"GET /api/proof_list/ HTTP/1.1" 200 2424
"GET /api/proof_list/ HTTP/1.1" 200 2424
"GET /api/proof_list/ HTTP/1.1" 200 2424
"GET /api/proof_list/ HTTP/1.1" 200 2424
"GET /api/proof_list/ HTTP/1.1" 200 2424
"GET /api/proof_list/ HTTP/1.1" 200 2424
"GET /api/proof_list/ HTTP/1.1" 200 2424
"GET /api/proof_list/ HTTP/1.1" 200 2424
"GET /api/proof_list/ HTTP/1.1" 200 2424
"GET /api/proof_list/ HTTP/1.1" 200 2424
"GET /api/proof_list/ HTTP/1.1" 200 2424
"GET /api/proof_list/ HTTP/1.1" 200 2424
"GET /api/proof_list/ HTTP/1.1" 200 2424
"GET /api/proof_list/ HTTP/1.1" 200 2424
"GET /api/proof_list/ HTTP/1.1" 200 2424
"GET /api/proof_list/ HTTP/1.1" 200 2424
"GET /api/proof_list/ HTTP/1.1" 200 2424
"GET /api/proof_list/ HTTP/1.1" 200 2424
"GET /api/proof_list/ HTTP/1.1" 200 2424
"GET /api/proof_list/ HTTP/1.1" 200 2424
"GET /api/proof_list/ HTTP/1.1" 200 2424
"GET /api/proof_list/ HTTP/1.1" 200 2424
"GET /api/proof_list/ HTTP/1.1" 200 2424
"GET /api/proof_list/ HTTP/1.1" 200 2424
"GET /api/proof_list/ HTTP/1.1" 200 2424
"GET /api/proof_list/ HTTP/1.1" 200 2424
"GET /api/proof_list/ HTTP/1.1" 200 2424
"GET /api/proof_list/ HTTP/1.1" 200 2424
"GET /api/proof_list/ HTTP/1.1" 200 2424
"GET /api/proof_list/ HTTP/1.1" 200 2424
"GET /api/proof_list/ HTTP/1.1" 200 2424
"GET /api/proof_list/ HTTP/1.1" 200 2424
"GET /api/proof_list/ HTTP/1.1" 200 2424
"GET /api/proof_list/ HTTP/1.1" 200 2424
"GET /api/proof_list/ HTTP/1.1" 200 2424
"GET /api/proof_list/ HTTP/1.1" 200 2424
"GET /api/proof_list/ HTTP/1.1" 200 2424
"GET /api/proof_list/ HTTP/1.1" 200 2424
"GET /api/proof_list/ HTTP/1.1" 200 2424
"GET /api/proof_list/ HTTP/1.1" 200 2424
"GET /api/proof_list/ HTTP/1.1" 200 2424
"GET /api/proof_list/ HTTP/1.1" 200 2424
"GET /api/proof_list/ HTTP/1.1" 200 2424
"GET /api/proof_list/ HTTP/1.1" 200 2424
"GET /api/proof_list/ HTTP/1.1" 200 2424
"GET /api/proof_list/ HTTP/1.1" 200 2424
"GET /api/proof_list/ HTTP/1.1" 200 2424
"GET /api/proof_list/ HTTP/1.1" 200 2424
"GET /api/proof_list/ HTTP/1.1" 200 2424
"GET /api/proof_list/ HTTP/1.1" 200 2424
"GET /api/proof_list/ HTTP/1.1" 200 2424
"GET /api/proof_list/ HTTP/1.1" 200 2424
"GET /api/proof_list/ HTTP/1.1" 200 2424
"GET /api/proof_list/ HTTP/1.1" 200 2424
"GET /api/proof_list/ HTTP/1.1" 200 2424
"GET /api/proof_list/ HTTP/1.1" 200 2424
"GET /api/proof_list/ HTTP/1.1" 200 2424
"GET /api/proof_list/ HTTP/1.1" 200 2424
"GET /api/proof_list/ HTTP/1.1" 200 2424
"GET /api/proof_list/ HTTP/1.1" 200 2424
"GET /api/proof_list/ HTTP/1.1" 200 2424
"GET /api/proof_list/ HTTP/1.1" 200 2424
"GET /api/proof_list/ HTTP/1.1" 200 2424
"GET /api/proof_list/ HTTP/1.1" 200 2424
"GET /api/proof_list/ HTTP/1.1" 200 2424
"GET /api/proof_list/ HTTP/1.1" 200 2424
"GET /api/proof_list/ HTTP/1.1" 200 2424
"GET /api/proof_list/ HTTP/1.1" 200 2424
"GET /api/proof_list/ HTTP/1.1" 200 2424
"GET /api/proof_list/ HTTP/1.1" 200 2424
"GET /api/proof_list/ HTTP/1.1" 200 2424
"GET /api/proof_list/ HTTP/1.1" 200 2424
"GET /api/proof_list/ HTTP/1.1" 200 2424
"GET /api/proof_list/ HTTP/1.1" 200 2424
"GET /api/proof_list/ HTTP/1.1" 200 2424
"GET /api/proof_list/ HTTP/1.1" 200 2424
"GET /api/proof_list/ HTTP/1.1" 200 2424
"GET /api/proof_list/ HTTP/1.1" 200 2424
"GET /api/proof_list/ HTTP/1.1" 200 2424
"GET /api/proof_list/ HTTP/1.1" 200 2424
"GET /api/proof_list/ HTTP/1.1" 200 2424
"GET /api/proof_list/ HTTP/1.1" 200 2424
"GET /api/proof_list/ HTTP/1.1" 200 2424
"GET /api/proof_list/ HTTP/1.1" 200 2424
"GET /api/proof_list/ HTTP/1.1" 200 2424
"GET /api/proof_list/ HTTP/1.1" 200 2424
"GET /api/proof_list/ HTTP/1.1" 200 2424
"GET /api/proof_list/ HTTP/1.1" 200 2424
"GET /api/proof_list/ HTTP/1.1" 200 2424
"GET /api/proof_list/ HTTP/1.1" 200 2424
"GET /api/proof_list/ HTTP/1.1" 200 2424
"GET /api/proof_list/ HTTP/1.1" 200 2424
"GET /api/proof_list/ HTTP/1.1" 200 2424
"GET /api/proof_list/ HTTP/1.1" 200 2424
"GET /api/proof_list/ HTTP/1.1" 200 2424
"GET /api/proof_list/ HTTP/1.1" 200 2424
"GET /api/proof_list/ HTTP/1.1" 200 2424
"GET /api/proof_list/ HTTP/1.1" 200 2424
"GET /api/proof_list/ HTTP/1.1" 200 2424
"GET /api/proof_list/ HTTP/1.1" 200 2424
"GET /api/proof_list/ HTTP/1.1" 200 2424
"GET /api/proof_list/ HTTP/1.1" 200 2424
"GET /api/proof_list/ HTTP/1.1" 200 2424
"GET /api/proof_list/ HTTP/1.1" 200 2424
"GET /api/proof_list/ HTTP/1.1" 200 2424
"GET /api/proof_list/ HTTP/1.1" 200 2424
"GET /api/proof_list/ HTTP/1.1" 200 2424
"GET /api/proof_list/ HTTP/1.1" 200 2424
"GET /api/proof_list/ HTTP/1.1" 200 2424
"GET /api/proof_list/ HTTP/1.1" 200 2424
"GET /api/proof_list/ HTTP/1.1" 200 2424
"GET /api/proof_list/ HTTP/1.1" 200 2424
"GET /api/proof_list/ HTTP/1.1" 200 2424
"GET /api/proof_list/ HTTP/1.1" 200 2424
"GET /api/proof_list/ HTTP/1.1" 200 2424
"GET /api/proof_list/ HTTP/1.1" 200 2424
"GET /api/proof_list/ HTTP/1.1" 200 2424
"GET /api/proof_list/ HTTP/1.1" 200 2424
"GET /api/proof_list/ HTTP/1.1" 200 2424
"GET /api/proof_list/ HTTP/1.1" 200 2424
"GET /api/proof_list/ HTTP/1.1" 200 2424
"GET /api/proof_list/ HTTP/1.1" 200 2424
"GET /api/proof_list/ HTTP/1.1" 200 2424
"GET /api/proof_list/ HTTP/1.1" 200 2424
"GET /api/proof_list/ HTTP/1.1" 200 2424
"GET /api/proof_list/ HTTP/1.1" 200 2424
"GET /api/proof_list/ HTTP/1.1" 200 2424
"GET /api/proof_list/ HTTP/1.1" 200 2424
"GET /api/proof_list/ HTTP/1.1" 200 2424
"GET /api/proof_list/ HTTP/1.1" 200 2424
"GET /api/proof_list/ HTTP/1.1" 200 2424
"GET /api/proof_list/ HTTP/1.1" 200 2424
"GET /api/proof_list/ HTTP/1.1" 200 2424
"GET /api/proof_list/ HTTP/1.1" 200 2424
"GET /api/proof_list/ HTTP/1.1" 200 2424
"GET /api/proof_list/ HTTP/1.1" 200 2424
"GET /api/proof_list/ HTTP/1.1" 200 2424
"GET /api/proof_list/ HTTP/1.1" 200 2424
"GET /api/proof_list/ HTTP/1.1" 200 2424
"GET /api/proof_list/ HTTP/1.1" 200 2424
"GET /api/proof_list/ HTTP/1.1" 200 2424
"GET /api/proof_list/ HTTP/1.1" 200 2424
"GET /api/proof_list/ HTTP/1.1" 200 2424
"GET /api/proof_list/ HTTP/1.1" 200 2424
"GET /api/proof_list/ HTTP/1.1" 200 2424
"GET /api/proof_list/ HTTP/1.1" 200 2424
"GET /api/proof_list/ HTTP/1.1" 200 2424
"GET /api/proof_list/ HTTP/1.1" 200 2424
"GET /api/proof_list/ HTTP/1.1" 200 2424
"GET /api/proof_list/ HTTP/1.1" 200 2424
"GET /api/proof_list/ HTTP/1.1" 200 2424
"GET /api/proof_list/ HTTP/1.1" 200 2424
"GET /api/proof_list/ HTTP/1.1" 200 2424
"GET /api/proof_list/ HTTP/1.1" 200 2424
"GET /api/proof_list/ HTTP/1.1" 200 2424
"GET /api/proof_list/ HTTP/1.1" 200 2424
"GET /api/proof_list/ HTTP/1.1" 200 2424
"GET /api/proof_list/ HTTP/1.1" 200 2424
"GET /api/proof_list/ HTTP/1.1" 200 2424
"GET /api/proof_list/ HTTP/1.1" 200 2424
"GET /api/proof_list/ HTTP/1.1" 200 2424
"GET /api/proof_list/ HTTP/1.1" 200 2424
"GET /api/proof_list/ HTTP/1.1" 200 2424
"GET /api/proof_list/ HTTP/1.1" 200 2424
"GET /api/proof_list/ HTTP/1.1" 200 2424
"GET /api/proof_list/ HTTP/1.1" 200 2424
"GET /api/proof_list/ HTTP/1.1" 200 2424
"GET /api/proof_list/ HTTP/1.1" 200 2424
"GET /api/proof_list/ HTTP/1.1" 200 2424
"GET /api/proof_list/ HTTP/1.1" 200 2424
"GET /api/proof_list/ HTTP/1.1" 200 2424
"GET /api/proof_list/ HTTP/1.1" 200 2424
"GET /api/proof_list/ HTTP/1.1" 200 2424
"GET /api/proof_list/ HTTP/1.1" 200 2424
"GET /api/proof_list/ HTTP/1.1" 200 2424
"GET /api/proof_list/ HTTP/1.1" 200 2424
"GET /api/proof_list/ HTTP/1.1" 200 2424
"GET /api/proof_list/ HTTP/1.1" 200 2424
"GET /api/proof_list/ HTTP/1.1" 200 2424
"GET /api/proof_list/ HTTP/1.1" 200 2424
"GET /api/proof_list/ HTTP/1.1" 200 2424
"GET /api/proof_list/ HTTP/1.1" 200 2424
"GET /api/proof_list/ HTTP/1.1" 200 2424
"GET /api/proof_list/ HTTP/1.1" 200 2424
"GET /api/proof_list/ HTTP/1.1" 200 2424
"GET /api/proof_list/ HTTP/1.1" 200 2424
"GET /api/proof_list/ HTTP/1.1" 200 2424
"GET /api/proof_list/ HTTP/1.1" 200 2424
"GET /api/proof_list/ HTTP/1.1" 200 2424
"GET /api/proof_list/ HTTP/1.1" 200 2424
"GET /api/proof_list/ HTTP/1.1" 200 2424
"GET /api/proof_list/ HTTP/1.1" 200 2424
"GET /api/proof_list/ HTTP/1.1" 200 2424
"GET /api/proof_list/ HTTP/1.1" 200 2424
"GET /api/proof_list/ HTTP/1.1" 200 2424
"GET /api/proof_list/ HTTP/1.1" 200 2424
"GET /api/proof_list/ HTTP/1.1" 200 2424
"GET /api/proof_list/ HTTP/1.1" 200 2424
"GET /api/proof_list/ HTTP/1.1" 200 2424
"GET /api/proof_list/ HTTP/1.1" 200 2424
"GET /api/proof_list/ HTTP/1.1" 200 2424
"GET /api/proof_list/ HTTP/1.1" 200 2424
"GET /api/proof_list/ HTTP/1.1" 200 2424
"GET /api/proof_list/ HTTP/1.1" 200 2424
"GET /api/proof_list/ HTTP/1.1" 200 2424
"GET /api/proof_list/ HTTP/1.1" 200 2424
"GET /api/proof_list/ HTTP/1.1" 200 2424
"GET /api/proof_list/ HTTP/1.1" 200 2424
"GET /api/proof_list/ HTTP/1.1" 200 2424
"GET /api/proof_list/ HTTP/1.1" 200 2424
"GET /api/proof_list/ HTTP/1.1" 200 2424
"GET /api/proof_list/ HTTP/1.1" 200 2424
"GET /api/proof_list/ HTTP/1.1" 200 2424
"GET /api/proof_list/ HTTP/1.1" 200 2424
"GET /api/proof_list/ HTTP/1.1" 200 2424
"GET /api/proof_list/ HTTP/1.1" 200 2424
"GET /api/proof_list/ HTTP/1.1" 200 2424
"GET /api/proof_list/ HTTP/1.1" 200 2424
"GET /api/proof_list/ HTTP/1.1" 200 2424
"GET /api/proof_list/ HTTP/1.1" 200 2424
"GET /api/proof_list/ HTTP/1.1" 200 2424
"GET /api/proof_list/ HTTP/1.1" 200 2424
"GET /api/proof_list/ HTTP/1.1" 200 2424
"GET /api/proof_list/ HTTP/1.1" 200 2424
"GET /api/proof_list/ HTTP/1.1" 200 2424
"GET /api/proof_list/ HTTP/1.1" 200 2424
"GET /api/proof_list/ HTTP/1.1" 200 2424
"GET /api/proof_list/ HTTP/1.1" 200 2424
"GET /api/proof_list/ HTTP/1.1" 200 2424
"GET /api/proof_list/ HTTP/1.1" 200 2424
"GET /api/proof_list/ HTTP/1.1" 200 2424
"GET /api/proof_list/ HTTP/1.1" 200 2424
"GET /api/proof_list/ HTTP/1.1" 200 2424
"GET /api/proof_list/ HTTP/1.1" 200 2424
"GET /api/proof_list/ HTTP/1.1" 200 2424
"GET /api/proof_list/ HTTP/1.1" 200 2424
"GET /api/proof_list/ HTTP/1.1" 200 2424
"GET /api/proof_list/ HTTP/1.1" 200 2424
"GET /api/proof_list/ HTTP/1.1" 200 2424
"GET /api/proof_list/ HTTP/1.1" 200 2424
"GET /api/proof_list/ HTTP/1.1" 200 2424
"GET /api/proof_list/ HTTP/1.1" 200 2424
"GET /api/proof_list/ HTTP/1.1" 200 2424
"GET /api/proof_list/ HTTP/1.1" 200 2424
"GET /api/proof_list/ HTTP/1.1" 200 2424
"GET /api/proof_list/ HTTP/1.1" 200 2424
"GET /api/proof_list/ HTTP/1.1" 200 2424
"GET /api/proof_list/ HTTP/1.1" 200 2424
"GET /api/proof_list/ HTTP/1.1" 200 2424
"GET /api/proof_list/ HTTP/1.1" 200 2424
"GET /api/proof_list/ HTTP/1.1" 200 2424
"GET /api/proof_list/ HTTP/1.1" 200 2424
"GET /api/proof_list/ HTTP/1.1" 200 2424
"GET /api/proof_list/ HTTP/1.1" 200 2424
"GET /api/proof_list/ HTTP/1.1" 200 2424
"GET /api/proof_list/ HTTP/1.1" 200 2424
"GET /api/proof_list/ HTTP/1.1" 200 2424
"GET /api/proof_list/ HTTP/1.1" 200 2424
"GET /api/proof_list/ HTTP/1.1" 200 2424
"GET /api/proof_list/ HTTP/1.1" 200 2424
"GET /api/proof_list/ HTTP/1.1" 200 2424
"GET /api/proof_list/ HTTP/1.1" 200 2424
"GET /api/proof_list/ HTTP/1.1" 200 2424
"GET /api/proof_list/ HTTP/1.1" 200 2424
"GET /api/proof_list/ HTTP/1.1" 200 2424
"GET /api/proof_list/ HTTP/1.1" 200 2424
"GET /api/proof_list/ HTTP/1.1" 200 2424
"GET /api/proof_list/ HTTP/1.1" 200 2424
"GET /api/proof_list/ HTTP/1.1" 200 2424
"GET /api/proof_list/ HTTP/1.1" 200 2424
"GET /api/proof_list/ HTTP/1.1" 200 2424
"GET /api/proof_list/ HTTP/1.1" 200 2424
"GET /api/proof_list/ HTTP/1.1" 200 2424
"GET /api/proof_list/ HTTP/1.1" 200 2424
"GET /api/proof_list/ HTTP/1.1" 200 2424
"GET /api/proof_list/ HTTP/1.1" 200 2424
"GET /api/proof_list/ HTTP/1.1" 200 2424
"GET /api/proof_list/ HTTP/1.1" 200 2424
"GET /api/proof_list/ HTTP/1.1" 200 2424
"GET /api/proof_list/ HTTP/1.1" 200 2424
"GET /api/proof_list/ HTTP/1.1" 200 2424
"GET /api/proof_list/ HTTP/1.1" 200 2424
"GET /api/proof_list/ HTTP/1.1" 200 2424
"GET /api/proof_list/ HTTP/1.1" 200 2424
"GET /api/proof_list/ HTTP/1.1" 200 2424
"GET /api/proof_list/ HTTP/1.1" 200 2424
"GET /api/proof_list/ HTTP/1.1" 200 2424
"GET /api/proof_list/ HTTP/1.1" 200 2424
"GET /api/proof_list/ HTTP/1.1" 200 2424
"GET /api/proof_list/ HTTP/1.1" 200 2424
"GET /api/proof_list/ HTTP/1.1" 200 2424
"GET /api/proof_list/ HTTP/1.1" 200 2424
"GET /api/proof_list/ HTTP/1.1" 200 2424
"GET /api/proof_list/ HTTP/1.1" 200 2424
"GET /api/proof_list/ HTTP/1.1" 200 2424
"GET /api/proof_list/ HTTP/1.1" 200 2424
"GET /api/proof_list/ HTTP/1.1" 200 2424
"GET /api/proof_list/ HTTP/1.1" 200 2424
"GET /api/proof_list/ HTTP/1.1" 200 2424
"GET /api/proof_list/ HTTP/1.1" 200 2424
"GET /api/proof_list/ HTTP/1.1" 200 2424
"GET /api/proof_list/ HTTP/1.1" 200 2424
"GET /api/proof_list/ HTTP/1.1" 200 2424
"GET /api/proof_list/ HTTP/1.1" 200 2424
"GET /api/proof_list/ HTTP/1.1" 200 2424
"GET /api/proof_list/ HTTP/1.1" 200 2424
"GET /api/proof_list/ HTTP/1.1" 200 2424
"GET /api/proof_list/ HTTP/1.1" 200 2424
"GET /api/proof_list/ HTTP/1.1" 200 2424
"GET /api/proof_list/ HTTP/1.1" 200 2424
"GET /api/proof_list/ HTTP/1.1" 200 2424
"GET /api/proof_list/ HTTP/1.1" 200 2424
"GET /api/proof_list/ HTTP/1.1" 200 2424
"GET /api/proof_list/ HTTP/1.1" 200 2424
"GET /api/proof_list/ HTTP/1.1" 200 2424
"GET /api/proof_list/ HTTP/1.1" 200 2424
"GET /api/proof_list/ HTTP/1.1" 200 2424
"GET /api/proof_list/ HTTP/1.1" 200 2424
"GET /api/proof_list/ HTTP/1.1" 200 2424
"GET /api/proof_list/ HTTP/1.1" 200 2424
"GET /api/proof_list/ HTTP/1.1" 200 2424
"GET /api/proof_list/ HTTP/1.1" 200 2424
"GET /api/proof_list/ HTTP/1.1" 200 2424
"GET /api/proof_list/ HTTP/1.1" 200 2424
"GET /api/proof_list/ HTTP/1.1" 200 2424
"GET /api/proof_list/ HTTP/1.1" 200 2424
"GET /api/proof_list/ HTTP/1.1" 200 2424
"GET /api/proof_list/ HTTP/1.1" 200 2424
"GET /api/proof_list/ HTTP/1.1" 200 2424
"GET /api/proof_list/ HTTP/1.1" 200 2424
"GET /api/proof_list/ HTTP/1.1" 200 2424
"GET /api/proof_list/ HTTP/1.1" 200 2424
"GET /api/proof_list/ HTTP/1.1" 200 2424
"GET /api/proof_list/ HTTP/1.1" 200 2424
"GET /api/proof_list/ HTTP/1.1" 200 2424
"GET /api/proof_list/ HTTP/1.1" 200 2424
"GET /api/proof_list/ HTTP/1.1" 200 2424
"GET /api/proof_list/ HTTP/1.1" 200 2424
"GET /api/proof_list/ HTTP/1.1" 200 2424
"GET /api/proof_list/ HTTP/1.1" 200 2424
"GET /api/proof_list/ HTTP/1.1" 200 2424
"GET /api/proof_list/ HTTP/1.1" 200 2424
"GET /api/proof_list/ HTTP/1.1" 200 2424
"GET /api/proof_list/ HTTP/1.1" 200 2424
"GET /api/proof_list/ HTTP/1.1" 200 2424
"GET /api/proof_list/ HTTP/1.1" 200 2424
"GET /api/proof_list/ HTTP/1.1" 200 2424
"GET /api/proof_list/ HTTP/1.1" 200 2424
"GET /api/proof_list/ HTTP/1.1" 200 2424
"GET /api/proof_list/ HTTP/1.1" 200 2424
"GET /api/proof_list/ HTTP/1.1" 200 2424
"GET /api/proof_list/ HTTP/1.1" 200 2424
"GET /api/proof_list/ HTTP/1.1" 200 2424
"GET /api/proof_list/ HTTP/1.1" 200 2424
"GET /api/proof_list/ HTTP/1.1" 200 2424
"GET /api/proof_list/ HTTP/1.1" 200 2424
"GET /api/proof_list/ HTTP/1.1" 200 2424
"GET /api/proof_list/ HTTP/1.1" 200 2424
"GET /api/proof_list/ HTTP/1.1" 200 2424
"GET /api/proof_list/ HTTP/1.1" 200 2424
"GET /api/proof_list/ HTTP/1.1" 200 2424
"GET /api/proof_list/ HTTP/1.1" 200 2424
"GET /api/proof_list/ HTTP/1.1" 200 2424
"GET /api/proof_list/ HTTP/1.1" 200 2424
"GET /api/proof_list/ HTTP/1.1" 200 2424
"GET /api/proof_list/ HTTP/1.1" 200 2424
"GET /api/proof_list/ HTTP/1.1" 200 2424
"GET /api/proof_list/ HTTP/1.1" 200 2424
"GET /api/proof_list/ HTTP/1.1" 200 2424
"GET /api/proof_list/ HTTP/1.1" 200 2424
"GET /api/proof_list/ HTTP/1.1" 200 2424
"GET /api/proof_list/ HTTP/1.1" 200 2424
"GET /api/proof_list/ HTTP/1.1" 200 2424
"GET /api/proof_list/ HTTP/1.1" 200 2424
"GET /api/proof_list/ HTTP/1.1" 200 2424
"GET /api/proof_list/ HTTP/1.1" 200 2424
"GET /api/proof_list/ HTTP/1.1" 200 2424
"GET /api/proof_list/ HTTP/1.1" 200 2424
"GET /api/proof_list/ HTTP/1.1" 200 2424
"GET /api/proof_list/ HTTP/1.1" 200 2424
"GET /api/proof_list/ HTTP/1.1" 200 2424
"GET /api/proof_list/ HTTP/1.1" 200 2424
"GET /api/proof_list/ HTTP/1.1" 200 2424
"GET /api/proof_list/ HTTP/1.1" 200 2424
"GET /api/proof_list/ HTTP/1.1" 200 2424
"GET /api/proof_list/ HTTP/1.1" 200 2424
"GET /api/proof_list/ HTTP/1.1" 200 2424
"GET /api/proof_list/ HTTP/1.1" 200 2424
"GET /api/proof_list/ HTTP/1.1" 200 2424
"GET /api/proof_list/ HTTP/1.1" 200 2424
"GET /api/proof_list/ HTTP/1.1" 200 2424
"GET /api/proof_list/ HTTP/1.1" 200 2424
"GET /api/proof_list/ HTTP/1.1" 200 2424
"GET /api/proof_list/ HTTP/1.1" 200 2424
"GET /api/proof_list/ HTTP/1.1" 200 2424
"GET /api/proof_list/ HTTP/1.1" 200 2424
"GET /api/proof_list/ HTTP/1.1" 200 2424
"GET /api/proof_list/ HTTP/1.1" 200 2424
"GET /api/proof_list/ HTTP/1.1" 200 2424
"GET /api/proof_list/ HTTP/1.1" 200 2424
"GET /api/proof_list/ HTTP/1.1" 200 2424
"GET /api/proof_list/ HTTP/1.1" 200 2424
"GET /api/proof_list/ HTTP/1.1" 200 2424
"GET /api/proof_list/ HTTP/1.1" 200 2424
"GET /api/proof_list/ HTTP/1.1" 200 2424
"GET /api/proof_list/ HTTP/1.1" 200 2424
"GET /api/proof_list/ HTTP/1.1" 200 2424
"GET /api/proof_list/ HTTP/1.1" 200 2424
"GET /api/proof_list/ HTTP/1.1" 200 2424
"GET /api/proof_list/ HTTP/1.1" 200 2424
"GET /api/proof_list/ HTTP/1.1" 200 2424
"GET /api/proof_list/ HTTP/1.1" 200 2424
"GET /api/proof_list/ HTTP/1.1" 200 2424
"GET /api/proof_list/ HTTP/1.1" 200 2424
"GET /api/proof_list/ HTTP/1.1" 200 2424
"GET /api/proof_list/ HTTP/1.1" 200 2424
"GET /api/proof_list/ HTTP/1.1" 200 2424
"GET /api/proof_list/ HTTP/1.1" 200 2424
"GET /api/proof_list/ HTTP/1.1" 200 2424
"GET /api/proof_list/ HTTP/1.1" 200 2424
"GET /api/proof_list/ HTTP/1.1" 200 2424
"GET /api/proof_list/ HTTP/1.1" 200 2424
"GET /api/proof_list/ HTTP/1.1" 200 2424
"GET /api/proof_list/ HTTP/1.1" 200 2424
"GET /api/proof_list/ HTTP/1.1" 200 2424
"GET /api/proof_list/ HTTP/1.1" 200 2424
"GET /api/proof_list/ HTTP/1.1" 200 2424
"GET /api/proof_list/ HTTP/1.1" 200 2424
"GET /api/proof_list/ HTTP/1.1" 200 2424
"GET /api/proof_list/ HTTP/1.1" 200 2424
"GET /api/proof_list/ HTTP/1.1" 200 2424
"GET /api/proof_list/ HTTP/1.1" 200 2424
"GET /api/proof_list/ HTTP/1.1" 200 2424
"GET /api/proof_list/ HTTP/1.1" 200 2424
"GET /api/proof_list/ HTTP/1.1" 200 2424
"GET /api/proof_list/ HTTP/1.1" 200 2424
"GET /api/proof_list/ HTTP/1.1" 200 2424
"GET /api/proof_list/ HTTP/1.1" 200 2424
"GET /api/proof_list/ HTTP/1.1" 200 2424
"GET /api/proof_list/ HTTP/1.1" 200 2424
"GET /api/proof_list/ HTTP/1.1" 200 2424
"GET /api/proof_list/ HTTP/1.1" 200 2424
"GET /api/proof_list/ HTTP/1.1" 200 2424
"GET /api/proof_list/ HTTP/1.1" 200 2424
"GET /api/proof_list/ HTTP/1.1" 200 2424
"GET /api/proof_list/ HTTP/1.1" 200 2424
"GET /api/proof_list/ HTTP/1.1" 200 2424
"GET /api/proof_list/ HTTP/1.1" 200 2424
"GET /api/proof_list/ HTTP/1.1" 200 2424
"GET /api/proof_list/ HTTP/1.1" 200 2424
"GET /api/proof_list/ HTTP/1.1" 200 2424
"GET /api/proof_list/ HTTP/1.1" 200 2424
"GET /api/proof_list/ HTTP/1.1" 200 2424
"GET /api/proof_list/ HTTP/1.1" 200 2424
"GET /api/proof_list/ HTTP/1.1" 200 2424
"GET /api/proof_list/ HTTP/1.1" 200 2424
"GET /api/proof_list/ HTTP/1.1" 200 2424
"GET /api/proof_list/ HTTP/1.1" 200 2424
"GET /api/proof_list/ HTTP/1.1" 200 2424
"GET /api/proof_list/ HTTP/1.1" 200 2424
"GET /api/proof_list/ HTTP/1.1" 200 2424
"GET /api/proof_list/ HTTP/1.1" 200 2424
"GET /api/proof_list/ HTTP/1.1" 200 2424
"GET /api/proof_list/ HTTP/1.1" 200 2424
"GET /api/proof_list/ HTTP/1.1" 200 2424
"GET /api/proof_list/ HTTP/1.1" 200 2424
"GET /api/proof_list/ HTTP/1.1" 200 2424
"GET /api/proof_list/ HTTP/1.1" 200 2424
"GET /api/proof_list/ HTTP/1.1" 200 2424
"GET /api/proof_list/ HTTP/1.1" 200 2424
"GET /api/proof_list/ HTTP/1.1" 200 2424
"GET /api/proof_list/ HTTP/1.1" 200 2424
"GET /api/proof_list/ HTTP/1.1" 200 2424
"GET /api/proof_list/ HTTP/1.1" 200 2424
"GET /api/proof_list/ HTTP/1.1" 200 2424
"GET /api/proof_list/ HTTP/1.1" 200 2424
"GET /api/proof_list/ HTTP/1.1" 200 2424
"GET /api/proof_list/ HTTP/1.1" 200 2424
"GET /api/proof_list/ HTTP/1.1" 200 2424
"GET /api/proof_list/ HTTP/1.1" 200 2424
"GET /api/proof_list/ HTTP/1.1" 200 2424
"GET /api/proof_list/ HTTP/1.1" 200 2424
"GET /api/proof_list/ HTTP/1.1" 200 2424
"GET /api/proof_list/ HTTP/1.1" 200 2424
"GET /api/proof_list/ HTTP/1.1" 200 2424
"GET /api/proof_list/ HTTP/1.1" 200 2424
"GET /api/proof_list/ HTTP/1.1" 200 2424
"GET /api/proof_list/ HTTP/1.1" 200 2424
"GET /api/proof_list/ HTTP/1.1" 200 2424
"GET /api/proof_list/ HTTP/1.1" 200 2424
"GET /api/proof_list/ HTTP/1.1" 200 2424
"GET /api/proof_list/ HTTP/1.1" 200 2424
"GET /api/proof_list/ HTTP/1.1" 200 2424
"GET /api/proof_list/ HTTP/1.1" 200 2424
"GET /api/proof_list/ HTTP/1.1" 200 2424
"GET /api/proof_list/ HTTP/1.1" 200 2424
"GET /api/proof_list/ HTTP/1.1" 200 2424
"GET /api/proof_list/ HTTP/1.1" 200 2424
"GET /api/proof_list/ HTTP/1.1" 200 2424
"GET /api/proof_list/ HTTP/1.1" 200 2424
"GET /api/proof_list/ HTTP/1.1" 200 2424
"GET /api/proof_list/ HTTP/1.1" 200 2424
"GET /api/proof_list/ HTTP/1.1" 200 2424
"GET /api/proof_list/ HTTP/1.1" 200 2424
"GET /api/proof_list/ HTTP/1.1" 200 2424
"GET /api/proof_list/ HTTP/1.1" 200 2424
"GET /api/proof_list/ HTTP/1.1" 200 2424
"GET /api/proof_list/ HTTP/1.1" 200 2424
"GET /api/proof_list/ HTTP/1.1" 200 2424
"GET /api/proof_list/ HTTP/1.1" 200 2424
"GET /api/proof_list/ HTTP/1.1" 200 2424
"GET /api/proof_list/ HTTP/1.1" 200 2424
"GET /api/proof_list/ HTTP/1.1" 200 2424
"GET /api/proof_list/ HTTP/1.1" 200 2424
"GET /api/proof_list/ HTTP/1.1" 200 2424
"GET /api/proof_list/ HTTP/1.1" 200 2424
"GET /api/proof_list/ HTTP/1.1" 200 2424
"GET /api/proof_list/ HTTP/1.1" 200 2424
"GET /api/proof_list/ HTTP/1.1" 200 2424
"GET /api/proof_list/ HTTP/1.1" 200 2424
"GET /api/proof_list/ HTTP/1.1" 200 2424
"GET /api/proof_list/ HTTP/1.1" 200 2424
"GET /api/proof_list/ HTTP/1.1" 200 2424
"GET /api/proof_list/ HTTP/1.1" 200 2424
"GET /api/proof_list/ HTTP/1.1" 200 2424
"GET /api/proof_list/ HTTP/1.1" 200 2424
"GET /api/proof_list/ HTTP/1.1" 200 2424
"GET /api/proof_list/ HTTP/1.1" 200 2424
"GET /api/proof_list/ HTTP/1.1" 200 2424
"GET /api/proof_list/ HTTP/1.1" 200 2424
"GET /api/proof_list/ HTTP/1.1" 200 2424
"GET /api/proof_list/ HTTP/1.1" 200 2424
"GET /api/proof_list/ HTTP/1.1" 200 2424
"GET /api/proof_list/ HTTP/1.1" 200 2424
"GET /api/proof_list/ HTTP/1.1" 200 2424
"GET /api/proof_list/ HTTP/1.1" 200 2424
"GET /api/proof_list/ HTTP/1.1" 200 2424
"GET /api/proof_list/ HTTP/1.1" 200 2424
"GET /api/proof_list/ HTTP/1.1" 200 2424
"GET /api/proof_list/ HTTP/1.1" 200 2424
"GET /api/proof_list/ HTTP/1.1" 200 2424
"GET /api/proof_list/ HTTP/1.1" 200 2424
"GET /api/proof_list/ HTTP/1.1" 200 2424
"GET /api/proof_list/ HTTP/1.1" 200 2424
"GET /api/proof_list/ HTTP/1.1" 200 2424
"GET /api/proof_list/ HTTP/1.1" 200 2424
"GET /api/proof_list/ HTTP/1.1" 200 2424
"GET /api/proof_list/ HTTP/1.1" 200 2424
"GET /api/proof_list/ HTTP/1.1" 200 2424
"GET /api/proof_list/ HTTP/1.1" 200 2424
"GET /api/proof_list/ HTTP/1.1" 200 2424
"GET /api/proof_list/ HTTP/1.1" 200 2424
"GET /api/proof_list/ HTTP/1.1" 200 2424
"GET /api/proof_list/ HTTP/1.1" 200 2424
"GET /api/proof_list/ HTTP/1.1" 200 2424
"GET /api/proof_list/ HTTP/1.1" 200 2424
"GET /api/proof_list/ HTTP/1.1" 200 2424
"GET /api/proof_list/ HTTP/1.1" 200 2424
"GET /api/proof_list/ HTTP/1.1" 200 2424
"GET /api/proof_list/ HTTP/1.1" 200 2424
"GET /api/proof_list/ HTTP/1.1" 200 2424
"GET /api/proof_list/ HTTP/1.1" 200 2424
"GET /api/proof_list/ HTTP/1.1" 200 2424
"GET /api/proof_list/ HTTP/1.1" 200 2424
"GET /api/proof_list/ HTTP/1.1" 200 2424
"GET /api/proof_list/ HTTP/1.1" 200 2424
"GET /api/proof_list/ HTTP/1.1" 200 2424
"GET /api/proof_list/ HTTP/1.1" 200 2424
"GET /api/proof_list/ HTTP/1.1" 200 2424
"GET /api/proof_list/ HTTP/1.1" 200 2424
"GET /api/proof_list/ HTTP/1.1" 200 2424
"GET /api/proof_list/ HTTP/1.1" 200 2424
"GET /api/proof_list/ HTTP/1.1" 200 2424
"GET /api/proof_list/ HTTP/1.1" 200 2424
"GET /api/proof_list/ HTTP/1.1" 200 2424
"GET /api/proof_list/ HTTP/1.1" 200 2424
"GET /api/proof_list/ HTTP/1.1" 200 2424
"GET /api/proof_list/ HTTP/1.1" 200 2424
"GET /api/proof_list/ HTTP/1.1" 200 2424
"GET /api/proof_list/ HTTP/1.1" 200 2424
"GET /api/proof_list/ HTTP/1.1" 200 2424
"GET /api/proof_list/ HTTP/1.1" 200 2424
"GET /api/proof_list/ HTTP/1.1" 200 2424
"GET /api/proof_list/ HTTP/1.1" 200 2424
"GET /api/proof_list/ HTTP/1.1" 200 2424
"GET /api/proof_list/ HTTP/1.1" 200 2424
"GET /api/proof_list/ HTTP/1.1" 200 2424
"GET /api/proof_list/ HTTP/1.1" 200 2424
"GET /api/proof_list/ HTTP/1.1" 200 2424
"GET /api/proof_list/ HTTP/1.1" 200 2424
"GET /api/proof_list/ HTTP/1.1" 200 2424
"GET /api/proof_list/ HTTP/1.1" 200 2424
"GET /api/proof_list/ HTTP/1.1" 200 2424
"GET /api/proof_list/ HTTP/1.1" 200 2424
"GET /api/proof_list/ HTTP/1.1" 200 2424
"GET /api/proof_list/ HTTP/1.1" 200 2424
"GET /api/proof_list/ HTTP/1.1" 200 2424
"GET /api/proof_list/ HTTP/1.1" 200 2424
"GET /api/proof_list/ HTTP/1.1" 200 2424
"GET /api/proof_list/ HTTP/1.1" 200 2424
"GET /api/proof_list/ HTTP/1.1" 200 2424
"GET /api/proof_list/ HTTP/1.1" 200 2424
"GET /api/proof_list/ HTTP/1.1" 200 2424
"GET /api/proof_list/ HTTP/1.1" 200 2424
"GET /api/proof_list/ HTTP/1.1" 200 2424
"GET /api/proof_list/ HTTP/1.1" 200 2424
"GET /api/proof_list/ HTTP/1.1" 200 2424
"GET /api/proof_list/ HTTP/1.1" 200 2424
"GET /api/proof_list/ HTTP/1.1" 200 2424
"GET /api/proof_list/ HTTP/1.1" 200 2424
"GET /api/proof_list/ HTTP/1.1" 200 2424
"GET /api/proof_list/ HTTP/1.1" 200 2424
"GET /api/proof_list/ HTTP/1.1" 200 2424
"GET /api/proof_list/ HTTP/1.1" 200 2424
"GET /api/proof_list/ HTTP/1.1" 200 2424
"GET /api/proof_list/ HTTP/1.1" 200 2424
"GET /api/proof_list/ HTTP/1.1" 200 2424
"GET /api/proof_list/ HTTP/1.1" 200 2424
"GET /api/proof_list/ HTTP/1.1" 200 2424
"GET /api/proof_list/ HTTP/1.1" 200 2424
"GET /api/proof_list/ HTTP/1.1" 200 2424
"GET /api/proof_list/ HTTP/1.1" 200 2424
"GET /api/proof_list/ HTTP/1.1" 200 2424
"GET /api/proof_list/ HTTP/1.1" 200 2424
"GET /api/proof_list/ HTTP/1.1" 200 2424
"GET /api/proof_list/ HTTP/1.1" 200 2424
"GET /api/proof_list/ HTTP/1.1" 200 2424
"GET /api/proof_list/ HTTP/1.1" 200 2424
"GET /api/proof_list/ HTTP/1.1" 200 2424
"GET /api/proof_list/ HTTP/1.1" 200 2424
"GET /api/proof_list/ HTTP/1.1" 200 2424
"GET /api/proof_list/ HTTP/1.1" 200 2424
"GET /api/proof_list/ HTTP/1.1" 200 2424
"GET /api/proof_list/ HTTP/1.1" 200 2424
"GET /api/proof_list/ HTTP/1.1" 200 2424
"GET /api/proof_list/ HTTP/1.1" 200 2424
"GET /api/proof_list/ HTTP/1.1" 200 2424
"GET /api/proof_list/ HTTP/1.1" 200 2424
"GET /api/proof_list/ HTTP/1.1" 200 2424
"GET /api/proof_list/ HTTP/1.1" 200 2424
"GET /api/proof_list/ HTTP/1.1" 200 2424
"GET /api/proof_list/ HTTP/1.1" 200 2424
"GET /api/proof_list/ HTTP/1.1" 200 2424
"GET /api/proof_list/ HTTP/1.1" 200 2424
"GET /api/proof_list/ HTTP/1.1" 200 2424
"GET /api/proof_list/ HTTP/1.1" 200 2424
"GET /api/proof_list/ HTTP/1.1" 200 2424
"GET /api/proof_list/ HTTP/1.1" 200 2424
"GET /api/proof_list/ HTTP/1.1" 200 2424
"GET /api/proof_list/ HTTP/1.1" 200 2424
"GET /api/proof_list/ HTTP/1.1" 200 2424
"GET /api/proof_list/ HTTP/1.1" 200 2424
"GET /api/proof_list/ HTTP/1.1" 200 2424
"GET /api/proof_list/ HTTP/1.1" 200 2424
"GET /api/proof_list/ HTTP/1.1" 200 2424
"GET /api/proof_list/ HTTP/1.1" 200 2424
"GET /api/proof_list/ HTTP/1.1" 200 2424
"GET /api/proof_list/ HTTP/1.1" 200 2424
"GET /api/proof_list/ HTTP/1.1" 200 2424
"GET /api/proof_list/ HTTP/1.1" 200 2424
"GET /api/proof_list/ HTTP/1.1" 200 2424
"GET /api/proof_list/ HTTP/1.1" 200 2424
"GET /api/proof_list/ HTTP/1.1" 200 2424
"GET /api/proof_list/ HTTP/1.1" 200 2424
"GET /api/proof_list/ HTTP/1.1" 200 2424
"GET /api/proof_list/ HTTP/1.1" 200 2424
"GET /api/proof_list/ HTTP/1.1" 200 2424
"GET /api/proof_list/ HTTP/1.1" 200 2424
"GET /api/proof_list/ HTTP/1.1" 200 2424
"GET /api/proof_list/ HTTP/1.1" 200 2424
"GET /api/proof_list/ HTTP/1.1" 200 2424
"GET /api/proof_list/ HTTP/1.1" 200 2424
"GET /api/proof_list/ HTTP/1.1" 200 2424
"GET /api/proof_list/ HTTP/1.1" 200 2424
"GET /api/proof_list/ HTTP/1.1" 200 2424
"GET /api/proof_list/ HTTP/1.1" 200 2424
"GET /api/proof_list/ HTTP/1.1" 200 2424
"GET /api/proof_list/ HTTP/1.1" 200 2424
"GET /api/proof_list/ HTTP/1.1" 200 2424
"GET /api/proof_list/ HTTP/1.1" 200 2424
"GET /api/proof_list/ HTTP/1.1" 200 2424
"GET /api/proof_list/ HTTP/1.1" 200 2424
"GET /api/proof_list/ HTTP/1.1" 200 2424
"GET /api/proof_list/ HTTP/1.1" 200 2424
"GET /api/proof_list/ HTTP/1.1" 200 2424
"GET /api/proof_list/ HTTP/1.1" 200 2424
"GET /api/proof_list/ HTTP/1.1" 200 2424
"GET /api/proof_list/ HTTP/1.1" 200 2424
"GET /api/proof_list/ HTTP/1.1" 200 2424
"GET /api/proof_list/ HTTP/1.1" 200 2424
"GET /api/proof_list/ HTTP/1.1" 200 2424
"GET /api/proof_list/ HTTP/1.1" 200 2424
"GET /api/proof_list/ HTTP/1.1" 200 2424
"GET /api/proof_list/ HTTP/1.1" 200 2424
"GET /api/proof_list/ HTTP/1.1" 200 2424
"GET /api/proof_list/ HTTP/1.1" 200 2424
"GET /api/proof_list/ HTTP/1.1" 200 2424
"GET /api/proof_list/ HTTP/1.1" 200 2424
"GET /api/proof_list/ HTTP/1.1" 200 2424
"GET /api/proof_list/ HTTP/1.1" 200 2424
"GET /api/proof_list/ HTTP/1.1" 200 2424
"GET /api/proof_list/ HTTP/1.1" 200 2424
"GET /api/proof_list/ HTTP/1.1" 200 2424
"GET /api/proof_list/ HTTP/1.1" 200 2424
"GET /api/proof_list/ HTTP/1.1" 200 2424
"GET /api/proof_list/ HTTP/1.1" 200 2424
"GET /api/proof_list/ HTTP/1.1" 200 2424
Unauthorized: /api/proof_list/
"GET /api/proof_list/ HTTP/1.1" 401 172
Unauthorized: /api/proof_list/
"GET /api/proof_list/ HTTP/1.1" 401 172
Unauthorized: /api/proof_list/
"GET /api/proof_list/ HTTP/1.1" 401 172
Unauthorized: /api/proof_list/
"GET /api/proof_list/ HTTP/1.1" 401 172
Unauthorized: /api/proof_list/
"GET /api/proof_list/ HTTP/1.1" 401 172
Unauthorized: /api/proof_list/
"GET /api/proof_list/ HTTP/1.1" 401 172
Unauthorized: /api/proof_list/
"GET /api/proof_list/ HTTP/1.1" 401 172
Unauthorized: /api/proof_list/
"GET /api/proof_list/ HTTP/1.1" 401 172
Unauthorized: /api/proof_list/
"GET /api/proof_list/ HTTP/1.1" 401 172
Unauthorized: /api/proof_list/
"GET /api/proof_list/ HTTP/1.1" 401 172
Unauthorized: /api/proof_list/
"GET /api/proof_list/ HTTP/1.1" 401 172
Unauthorized: /api/proof_list/
"GET /api/proof_list/ HTTP/1.1" 401 172
Unauthorized: /api/proof_list/
"GET /api/proof_list/ HTTP/1.1" 401 172
Unauthorized: /api/proof_list/
"GET /api/proof_list/ HTTP/1.1" 401 172
Unauthorized: /api/proof_list/
"GET /api/proof_list/ HTTP/1.1" 401 172
Unauthorized: /api/proof_list/
"GET /api/proof_list/ HTTP/1.1" 401 172
Unauthorized: /api/proof_list/
"GET /api/proof_list/ HTTP/1.1" 401 172
Unauthorized: /api/proof_list/
"GET /api/proof_list/ HTTP/1.1" 401 172
Unauthorized: /api/proof_list/
"GET /api/proof_list/ HTTP/1.1" 401 172
Unauthorized: /api/proof_list/
"GET /api/proof_list/ HTTP/1.1" 401 172
Unauthorized: /api/proof_list/
"GET /api/proof_list/ HTTP/1.1" 401 172
Unauthorized: /api/proof_list/
"GET /api/proof_list/ HTTP/1.1" 401 172
Unauthorized: /api/proof_list/
"GET /api/proof_list/ HTTP/1.1" 401 172
Unauthorized: /api/proof_list/
"GET /api/proof_list/ HTTP/1.1" 401 172
Unauthorized: /api/proof_list/
"GET /api/proof_list/ HTTP/1.1" 401 172
Unauthorized: /api/proof_list/
"GET /api/proof_list/ HTTP/1.1" 401 172
Unauthorized: /api/proof_list/
"GET /api/proof_list/ HTTP/1.1" 401 172
Unauthorized: /api/proof_list/
"GET /api/proof_list/ HTTP/1.1" 401 172
Unauthorized: /api/proof_list/
"GET /api/proof_list/ HTTP/1.1" 401 172
Unauthorized: /api/proof_list/
"GET /api/proof_list/ HTTP/1.1" 401 172
Unauthorized: /api/proof_list/
"GET /api/proof_list/ HTTP/1.1" 401 172
Unauthorized: /api/proof_list/
"GET /api/proof_list/ HTTP/1.1" 401 172
Unauthorized: /api/proof_list/
"GET /api/proof_list/ HTTP/1.1" 401 172
Unauthorized: /api/proof_list/
"GET /api/proof_list/ HTTP/1.1" 401 172
Unauthorized: /api/proof_list/
"GET /api/proof_list/ HTTP/1.1" 401 172
Unauthorized: /api/proof_list/
"GET /api/proof_list/ HTTP/1.1" 401 172
Unauthorized: /api/proof_list/
"GET /api/proof_list/ HTTP/1.1" 401 172
Unauthorized: /api/proof_list/
"GET /api/proof_list/ HTTP/1.1" 401 172
Unauthorized: /api/proof_list/
"GET /api/proof_list/ HTTP/1.1" 401 172
Unauthorized: /api/proof_list/
"GET /api/proof_list/ HTTP/1.1" 401 172
Unauthorized: /api/proof_list/
"GET /api/proof_list/ HTTP/1.1" 401 172
Unauthorized: /api/proof_list/
"GET /api/proof_list/ HTTP/1.1" 401 172
Unauthorized: /api/proof_list/
"GET /api/proof_list/ HTTP/1.1" 401 172
Unauthorized: /api/proof_list/
"GET /api/proof_list/ HTTP/1.1" 401 172
Unauthorized: /api/proof_list/
"GET /api/proof_list/ HTTP/1.1" 401 172
Unauthorized: /api/proof_list/
"GET /api/proof_list/ HTTP/1.1" 401 172
Unauthorized: /api/proof_list/
"GET /api/proof_list/ HTTP/1.1" 401 172
Unauthorized: /api/proof_list/
"GET /api/proof_list/ HTTP/1.1" 401 172
Unauthorized: /api/proof_list/
"GET /api/proof_list/ HTTP/1.1" 401 172
Unauthorized: /api/proof_list/
"GET /api/proof_list/ HTTP/1.1" 401 172
Unauthorized: /api/proof_list/
"GET /api/proof_list/ HTTP/1.1" 401 172
Unauthorized: /api/proof_list/
"GET /api/proof_list/ HTTP/1.1" 401 172
Unauthorized: /api/proof_list/
"GET /api/proof_list/ HTTP/1.1" 401 172
Unauthorized: /api/proof_list/
"GET /api/proof_list/ HTTP/1.1" 401 172
Unauthorized: /api/proof_list/
"GET /api/proof_list/ HTTP/1.1" 401 172
Unauthorized: /api/proof_list/
"GET /api/proof_list/ HTTP/1.1" 401 172
Unauthorized: /api/proof_list/
"GET /api/proof_list/ HTTP/1.1" 401 172
Unauthorized: /api/proof_list/
"GET /api/proof_list/ HTTP/1.1" 401 172
Unauthorized: /api/proof_list/
"GET /api/proof_list/ HTTP/1.1" 401 172
Unauthorized: /api/proof_list/
"GET /api/proof_list/ HTTP/1.1" 401 172
Unauthorized: /api/proof_list/
"GET /api/proof_list/ HTTP/1.1" 401 172
Unauthorized: /api/proof_list/
"GET /api/proof_list/ HTTP/1.1" 401 172
Unauthorized: /api/proof_list/
"GET /api/proof_list/ HTTP/1.1" 401 172
Unauthorized: /api/proof_list/
"GET /api/proof_list/ HTTP/1.1" 401 172
Unauthorized: /api/proof_list/
"GET /api/proof_list/ HTTP/1.1" 401 172
Unauthorized: /api/proof_list/
"GET /api/proof_list/ HTTP/1.1" 401 172
Unauthorized: /api/proof_list/
"GET /api/proof_list/ HTTP/1.1" 401 172
Unauthorized: /api/proof_list/
"GET /api/proof_list/ HTTP/1.1" 401 172
Unauthorized: /api/proof_list/
"GET /api/proof_list/ HTTP/1.1" 401 172
Unauthorized: /api/proof_list/
"GET /api/proof_list/ HTTP/1.1" 401 172
Unauthorized: /api/proof_list/
"GET /api/proof_list/ HTTP/1.1" 401 172
Unauthorized: /api/proof_list/
"GET /api/proof_list/ HTTP/1.1" 401 172
Unauthorized: /api/proof_list/
"GET /api/proof_list/ HTTP/1.1" 401 172
Unauthorized: /api/proof_list/
"GET /api/proof_list/ HTTP/1.1" 401 172
Unauthorized: /api/proof_list/
"GET /api/proof_list/ HTTP/1.1" 401 172
Unauthorized: /api/proof_list/
"GET /api/proof_list/ HTTP/1.1" 401 172
Unauthorized: /api/proof_list/
"GET /api/proof_list/ HTTP/1.1" 401 172
Unauthorized: /api/proof_list/
"GET /api/proof_list/ HTTP/1.1" 401 172
Unauthorized: /api/proof_list/
"GET /api/proof_list/ HTTP/1.1" 401 172
Unauthorized: /api/proof_list/
"GET /api/proof_list/ HTTP/1.1" 401 172
Unauthorized: /api/proof_list/
"GET /api/proof_list/ HTTP/1.1" 401 172
Unauthorized: /api/proof_list/
"GET /api/proof_list/ HTTP/1.1" 401 172
Unauthorized: /api/proof_list/
"GET /api/proof_list/ HTTP/1.1" 401 172
Unauthorized: /api/proof_list/
"GET /api/proof_list/ HTTP/1.1" 401 172
Unauthorized: /api/proof_list/
"GET /api/proof_list/ HTTP/1.1" 401 172
Unauthorized: /api/proof_list/
"GET /api/proof_list/ HTTP/1.1" 401 172
Unauthorized: /api/proof_list/
"GET /api/proof_list/ HTTP/1.1" 401 172
Unauthorized: /api/proof_list/
"GET /api/proof_list/ HTTP/1.1" 401 172
Unauthorized: /api/proof_list/
"GET /api/proof_list/ HTTP/1.1" 401 172
Unauthorized: /api/proof_list/
"GET /api/proof_list/ HTTP/1.1" 401 172
Unauthorized: /api/proof_list/
"GET /api/proof_list/ HTTP/1.1" 401 172
Unauthorized: /api/proof_list/
"GET /api/proof_list/ HTTP/1.1" 401 172
Unauthorized: /api/proof_list/
"GET /api/proof_list/ HTTP/1.1" 401 172
Unauthorized: /api/proof_list/
"GET /api/proof_list/ HTTP/1.1" 401 172
Unauthorized: /api/proof_list/
"GET /api/proof_list/ HTTP/1.1" 401 172
Unauthorized: /api/proof_list/
"GET /api/proof_list/ HTTP/1.1" 401 172
Unauthorized: /api/proof_list/
"GET /api/proof_list/ HTTP/1.1" 401 172
Unauthorized: /api/proof_list/
"GET /api/proof_list/ HTTP/1.1" 401 172
Unauthorized: /api/proof_list/
"GET /api/proof_list/ HTTP/1.1" 401 172
Unauthorized: /api/proof_list/
"GET /api/proof_list/ HTTP/1.1" 401 172
Unauthorized: /api/proof_list/
"GET /api/proof_list/ HTTP/1.1" 401 172
Unauthorized: /api/proof_list/
"GET /api/proof_list/ HTTP/1.1" 401 172
Unauthorized: /api/proof_list/
"GET /api/proof_list/ HTTP/1.1" 401 172
Unauthorized: /api/proof_list/
"GET /api/proof_list/ HTTP/1.1" 401 172
Unauthorized: /api/proof_list/
"GET /api/proof_list/ HTTP/1.1" 401 172
Unauthorized: /api/proof_list/
"GET /api/proof_list/ HTTP/1.1" 401 172
Unauthorized: /api/proof_list/
"GET /api/proof_list/ HTTP/1.1" 401 172
Unauthorized: /api/proof_list/
"GET /api/proof_list/ HTTP/1.1" 401 172
Unauthorized: /api/proof_list/
"GET /api/proof_list/ HTTP/1.1" 401 172
Unauthorized: /api/proof_list/
"GET /api/proof_list/ HTTP/1.1" 401 172
Unauthorized: /api/proof_list/
"GET /api/proof_list/ HTTP/1.1" 401 172
Unauthorized: /api/proof_list/
"GET /api/proof_list/ HTTP/1.1" 401 172
Unauthorized: /api/proof_list/
"GET /api/proof_list/ HTTP/1.1" 401 172
Unauthorized: /api/proof_list/
"GET /api/proof_list/ HTTP/1.1" 401 172
Unauthorized: /api/proof_list/
"GET /api/proof_list/ HTTP/1.1" 401 172
Unauthorized: /api/proof_list/
"GET /api/proof_list/ HTTP/1.1" 401 172
Unauthorized: /api/proof_list/
"GET /api/proof_list/ HTTP/1.1" 401 172
Unauthorized: /api/proof_list/
"GET /api/proof_list/ HTTP/1.1" 401 172
Unauthorized: /api/proof_list/
"GET /api/proof_list/ HTTP/1.1" 401 172
Unauthorized: /api/proof_list/
"GET /api/proof_list/ HTTP/1.1" 401 172
Unauthorized: /api/proof_list/
"GET /api/proof_list/ HTTP/1.1" 401 172
Unauthorized: /api/proof_list/
"GET /api/proof_list/ HTTP/1.1" 401 172
Unauthorized: /api/proof_list/
"GET /api/proof_list/ HTTP/1.1" 401 172
Unauthorized: /api/proof_list/
"GET /api/proof_list/ HTTP/1.1" 401 172
Unauthorized: /api/proof_list/
"GET /api/proof_list/ HTTP/1.1" 401 172
Unauthorized: /api/proof_list/
"GET /api/proof_list/ HTTP/1.1" 401 172
Unauthorized: /api/proof_list/
"GET /api/proof_list/ HTTP/1.1" 401 172
Unauthorized: /api/proof_list/
"GET /api/proof_list/ HTTP/1.1" 401 172
Unauthorized: /api/proof_list/
"GET /api/proof_list/ HTTP/1.1" 401 172
Unauthorized: /api/proof_list/
"GET /api/proof_list/ HTTP/1.1" 401 172
Unauthorized: /api/proof_list/
"GET /api/proof_list/ HTTP/1.1" 401 172
Unauthorized: /api/proof_list/
"GET /api/proof_list/ HTTP/1.1" 401 172
Unauthorized: /api/proof_list/
"GET /api/proof_list/ HTTP/1.1" 401 172
Unauthorized: /api/proof_list/
"GET /api/proof_list/ HTTP/1.1" 401 172
Unauthorized: /api/proof_list/
"GET /api/proof_list/ HTTP/1.1" 401 172
Unauthorized: /api/proof_list/
"GET /api/proof_list/ HTTP/1.1" 401 172
Unauthorized: /api/proof_list/
"GET /api/proof_list/ HTTP/1.1" 401 172
Unauthorized: /api/proof_list/
"GET /api/proof_list/ HTTP/1.1" 401 172
Unauthorized: /api/proof_list/
"GET /api/proof_list/ HTTP/1.1" 401 172
Unauthorized: /api/proof_list/
"GET /api/proof_list/ HTTP/1.1" 401 172
Unauthorized: /api/proof_list/
"GET /api/proof_list/ HTTP/1.1" 401 172
Unauthorized: /api/proof_list/
"GET /api/proof_list/ HTTP/1.1" 401 172
Unauthorized: /api/proof_list/
"GET /api/proof_list/ HTTP/1.1" 401 172
Unauthorized: /api/proof_list/
"GET /api/proof_list/ HTTP/1.1" 401 172
Unauthorized: /api/proof_list/
"GET /api/proof_list/ HTTP/1.1" 401 172
Unauthorized: /api/proof_list/
"GET /api/proof_list/ HTTP/1.1" 401 172
Unauthorized: /api/proof_list/
"GET /api/proof_list/ HTTP/1.1" 401 172
Watching for file changes with StatReloader
"GET / HTTP/1.1" 302 0
"GET / HTTP/1.1" 302 0
"GET /dashboard/login/?next=/ HTTP/1.1" 200 3348
"GET /dashboard/login/?next=/ HTTP/1.1" 200 3348
"GET /static/dashboard/css/login.css HTTP/1.1" 200 13475
Not Found: /favicon.ico
"GET /favicon.ico HTTP/1.1" 404 18718
"POST /dashboard/login/?next=/ HTTP/1.1" 200 3635
Watching for file changes with StatReloader
"GET / HTTP/1.1" 302 0
"GET /dashboard/login/?next=/ HTTP/1.1" 200 3348
"POST /dashboard/login/?next=/ HTTP/1.1" 200 3635
"POST /dashboard/login/?next=/ HTTP/1.1" 302 0
"GET /dashboard/ HTTP/1.1" 200 40267
"GET /static/css/enhanced-styles.css HTTP/1.1" 404 1883
"GET /static/dashboard/css/base.css HTTP/1.1" 200 17289
"GET /static/dashboard/css/admin_dashboard.css HTTP/1.1" 200 6934
"GET /dashboard/analytics/ HTTP/1.1" 200 46434
"GET /static/css/enhanced-styles.css HTTP/1.1" 404 1883
"GET /static/dashboard/css/analystics.css HTTP/1.1" 200 7933
"GET /dashboard/users/ HTTP/1.1" 200 72489
"GET /static/css/enhanced-styles.css HTTP/1.1" 404 1883
"GET /static/dashboard/css/users.css HTTP/1.1" 200 9532
"GET /users/edit/54/?modal=1 HTTP/1.1" 200 3514
"GET /users/edit/54/?modal=1 HTTP/1.1" 200 3514
C:\Users\Atong Abraham\Desktop\projects\bior\Bil_backend\dashboard\forms.py changed, reloading.
Watching for file changes with StatReloader
C:\Users\Atong Abraham\Desktop\projects\bior\Bil_backend\dashboard\forms.py changed, reloading.
Watching for file changes with StatReloader
"GET /dashboard/proofs/ HTTP/1.1" 200 35100
"GET /static/dashboard/css/proofs.css HTTP/1.1" 200 3863
"GET /static/css/enhanced-styles.css HTTP/1.1" 404 1883
"GET /media/proof-images/IMG_20251007_092118_607rZfd.jpg HTTP/1.1" 200 144481
"GET /media/proof-images/IMG_20251007_092118_ugIf5BA.jpg HTTP/1.1" 200 144481
"GET /media/proof-images/IMG_20251007_092118_KmpJoyt.jpg HTTP/1.1" 200 144481
"GET /media/proof-images/IMG_20251007_092118_mIQRGKj.jpg HTTP/1.1" 200 144481
"GET /media/proof-images/IMG_20251007_092118_33LBPdE.jpg HTTP/1.1" 200 144481
"GET /dashboard/company-info/ HTTP/1.1" 200 25023
"GET /static/css/enhanced-styles.css HTTP/1.1" 404 1883
"GET /media/company-images/logo_VLtFmIn.jpg HTTP/1.1" 200 105430
"GET /dashboard/company-info/add/ HTTP/1.1" 200 23694
"GET /static/css/enhanced-styles.css HTTP/1.1" 404 1883
"GET /static/dashboard/js/company_form.js HTTP/1.1" 200 1525
"GET /dashboard/company-info/ HTTP/1.1" 200 25023
"GET /static/css/enhanced-styles.css HTTP/1.1" 404 1883
"GET /dashboard/company-info/edit/3/ HTTP/1.1" 200 23749
"GET /static/css/enhanced-styles.css HTTP/1.1" 404 1883
"GET /dashboard/company-info/ HTTP/1.1" 200 25023
"GET /static/css/enhanced-styles.css HTTP/1.1" 404 1883
"GET /dashboard/agents/ HTTP/1.1" 200 21907
"GET /static/css/enhanced-styles.css HTTP/1.1" 404 1883
"GET /dashboard/countries/ HTTP/1.1" 200 22803
"GET /static/css/enhanced-styles.css HTTP/1.1" 404 1883
"GET /dashboard/countries/add/ HTTP/1.1" 200 21419
"GET /static/css/enhanced-styles.css HTTP/1.1" 404 1883
"GET /dashboard/countries/ HTTP/1.1" 200 22803
"GET /static/css/enhanced-styles.css HTTP/1.1" 404 1883
"GET /dashboard/currencies/ HTTP/1.1" 200 22692
"GET /static/css/enhanced-styles.css HTTP/1.1" 404 1883
"GET /dashboard/currencies/add/ HTTP/1.1" 200 21853
"GET /static/css/enhanced-styles.css HTTP/1.1" 404 1883
"GET /dashboard/currencies/ HTTP/1.1" 200 22692
"GET /static/css/enhanced-styles.css HTTP/1.1" 404 1883
"GET /dashboard/countries/ HTTP/1.1" 200 22803
"GET /static/css/enhanced-styles.css HTTP/1.1" 404 1883
"GET /dashboard/countries/add/ HTTP/1.1" 200 21419
"GET /static/css/enhanced-styles.css HTTP/1.1" 404 1883
"GET /dashboard/countries/ HTTP/1.1" 200 22803
"GET /static/css/enhanced-styles.css HTTP/1.1" 404 1883
C:\Users\Atong Abraham\Desktop\projects\bior\Bil_backend\dashboard\forms.py changed, reloading.
Watching for file changes with StatReloader
"GET /dashboard/countries/ HTTP/1.1" 200 22803
"GET /static/css/enhanced-styles.css HTTP/1.1" 404 1883
"GET /dashboard/countries/add/ HTTP/1.1" 200 21280
"GET /static/css/enhanced-styles.css HTTP/1.1" 404 1883
"POST /dashboard/countries/add/ HTTP/1.1" 302 0
"GET /dashboard/countries/ HTTP/1.1" 200 23774
"GET /static/css/enhanced-styles.css HTTP/1.1" 404 1883
"GET /dashboard/countries/ HTTP/1.1" 200 23251
"GET /static/css/enhanced-styles.css HTTP/1.1" 404 1883
"GET /dashboard/countries/edit/3/ HTTP/1.1" 200 21295
"GET /static/css/enhanced-styles.css HTTP/1.1" 404 1883
"GET /dashboard/countries/ HTTP/1.1" 200 23251
"GET /static/css/enhanced-styles.css HTTP/1.1" 404 1883
"GET /dashboard/currencies/ HTTP/1.1" 200 22692
"GET /static/css/enhanced-styles.css HTTP/1.1" 404 1883
"GET /dashboard/currencies/add/ HTTP/1.1" 200 21889
"GET /static/css/enhanced-styles.css HTTP/1.1" 404 1883
"GET /dashboard/currencies/ HTTP/1.1" 200 22692
"GET /static/css/enhanced-styles.css HTTP/1.1" 404 1883
"GET /dashboard/currencies/add/ HTTP/1.1" 200 21889
"GET /static/css/enhanced-styles.css HTTP/1.1" 404 1883
"POST /dashboard/currencies/add/ HTTP/1.1" 302 0
"GET /dashboard/currencies/ HTTP/1.1" 200 23631
"GET /static/css/enhanced-styles.css HTTP/1.1" 404 1883
"GET /dashboard/charge-rules/ HTTP/1.1" 200 23192
"GET /static/css/enhanced-styles.css HTTP/1.1" 404 1883
"GET /dashboard/currencies/ HTTP/1.1" 200 23165
"GET /static/css/enhanced-styles.css HTTP/1.1" 404 1883
"GET /dashboard/currencies/edit/2/ HTTP/1.1" 200 21917
"GET /static/css/enhanced-styles.css HTTP/1.1" 404 1883
"GET /dashboard/currencies/ HTTP/1.1" 200 23165
"GET /static/css/enhanced-styles.css HTTP/1.1" 404 1883
"GET /dashboard/charge-rules/ HTTP/1.1" 200 23192
"GET /static/css/enhanced-styles.css HTTP/1.1" 404 1883
"GET /dashboard/charge-rules/add/ HTTP/1.1" 200 22418
"GET /static/css/enhanced-styles.css HTTP/1.1" 404 1883
"GET /dashboard/charge-rules/ HTTP/1.1" 200 23192
"GET /static/css/enhanced-styles.css HTTP/1.1" 404 1883
"GET /dashboard/charge-rules/add/ HTTP/1.1" 200 22418
"GET /static/css/enhanced-styles.css HTTP/1.1" 404 1883
"GET /dashboard/charge-rules/ HTTP/1.1" 200 23192
"GET /static/css/enhanced-styles.css HTTP/1.1" 404 1883
"GET /dashboard/exchange-rates/ HTTP/1.1" 200 21784
"GET /static/css/enhanced-styles.css HTTP/1.1" 404 1883
"GET /dashboard/exchange-rates/add/ HTTP/1.1" 200 22963
"GET /static/css/enhanced-styles.css HTTP/1.1" 404 1883
"GET /dashboard/exchange-rates/add/ HTTP/1.1" 200 22942
"GET /static/css/enhanced-styles.css HTTP/1.1" 404 1883
"GET /dashboard/exchange-rates/ HTTP/1.1" 200 21784
"GET /static/css/enhanced-styles.css HTTP/1.1" 404 1883
"GET /dashboard/exchange-rates/add/ HTTP/1.1" 200 22942
"GET /static/css/enhanced-styles.css HTTP/1.1" 404 1883
"GET /dashboard/exchange-rates/ HTTP/1.1" 200 21784
"GET /static/css/enhanced-styles.css HTTP/1.1" 404 1883
C:\Users\Atong Abraham\Desktop\projects\bior\Bil_backend\api\models.py changed, reloading.
Watching for file changes with StatReloader
C:\Users\Atong Abraham\Desktop\projects\bior\Bil_backend\api\utils.py changed, reloading.
Watching for file changes with StatReloader
C:\Users\Atong Abraham\Desktop\projects\bior\Bil_backend\api\utils.py changed, reloading.
Watching for file changes with StatReloader
C:\Users\Atong Abraham\Desktop\projects\bior\Bil_backend\api\utils.py changed, reloading.
Watching for file changes with StatReloader
C:\Users\Atong Abraham\Desktop\projects\bior\Bil_backend\api\utils.py changed, reloading.
Watching for file changes with StatReloader
C:\Users\Atong Abraham\Desktop\projects\bior\Bil_backend\api\models.py changed, reloading.
Watching for file changes with StatReloader
C:\Users\Atong Abraham\Desktop\projects\bior\Bil_backend\api\models.py changed, reloading.
Watching for file changes with StatReloader
C:\Users\Atong Abraham\Desktop\projects\bior\Bil_backend\api\models.py changed, reloading.
Watching for file changes with StatReloader
C:\Users\Atong Abraham\Desktop\projects\bior\Bil_backend\dashboard\views.py changed, reloading.
Watching for file changes with StatReloader
C:\Users\Atong Abraham\Desktop\projects\bior\Bil_backend\dashboard\views.py changed, reloading.
Watching for file changes with StatReloader
C:\Users\Atong Abraham\Desktop\projects\bior\Bil_backend\dashboard\views.py changed, reloading.
Watching for file changes with StatReloader
C:\Users\Atong Abraham\Desktop\projects\bior\Bil_backend\dashboard\views.py changed, reloading.
Watching for file changes with StatReloader
C:\Users\Atong Abraham\Desktop\projects\bior\Bil_backend\dashboard\views.py changed, reloading.
Watching for file changes with StatReloader
C:\Users\Atong Abraham\Desktop\projects\bior\Bil_backend\dashboard\views.py changed, reloading.
Watching for file changes with StatReloader
C:\Users\Atong Abraham\Desktop\projects\bior\Bil_backend\dashboard\views.py changed, reloading.
Watching for file changes with StatReloader
C:\Users\Atong Abraham\Desktop\projects\bior\Bil_backend\dashboard\views.py changed, reloading.
Watching for file changes with StatReloader
C:\Users\Atong Abraham\Desktop\projects\bior\Bil_backend\dashboard\views.py changed, reloading.
Watching for file changes with StatReloader
C:\Users\Atong Abraham\Desktop\projects\bior\Bil_backend\dashboard\views.py changed, reloading.
Watching for file changes with StatReloader
C:\Users\Atong Abraham\Desktop\projects\bior\Bil_backend\dashboard\views.py changed, reloading.
Watching for file changes with StatReloader
C:\Users\Atong Abraham\Desktop\projects\bior\Bil_backend\dashboard\views.py changed, reloading.
Watching for file changes with StatReloader
C:\Users\Atong Abraham\Desktop\projects\bior\Bil_backend\dashboard\views.py changed, reloading.
Watching for file changes with StatReloader
C:\Users\Atong Abraham\Desktop\projects\bior\Bil_backend\dashboard\views.py changed, reloading.
Watching for file changes with StatReloader
C:\Users\Atong Abraham\Desktop\projects\bior\Bil_backend\dashboard\views.py changed, reloading.
Watching for file changes with StatReloader
C:\Users\Atong Abraham\Desktop\projects\bior\Bil_backend\dashboard\views.py changed, reloading.
Watching for file changes with StatReloader
C:\Users\Atong Abraham\Desktop\projects\bior\Bil_backend\dashboard\views.py changed, reloading.
Watching for file changes with StatReloader
C:\Users\Atong Abraham\Desktop\projects\bior\Bil_backend\dashboard\views.py changed, reloading.
Watching for file changes with StatReloader
C:\Users\Atong Abraham\Desktop\projects\bior\Bil_backend\dashboard\views.py changed, reloading.
Watching for file changes with StatReloader
C:\Users\Atong Abraham\Desktop\projects\bior\Bil_backend\dashboard\views.py changed, reloading.
Watching for file changes with StatReloader
C:\Users\Atong Abraham\Desktop\projects\bior\Bil_backend\dashboard\views.py changed, reloading.
Watching for file changes with StatReloader
C:\Users\Atong Abraham\Desktop\projects\bior\Bil_backend\dashboard\views.py changed, reloading.
Watching for file changes with StatReloader
C:\Users\Atong Abraham\Desktop\projects\bior\Bil_backend\dashboard\views.py changed, reloading.
Watching for file changes with StatReloader
C:\Users\Atong Abraham\Desktop\projects\bior\Bil_backend\dashboard\views.py changed, reloading.
Watching for file changes with StatReloader
C:\Users\Atong Abraham\Desktop\projects\bior\Bil_backend\dashboard\views.py changed, reloading.
Watching for file changes with StatReloader
C:\Users\Atong Abraham\Desktop\projects\bior\Bil_backend\dashboard\views.py changed, reloading.
Watching for file changes with StatReloader
C:\Users\Atong Abraham\Desktop\projects\bior\Bil_backend\dashboard\views.py changed, reloading.
Watching for file changes with StatReloader
C:\Users\Atong Abraham\Desktop\projects\bior\Bil_backend\dashboard\views.py changed, reloading.
Watching for file changes with StatReloader
C:\Users\Atong Abraham\Desktop\projects\bior\Bil_backend\dashboard\views.py changed, reloading.
Watching for file changes with StatReloader
C:\Users\Atong Abraham\Desktop\projects\bior\Bil_backend\dashboard\views.py changed, reloading.
Watching for file changes with StatReloader
C:\Users\Atong Abraham\Desktop\projects\bior\Bil_backend\dashboard\views.py changed, reloading.
Watching for file changes with StatReloader
C:\Users\Atong Abraham\Desktop\projects\bior\Bil_backend\dashboard\views.py changed, reloading.
Watching for file changes with StatReloader
C:\Users\Atong Abraham\Desktop\projects\bior\Bil_backend\dashboard\views.py changed, reloading.
Watching for file changes with StatReloader
C:\Users\Atong Abraham\Desktop\projects\bior\Bil_backend\dashboard\views.py changed, reloading.
Watching for file changes with StatReloader
C:\Users\Atong Abraham\Desktop\projects\bior\Bil_backend\dashboard\views.py changed, reloading.
Watching for file changes with StatReloader
C:\Users\Atong Abraham\Desktop\projects\bior\Bil_backend\dashboard\views.py changed, reloading.
Watching for file changes with StatReloader
C:\Users\Atong Abraham\Desktop\projects\bior\Bil_backend\dashboard\views.py changed, reloading.
Watching for file changes with StatReloader
Internal Server Error: /dashboard/exchange-rates/
Traceback (most recent call last):
  File "C:\Users\Atong Abraham\Desktop\projects\bior\Bil_backend\venv\Lib\site-packages\django\core\handlers\exception.py", line 55, in inner
    response = get_response(request)
  File "C:\Users\Atong Abraham\Desktop\projects\bior\Bil_backend\venv\Lib\site-packages\django\core\handlers\base.py", line 197, in _get_response
    response = wrapped_callback(request, *callback_args, **callback_kwargs)
  File "C:\Users\Atong Abraham\Desktop\projects\bior\Bil_backend\dashboard\views.py", line 1343, in exchange_rate_list
    rates = ExchangeRate.objects.select_related('currency', 'country').all().order_by('currency__code')
  File "C:\Users\Atong Abraham\Desktop\projects\bior\Bil_backend\venv\Lib\site-packages\django\db\models\query.py", line 1722, in order_by
    obj.query.add_ordering(*field_names)
    ~~~~~~~~~~~~~~~~~~~~~~^^^^^^^^^^^^^^
  File "C:\Users\Atong Abraham\Desktop\projects\bior\Bil_backend\venv\Lib\site-packages\django\db\models\sql\query.py", line 2305, in add_ordering
    self.names_to_path(item.split(LOOKUP_SEP), self.model._meta)
    ~~~~~~~~~~~~~~~~~~^^^^^^^^^^^^^^^^^^^^^^^^^^^^^^^^^^^^^^^^^^
  File "C:\Users\Atong Abraham\Desktop\projects\bior\Bil_backend\venv\Lib\site-packages\django\db\models\sql\query.py", line 1806, in names_to_path
    raise FieldError(
    ...<2 lines>...
    )
django.core.exceptions.FieldError: Cannot resolve keyword 'currency' into field. Choices are: base_currency, base_currency_id, created_at, id, rate, source, target_currency, target_currency_id, valid_from, valid_to
"GET /dashboard/exchange-rates/ HTTP/1.1" 500 92244
Watching for file changes with StatReloader
"GET / HTTP/1.1" 302 0
"GET /dashboard/login/?next=/ HTTP/1.1" 200 3348
"GET /static/dashboard/css/login.css HTTP/1.1" 200 13475
Not Found: /favicon.ico
"GET /favicon.ico HTTP/1.1" 404 18718
"GET /admin HTTP/1.1" 301 0
"GET /admin/ HTTP/1.1" 302 0
"GET /admin/login/?next=/admin/ HTTP/1.1" 200 3041
"GET /static/vendor/fontawesome-free/css/all.min.css HTTP/1.1" 200 103009
"GET /static/vendor/adminlte/img/AdminLTELogo.png HTTP/1.1" 200 2637
"GET /static/jazzmin/css/main.css HTTP/1.1" 200 16969
"GET /static/vendor/adminlte/js/adminlte.min.js HTTP/1.1" 200 44244
"GET /static/vendor/bootstrap/js/bootstrap.min.js HTTP/1.1" 200 62440
"GET /static/vendor/adminlte/css/adminlte.min.css HTTP/1.1" 200 1382975
"GET /static/admin/js/vendor/jquery/jquery.js HTTP/1.1" 200 285314
"GET /static/vendor/fontawesome-free/webfonts/fa-solid-900.woff2 HTTP/1.1" 200 156400
"POST /admin/login/?next=/admin/ HTTP/1.1" 302 0
"GET /admin/ HTTP/1.1" 200 46428
"GET /static/jazzmin/js/main.js HTTP/1.1" 200 2391
"GET /static/jazzmin/js/ui-builder.js HTTP/1.1" 200 13873
"GET /static/vendor/fontawesome-free/webfonts/fa-regular-400.woff2 HTTP/1.1" 200 25392
"GET /admin/api/user/ HTTP/1.1" 200 48591
"GET /static/admin/js/jquery.init.js HTTP/1.1" 200 347
"GET /static/vendor/select2/css/select2.min.css HTTP/1.1" 200 16264
"GET /static/admin/js/admin/RelatedObjectLookups.js HTTP/1.1" 200 9777
"GET /static/admin/js/core.js HTTP/1.1" 200 6208
"GET /static/admin/js/actions.js HTTP/1.1" 200 8076
"GET /static/admin/img/icon-yes.svg HTTP/1.1" 200 436
"GET /static/admin/js/prepopulate.js HTTP/1.1" 200 1531
"GET /static/jazzmin/js/change_list.js HTTP/1.1" 200 2252
"GET /static/vendor/select2/js/select2.min.js HTTP/1.1" 200 73170
"GET /static/admin/js/urlify.js HTTP/1.1" 200 7887
"GET /admin/jsi18n/ HTTP/1.1" 200 3342
"GET /media/profile_images/11.jpg HTTP/1.1" 200 81238
"GET /static/admin/js/vendor/xregexp/xregexp.js HTTP/1.1" 200 325171
"GET /static/admin/img/icon-no.svg HTTP/1.1" 200 560
"GET /media/profile_images/profile_1765018760994.jpg HTTP/1.1" 200 144481
"GET / HTTP/1.1" 200 41498
"GET /static/css/enhanced-styles.css HTTP/1.1" 404 1883
"GET /static/dashboard/css/admin_dashboard.css HTTP/1.1" 200 6934
"GET /static/dashboard/css/base.css HTTP/1.1" 200 17289
Internal Server Error: /dashboard/exchange-rates/
Traceback (most recent call last):
  File "C:\Users\Atong Abraham\Desktop\projects\bior\Bil_backend\venv\Lib\site-packages\django\core\handlers\exception.py", line 55, in inner
    response = get_response(request)
  File "C:\Users\Atong Abraham\Desktop\projects\bior\Bil_backend\venv\Lib\site-packages\django\core\handlers\base.py", line 197, in _get_response
    response = wrapped_callback(request, *callback_args, **callback_kwargs)
  File "C:\Users\Atong Abraham\Desktop\projects\bior\Bil_backend\dashboard\views.py", line 1343, in exchange_rate_list
    rates = ExchangeRate.objects.select_related('currency', 'country').all().order_by('currency__code')
  File "C:\Users\Atong Abraham\Desktop\projects\bior\Bil_backend\venv\Lib\site-packages\django\db\models\query.py", line 1722, in order_by
    obj.query.add_ordering(*field_names)
    ~~~~~~~~~~~~~~~~~~~~~~^^^^^^^^^^^^^^
  File "C:\Users\Atong Abraham\Desktop\projects\bior\Bil_backend\venv\Lib\site-packages\django\db\models\sql\query.py", line 2305, in add_ordering
    self.names_to_path(item.split(LOOKUP_SEP), self.model._meta)
    ~~~~~~~~~~~~~~~~~~^^^^^^^^^^^^^^^^^^^^^^^^^^^^^^^^^^^^^^^^^^
  File "C:\Users\Atong Abraham\Desktop\projects\bior\Bil_backend\venv\Lib\site-packages\django\db\models\sql\query.py", line 1806, in names_to_path
    raise FieldError(
    ...<2 lines>...
    )
django.core.exceptions.FieldError: Cannot resolve keyword 'currency' into field. Choices are: base_currency, base_currency_id, created_at, id, rate, source, target_currency, target_currency_id, valid_from, valid_to
"GET /dashboard/exchange-rates/ HTTP/1.1" 500 91765
"GET /dashboard/currencies/ HTTP/1.1" 200 23157
"GET /static/css/enhanced-styles.css HTTP/1.1" 404 1883
Watching for file changes with StatReloader
"GET / HTTP/1.1" 302 0
"GET /dashboard/login/?next=/ HTTP/1.1" 200 3348
"GET /admin/ HTTP/1.1" 302 0
"GET /admin/login/?next=/admin/ HTTP/1.1" 200 3041
"POST /admin/login/?next=/admin/ HTTP/1.1" 302 0
"GET /admin/ HTTP/1.1" 200 46426
"GET /admin/api/user/ HTTP/1.1" 200 41704
"GET /admin/jsi18n/ HTTP/1.1" 200 3342
"GET /admin/api/user/add/ HTTP/1.1" 200 40580
"GET /admin/jsi18n/ HTTP/1.1" 200 3342
"GET /static/admin/js/prepopulate_init.js HTTP/1.1" 200 586
"GET /static/admin/js/change_form.js HTTP/1.1" 200 606
"GET /static/jazzmin/js/change_form.js HTTP/1.1" 200 6052
"POST /admin/api/user/add/ HTTP/1.1" 302 0
"GET /admin/api/user/2/change/ HTTP/1.1" 200 49163
"GET /admin/jsi18n/ HTTP/1.1" 200 3342
"GET /static/admin/js/calendar.js HTTP/1.1" 200 9141
"GET /static/admin/js/admin/DateTimeShortcuts.js HTTP/1.1" 200 19319
"GET / HTTP/1.1" 200 37104
"GET /static/css/enhanced-styles.css HTTP/1.1" 404 1883
Internal Server Error: /dashboard/exchange-rates/
Traceback (most recent call last):
  File "C:\Users\Atong Abraham\Desktop\projects\bior\Bil_backend\venv\Lib\site-packages\django\core\handlers\exception.py", line 55, in inner
    response = get_response(request)
  File "C:\Users\Atong Abraham\Desktop\projects\bior\Bil_backend\venv\Lib\site-packages\django\core\handlers\base.py", line 197, in _get_response
    response = wrapped_callback(request, *callback_args, **callback_kwargs)
  File "C:\Users\Atong Abraham\Desktop\projects\bior\Bil_backend\dashboard\views.py", line 1343, in exchange_rate_list
    rates = ExchangeRate.objects.select_related('currency', 'country').all().order_by('currency__code')
  File "C:\Users\Atong Abraham\Desktop\projects\bior\Bil_backend\venv\Lib\site-packages\django\db\models\query.py", line 1722, in order_by
    obj.query.add_ordering(*field_names)
    ~~~~~~~~~~~~~~~~~~~~~~^^^^^^^^^^^^^^
  File "C:\Users\Atong Abraham\Desktop\projects\bior\Bil_backend\venv\Lib\site-packages\django\db\models\sql\query.py", line 2305, in add_ordering
    self.names_to_path(item.split(LOOKUP_SEP), self.model._meta)
    ~~~~~~~~~~~~~~~~~~^^^^^^^^^^^^^^^^^^^^^^^^^^^^^^^^^^^^^^^^^^
  File "C:\Users\Atong Abraham\Desktop\projects\bior\Bil_backend\venv\Lib\site-packages\django\db\models\sql\query.py", line 1806, in names_to_path
    raise FieldError(
    ...<2 lines>...
    )
django.core.exceptions.FieldError: Cannot resolve keyword 'currency' into field. Choices are: base_currency, base_currency_id, created_at, id, rate, source, target_currency, target_currency_id, valid_from, valid_to
"GET /dashboard/exchange-rates/ HTTP/1.1" 500 91765
"GET /dashboard/charge-rules/ HTTP/1.1" 200 21470
"GET /static/css/enhanced-styles.css HTTP/1.1" 404 1883
"GET /dashboard/upload-proof-steps/ HTTP/1.1" 200 21490
"GET /static/css/enhanced-styles.css HTTP/1.1" 404 1883
"GET /dashboard/charge-rules/ HTTP/1.1" 200 21470
"GET /static/css/enhanced-styles.css HTTP/1.1" 404 1883
Internal Server Error: /dashboard/exchange-rates/
Traceback (most recent call last):
  File "C:\Users\Atong Abraham\Desktop\projects\bior\Bil_backend\venv\Lib\site-packages\django\core\handlers\exception.py", line 55, in inner
    response = get_response(request)
  File "C:\Users\Atong Abraham\Desktop\projects\bior\Bil_backend\venv\Lib\site-packages\django\core\handlers\base.py", line 197, in _get_response
    response = wrapped_callback(request, *callback_args, **callback_kwargs)
  File "C:\Users\Atong Abraham\Desktop\projects\bior\Bil_backend\dashboard\views.py", line 1343, in exchange_rate_list
    rates = ExchangeRate.objects.select_related('currency', 'country').all().order_by('currency__code')
  File "C:\Users\Atong Abraham\Desktop\projects\bior\Bil_backend\venv\Lib\site-packages\django\db\models\query.py", line 1722, in order_by
    obj.query.add_ordering(*field_names)
    ~~~~~~~~~~~~~~~~~~~~~~^^^^^^^^^^^^^^
  File "C:\Users\Atong Abraham\Desktop\projects\bior\Bil_backend\venv\Lib\site-packages\django\db\models\sql\query.py", line 2305, in add_ordering
    self.names_to_path(item.split(LOOKUP_SEP), self.model._meta)
    ~~~~~~~~~~~~~~~~~~^^^^^^^^^^^^^^^^^^^^^^^^^^^^^^^^^^^^^^^^^^
  File "C:\Users\Atong Abraham\Desktop\projects\bior\Bil_backend\venv\Lib\site-packages\django\db\models\sql\query.py", line 1806, in names_to_path
    raise FieldError(
    ...<2 lines>...
    )
django.core.exceptions.FieldError: Cannot resolve keyword 'currency' into field. Choices are: base_currency, base_currency_id, created_at, id, rate, source, target_currency, target_currency_id, valid_from, valid_to
"GET /dashboard/exchange-rates/ HTTP/1.1" 500 91788
C:\Users\Atong Abraham\Desktop\projects\bior\Bil_backend\dashboard\views.py changed, reloading.
Watching for file changes with StatReloader
"GET /dashboard/exchange-rates/ HTTP/1.1" 200 21422
"GET /static/css/enhanced-styles.css HTTP/1.1" 404 1883
Internal Server Error: /dashboard/exchange-rates/add/
Traceback (most recent call last):
  File "C:\Users\Atong Abraham\Desktop\projects\bior\Bil_backend\venv\Lib\site-packages\django\core\handlers\exception.py", line 55, in inner
    response = get_response(request)
  File "C:\Users\Atong Abraham\Desktop\projects\bior\Bil_backend\venv\Lib\site-packages\django\core\handlers\base.py", line 197, in _get_response
    response = wrapped_callback(request, *callback_args, **callback_kwargs)
  File "C:\Users\Atong Abraham\Desktop\projects\bior\Bil_backend\dashboard\views.py", line 613, in exchange_rate_add
    return render(request, "exchange_rate/exchange_rate_form.html", {
        "currencies": currencies,
        "action": "Add",
    })
  File "C:\Users\Atong Abraham\Desktop\projects\bior\Bil_backend\venv\Lib\site-packages\django\shortcuts.py", line 25, in render
    content = loader.render_to_string(template_name, context, request, using=using)
  File "C:\Users\Atong Abraham\Desktop\projects\bior\Bil_backend\venv\Lib\site-packages\django\template\loader.py", line 61, in render_to_string
    template = get_template(template_name, using=using)
  File "C:\Users\Atong Abraham\Desktop\projects\bior\Bil_backend\venv\Lib\site-packages\django\template\loader.py", line 15, in get_template
    return engine.get_template(template_name)
           ~~~~~~~~~~~~~~~~~~~^^^^^^^^^^^^^^^
  File "C:\Users\Atong Abraham\Desktop\projects\bior\Bil_backend\venv\Lib\site-packages\django\template\backends\django.py", line 79, in get_template
    return Template(self.engine.get_template(template_name), self)
                    ~~~~~~~~~~~~~~~~~~~~~~~~^^^^^^^^^^^^^^^
  File "C:\Users\Atong Abraham\Desktop\projects\bior\Bil_backend\venv\Lib\site-packages\django\template\engine.py", line 177, in get_template
    template, origin = self.find_template(template_name)
                       ~~~~~~~~~~~~~~~~~~^^^^^^^^^^^^^^^
  File "C:\Users\Atong Abraham\Desktop\projects\bior\Bil_backend\venv\Lib\site-packages\django\template\engine.py", line 159, in find_template
    template = loader.get_template(name, skip=skip)
  File "C:\Users\Atong Abraham\Desktop\projects\bior\Bil_backend\venv\Lib\site-packages\django\template\loaders\cached.py", line 57, in get_template
    template = super().get_template(template_name, skip)
  File "C:\Users\Atong Abraham\Desktop\projects\bior\Bil_backend\venv\Lib\site-packages\django\template\loaders\base.py", line 28, in get_template
    return Template(
        contents,
    ...<2 lines>...
        self.engine,
    )
  File "C:\Users\Atong Abraham\Desktop\projects\bior\Bil_backend\venv\Lib\site-packages\django\template\base.py", line 154, in __init__
    self.nodelist = self.compile_nodelist()
                    ~~~~~~~~~~~~~~~~~~~~~^^
  File "C:\Users\Atong Abraham\Desktop\projects\bior\Bil_backend\venv\Lib\site-packages\django\template\base.py", line 196, in compile_nodelist
    nodelist = parser.parse()
  File "C:\Users\Atong Abraham\Desktop\projects\bior\Bil_backend\venv\Lib\site-packages\django\template\base.py", line 518, in parse
    raise self.error(token, e)
  File "C:\Users\Atong Abraham\Desktop\projects\bior\Bil_backend\venv\Lib\site-packages\django\template\base.py", line 516, in parse
    compiled_result = compile_func(self, token)
  File "C:\Users\Atong Abraham\Desktop\projects\bior\Bil_backend\venv\Lib\site-packages\django\template\loader_tags.py", line 299, in do_extends
    nodelist = parser.parse()
  File "C:\Users\Atong Abraham\Desktop\projects\bior\Bil_backend\venv\Lib\site-packages\django\template\base.py", line 518, in parse
    raise self.error(token, e)
  File "C:\Users\Atong Abraham\Desktop\projects\bior\Bil_backend\venv\Lib\site-packages\django\template\base.py", line 516, in parse
    compiled_result = compile_func(self, token)
  File "C:\Users\Atong Abraham\Desktop\projects\bior\Bil_backend\venv\Lib\site-packages\django\template\loader_tags.py", line 234, in do_block
    nodelist = parser.parse(("endblock",))
  File "C:\Users\Atong Abraham\Desktop\projects\bior\Bil_backend\venv\Lib\site-packages\django\template\base.py", line 489, in parse
    raise self.error(token, e)
  File "C:\Users\Atong Abraham\Desktop\projects\bior\Bil_backend\venv\Lib\site-packages\django\template\base.py", line 487, in parse
    filter_expression = self.compile_filter(token.contents)
  File "C:\Users\Atong Abraham\Desktop\projects\bior\Bil_backend\venv\Lib\site-packages\django\template\base.py", line 609, in compile_filter
    return FilterExpression(token, self)
  File "C:\Users\Atong Abraham\Desktop\projects\bior\Bil_backend\venv\Lib\site-packages\django\template\base.py", line 710, in __init__
    raise TemplateSyntaxError(
    ...<2 lines>...
    )
django.template.exceptions.TemplateSyntaxError: Could not parse the remainder: ' if rate.valid_from' from 'rate.valid_from|date:'Y-m-d\TH:i' if rate.valid_from'
"GET /dashboard/exchange-rates/add/ HTTP/1.1" 500 197328
Internal Server Error: /dashboard/exchange-rates/add/
Traceback (most recent call last):
  File "C:\Users\Atong Abraham\Desktop\projects\bior\Bil_backend\venv\Lib\site-packages\django\core\handlers\exception.py", line 55, in inner
    response = get_response(request)
  File "C:\Users\Atong Abraham\Desktop\projects\bior\Bil_backend\venv\Lib\site-packages\django\core\handlers\base.py", line 197, in _get_response
    response = wrapped_callback(request, *callback_args, **callback_kwargs)
  File "C:\Users\Atong Abraham\Desktop\projects\bior\Bil_backend\dashboard\views.py", line 613, in exchange_rate_add
    return render(request, "exchange_rate/exchange_rate_form.html", {
        "currencies": currencies,
        "action": "Add",
    })
  File "C:\Users\Atong Abraham\Desktop\projects\bior\Bil_backend\venv\Lib\site-packages\django\shortcuts.py", line 25, in render
    content = loader.render_to_string(template_name, context, request, using=using)
  File "C:\Users\Atong Abraham\Desktop\projects\bior\Bil_backend\venv\Lib\site-packages\django\template\loader.py", line 61, in render_to_string
    template = get_template(template_name, using=using)
  File "C:\Users\Atong Abraham\Desktop\projects\bior\Bil_backend\venv\Lib\site-packages\django\template\loader.py", line 15, in get_template
    return engine.get_template(template_name)
           ~~~~~~~~~~~~~~~~~~~^^^^^^^^^^^^^^^
  File "C:\Users\Atong Abraham\Desktop\projects\bior\Bil_backend\venv\Lib\site-packages\django\template\backends\django.py", line 79, in get_template
    return Template(self.engine.get_template(template_name), self)
                    ~~~~~~~~~~~~~~~~~~~~~~~~^^^^^^^^^^^^^^^
  File "C:\Users\Atong Abraham\Desktop\projects\bior\Bil_backend\venv\Lib\site-packages\django\template\engine.py", line 177, in get_template
    template, origin = self.find_template(template_name)
                       ~~~~~~~~~~~~~~~~~~^^^^^^^^^^^^^^^
  File "C:\Users\Atong Abraham\Desktop\projects\bior\Bil_backend\venv\Lib\site-packages\django\template\engine.py", line 159, in find_template
    template = loader.get_template(name, skip=skip)
  File "C:\Users\Atong Abraham\Desktop\projects\bior\Bil_backend\venv\Lib\site-packages\django\template\loaders\cached.py", line 57, in get_template
    template = super().get_template(template_name, skip)
  File "C:\Users\Atong Abraham\Desktop\projects\bior\Bil_backend\venv\Lib\site-packages\django\template\loaders\base.py", line 28, in get_template
    return Template(
        contents,
    ...<2 lines>...
        self.engine,
    )
  File "C:\Users\Atong Abraham\Desktop\projects\bior\Bil_backend\venv\Lib\site-packages\django\template\base.py", line 154, in __init__
    self.nodelist = self.compile_nodelist()
                    ~~~~~~~~~~~~~~~~~~~~~^^
  File "C:\Users\Atong Abraham\Desktop\projects\bior\Bil_backend\venv\Lib\site-packages\django\template\base.py", line 196, in compile_nodelist
    nodelist = parser.parse()
  File "C:\Users\Atong Abraham\Desktop\projects\bior\Bil_backend\venv\Lib\site-packages\django\template\base.py", line 518, in parse
    raise self.error(token, e)
  File "C:\Users\Atong Abraham\Desktop\projects\bior\Bil_backend\venv\Lib\site-packages\django\template\base.py", line 516, in parse
    compiled_result = compile_func(self, token)
  File "C:\Users\Atong Abraham\Desktop\projects\bior\Bil_backend\venv\Lib\site-packages\django\template\loader_tags.py", line 299, in do_extends
    nodelist = parser.parse()
  File "C:\Users\Atong Abraham\Desktop\projects\bior\Bil_backend\venv\Lib\site-packages\django\template\base.py", line 518, in parse
    raise self.error(token, e)
  File "C:\Users\Atong Abraham\Desktop\projects\bior\Bil_backend\venv\Lib\site-packages\django\template\base.py", line 516, in parse
    compiled_result = compile_func(self, token)
  File "C:\Users\Atong Abraham\Desktop\projects\bior\Bil_backend\venv\Lib\site-packages\django\template\loader_tags.py", line 234, in do_block
    nodelist = parser.parse(("endblock",))
  File "C:\Users\Atong Abraham\Desktop\projects\bior\Bil_backend\venv\Lib\site-packages\django\template\base.py", line 523, in parse
    self.unclosed_block_tag(parse_until)
    ~~~~~~~~~~~~~~~~~~~~~~~^^^^^^^^^^^^^
  File "C:\Users\Atong Abraham\Desktop\projects\bior\Bil_backend\venv\Lib\site-packages\django\template\base.py", line 590, in unclosed_block_tag
    raise self.error(token, msg)
django.template.exceptions.TemplateSyntaxError: Unclosed tag on line 2: 'block'. Looking for one of: endblock.
"GET /dashboard/exchange-rates/add/ HTTP/1.1" 500 184097
"GET /dashboard/exchange-rates/add/ HTTP/1.1" 200 22802
"GET /static/css/enhanced-styles.css HTTP/1.1" 404 1883
"GET /dashboard/countries/ HTTP/1.1" 200 21335
"GET /static/css/enhanced-styles.css HTTP/1.1" 404 1883
"GET /dashboard/countries/add/ HTTP/1.1" 200 21272
"GET /static/css/enhanced-styles.css HTTP/1.1" 404 1883
"POST /dashboard/countries/add/ HTTP/1.1" 302 0
"GET /dashboard/countries/ HTTP/1.1" 200 22207
"GET /static/css/enhanced-styles.css HTTP/1.1" 404 1883
"GET /dashboard/countries/add/ HTTP/1.1" 200 21272
"GET /static/css/enhanced-styles.css HTTP/1.1" 404 1883
Internal Server Error: /dashboard/countries/add/
Traceback (most recent call last):
  File "C:\Users\Atong Abraham\Desktop\projects\bior\Bil_backend\venv\Lib\site-packages\django\db\backends\utils.py", line 105, in _execute
    return self.cursor.execute(sql, params)
           ~~~~~~~~~~~~~~~~~~~^^^^^^^^^^^^^
  File "C:\Users\Atong Abraham\Desktop\projects\bior\Bil_backend\venv\Lib\site-packages\django\db\backends\sqlite3\base.py", line 360, in execute
    return super().execute(query, params)
           ~~~~~~~~~~~~~~~^^^^^^^^^^^^^^^
sqlite3.IntegrityError: UNIQUE constraint failed: api_country.code

The above exception was the direct cause of the following exception:

Traceback (most recent call last):
  File "C:\Users\Atong Abraham\Desktop\projects\bior\Bil_backend\venv\Lib\site-packages\django\core\handlers\exception.py", line 55, in inner
    response = get_response(request)
  File "C:\Users\Atong Abraham\Desktop\projects\bior\Bil_backend\venv\Lib\site-packages\django\core\handlers\base.py", line 197, in _get_response
    response = wrapped_callback(request, *callback_args, **callback_kwargs)
  File "C:\Users\Atong Abraham\Desktop\projects\bior\Bil_backend\venv\Lib\site-packages\django\contrib\auth\decorators.py", line 59, in _view_wrapper
    return view_func(request, *args, **kwargs)
  File "C:\Users\Atong Abraham\Desktop\projects\bior\Bil_backend\dashboard\views.py", line 434, in add_country
    country.save()
    ~~~~~~~~~~~~^^
  File "C:\Users\Atong Abraham\Desktop\projects\bior\Bil_backend\venv\Lib\site-packages\django\db\models\base.py", line 902, in save
    self.save_base(
    ~~~~~~~~~~~~~~^
        using=using,
        ^^^^^^^^^^^^
    ...<2 lines>...
        update_fields=update_fields,
        ^^^^^^^^^^^^^^^^^^^^^^^^^^^^
    )
    ^
  File "C:\Users\Atong Abraham\Desktop\projects\bior\Bil_backend\venv\Lib\site-packages\django\db\models\base.py", line 1008, in save_base
    updated = self._save_table(
        raw,
    ...<4 lines>...
        update_fields,
    )
  File "C:\Users\Atong Abraham\Desktop\projects\bior\Bil_backend\venv\Lib\site-packages\django\db\models\base.py", line 1169, in _save_table
    results = self._do_insert(
        cls._base_manager, using, fields, returning_fields, raw
    )
  File "C:\Users\Atong Abraham\Desktop\projects\bior\Bil_backend\venv\Lib\site-packages\django\db\models\base.py", line 1210, in _do_insert
    return manager._insert(
           ~~~~~~~~~~~~~~~^
        [self],
        ^^^^^^^
    ...<3 lines>...
        raw=raw,
        ^^^^^^^^
    )
    ^
  File "C:\Users\Atong Abraham\Desktop\projects\bior\Bil_backend\venv\Lib\site-packages\django\db\models\manager.py", line 87, in manager_method
    return getattr(self.get_queryset(), name)(*args, **kwargs)
           ~~~~~~~~~~~~~~~~~~~~~~~~~~~~~~~~~~^^^^^^^^^^^^^^^^^
  File "C:\Users\Atong Abraham\Desktop\projects\bior\Bil_backend\venv\Lib\site-packages\django\db\models\query.py", line 1868, in _insert
    return query.get_compiler(using=using).execute_sql(returning_fields)
           ~~~~~~~~~~~~~~~~~~~~~~~~~~~~~~~~~~~~~~~~~~~^^^^^^^^^^^^^^^^^^
  File "C:\Users\Atong Abraham\Desktop\projects\bior\Bil_backend\venv\Lib\site-packages\django\db\models\sql\compiler.py", line 1882, in execute_sql
    cursor.execute(sql, params)
    ~~~~~~~~~~~~~~^^^^^^^^^^^^^
  File "C:\Users\Atong Abraham\Desktop\projects\bior\Bil_backend\venv\Lib\site-packages\django\db\backends\utils.py", line 122, in execute
    return super().execute(sql, params)
           ~~~~~~~~~~~~~~~^^^^^^^^^^^^^
  File "C:\Users\Atong Abraham\Desktop\projects\bior\Bil_backend\venv\Lib\site-packages\django\db\backends\utils.py", line 79, in execute
    return self._execute_with_wrappers(
           ~~~~~~~~~~~~~~~~~~~~~~~~~~~^
        sql, params, many=False, executor=self._execute
        ^^^^^^^^^^^^^^^^^^^^^^^^^^^^^^^^^^^^^^^^^^^^^^^
    )
    ^
  File "C:\Users\Atong Abraham\Desktop\projects\bior\Bil_backend\venv\Lib\site-packages\django\db\backends\utils.py", line 92, in _execute_with_wrappers
    return executor(sql, params, many, context)
  File "C:\Users\Atong Abraham\Desktop\projects\bior\Bil_backend\venv\Lib\site-packages\django\db\backends\utils.py", line 100, in _execute
    with self.db.wrap_database_errors:
         ^^^^^^^^^^^^^^^^^^^^^^^^^^^^
  File "C:\Users\Atong Abraham\Desktop\projects\bior\Bil_backend\venv\Lib\site-packages\django\db\utils.py", line 91, in __exit__
    raise dj_exc_value.with_traceback(traceback) from exc_value
  File "C:\Users\Atong Abraham\Desktop\projects\bior\Bil_backend\venv\Lib\site-packages\django\db\backends\utils.py", line 105, in _execute
    return self.cursor.execute(sql, params)
           ~~~~~~~~~~~~~~~~~~~^^^^^^^^^^^^^
  File "C:\Users\Atong Abraham\Desktop\projects\bior\Bil_backend\venv\Lib\site-packages\django\db\backends\sqlite3\base.py", line 360, in execute
    return super().execute(query, params)
           ~~~~~~~~~~~~~~~^^^^^^^^^^^^^^^
django.db.utils.IntegrityError: UNIQUE constraint failed: api_country.code
"POST /dashboard/countries/add/ HTTP/1.1" 500 163018
"GET /dashboard/countries/ HTTP/1.1" 200 21742
"GET /static/css/enhanced-styles.css HTTP/1.1" 404 1883
"GET /dashboard/countries/add/ HTTP/1.1" 200 21272
"GET /static/css/enhanced-styles.css HTTP/1.1" 404 1883
Internal Server Error: /dashboard/countries/add/
Traceback (most recent call last):
  File "C:\Users\Atong Abraham\Desktop\projects\bior\Bil_backend\venv\Lib\site-packages\django\db\backends\utils.py", line 105, in _execute
    return self.cursor.execute(sql, params)
           ~~~~~~~~~~~~~~~~~~~^^^^^^^^^^^^^
  File "C:\Users\Atong Abraham\Desktop\projects\bior\Bil_backend\venv\Lib\site-packages\django\db\backends\sqlite3\base.py", line 360, in execute
    return super().execute(query, params)
           ~~~~~~~~~~~~~~~^^^^^^^^^^^^^^^
sqlite3.IntegrityError: UNIQUE constraint failed: api_country.code

The above exception was the direct cause of the following exception:

Traceback (most recent call last):
  File "C:\Users\Atong Abraham\Desktop\projects\bior\Bil_backend\venv\Lib\site-packages\django\core\handlers\exception.py", line 55, in inner
    response = get_response(request)
  File "C:\Users\Atong Abraham\Desktop\projects\bior\Bil_backend\venv\Lib\site-packages\django\core\handlers\base.py", line 197, in _get_response
    response = wrapped_callback(request, *callback_args, **callback_kwargs)
  File "C:\Users\Atong Abraham\Desktop\projects\bior\Bil_backend\venv\Lib\site-packages\django\contrib\auth\decorators.py", line 59, in _view_wrapper
    return view_func(request, *args, **kwargs)
  File "C:\Users\Atong Abraham\Desktop\projects\bior\Bil_backend\dashboard\views.py", line 434, in add_country
    country.save()
    ~~~~~~~~~~~~^^
  File "C:\Users\Atong Abraham\Desktop\projects\bior\Bil_backend\venv\Lib\site-packages\django\db\models\base.py", line 902, in save
    self.save_base(
    ~~~~~~~~~~~~~~^
        using=using,
        ^^^^^^^^^^^^
    ...<2 lines>...
        update_fields=update_fields,
        ^^^^^^^^^^^^^^^^^^^^^^^^^^^^
    )
    ^
  File "C:\Users\Atong Abraham\Desktop\projects\bior\Bil_backend\venv\Lib\site-packages\django\db\models\base.py", line 1008, in save_base
    updated = self._save_table(
        raw,
    ...<4 lines>...
        update_fields,
    )
  File "C:\Users\Atong Abraham\Desktop\projects\bior\Bil_backend\venv\Lib\site-packages\django\db\models\base.py", line 1169, in _save_table
    results = self._do_insert(
        cls._base_manager, using, fields, returning_fields, raw
    )
  File "C:\Users\Atong Abraham\Desktop\projects\bior\Bil_backend\venv\Lib\site-packages\django\db\models\base.py", line 1210, in _do_insert
    return manager._insert(
           ~~~~~~~~~~~~~~~^
        [self],
        ^^^^^^^
    ...<3 lines>...
        raw=raw,
        ^^^^^^^^
    )
    ^
  File "C:\Users\Atong Abraham\Desktop\projects\bior\Bil_backend\venv\Lib\site-packages\django\db\models\manager.py", line 87, in manager_method
    return getattr(self.get_queryset(), name)(*args, **kwargs)
           ~~~~~~~~~~~~~~~~~~~~~~~~~~~~~~~~~~^^^^^^^^^^^^^^^^^
  File "C:\Users\Atong Abraham\Desktop\projects\bior\Bil_backend\venv\Lib\site-packages\django\db\models\query.py", line 1868, in _insert
    return query.get_compiler(using=using).execute_sql(returning_fields)
           ~~~~~~~~~~~~~~~~~~~~~~~~~~~~~~~~~~~~~~~~~~~^^^^^^^^^^^^^^^^^^
  File "C:\Users\Atong Abraham\Desktop\projects\bior\Bil_backend\venv\Lib\site-packages\django\db\models\sql\compiler.py", line 1882, in execute_sql
    cursor.execute(sql, params)
    ~~~~~~~~~~~~~~^^^^^^^^^^^^^
  File "C:\Users\Atong Abraham\Desktop\projects\bior\Bil_backend\venv\Lib\site-packages\django\db\backends\utils.py", line 122, in execute
    return super().execute(sql, params)
           ~~~~~~~~~~~~~~~^^^^^^^^^^^^^
  File "C:\Users\Atong Abraham\Desktop\projects\bior\Bil_backend\venv\Lib\site-packages\django\db\backends\utils.py", line 79, in execute
    return self._execute_with_wrappers(
           ~~~~~~~~~~~~~~~~~~~~~~~~~~~^
        sql, params, many=False, executor=self._execute
        ^^^^^^^^^^^^^^^^^^^^^^^^^^^^^^^^^^^^^^^^^^^^^^^
    )
    ^
  File "C:\Users\Atong Abraham\Desktop\projects\bior\Bil_backend\venv\Lib\site-packages\django\db\backends\utils.py", line 92, in _execute_with_wrappers
    return executor(sql, params, many, context)
  File "C:\Users\Atong Abraham\Desktop\projects\bior\Bil_backend\venv\Lib\site-packages\django\db\backends\utils.py", line 100, in _execute
    with self.db.wrap_database_errors:
         ^^^^^^^^^^^^^^^^^^^^^^^^^^^^
  File "C:\Users\Atong Abraham\Desktop\projects\bior\Bil_backend\venv\Lib\site-packages\django\db\utils.py", line 91, in __exit__
    raise dj_exc_value.with_traceback(traceback) from exc_value
  File "C:\Users\Atong Abraham\Desktop\projects\bior\Bil_backend\venv\Lib\site-packages\django\db\backends\utils.py", line 105, in _execute
    return self.cursor.execute(sql, params)
           ~~~~~~~~~~~~~~~~~~~^^^^^^^^^^^^^
  File "C:\Users\Atong Abraham\Desktop\projects\bior\Bil_backend\venv\Lib\site-packages\django\db\backends\sqlite3\base.py", line 360, in execute
    return super().execute(query, params)
           ~~~~~~~~~~~~~~~^^^^^^^^^^^^^^^
django.db.utils.IntegrityError: UNIQUE constraint failed: api_country.code
"POST /dashboard/countries/add/ HTTP/1.1" 500 163172
"GET /dashboard/countries/ HTTP/1.1" 200 21742
"GET /static/css/enhanced-styles.css HTTP/1.1" 404 1883
"GET /dashboard/countries/add/ HTTP/1.1" 200 21272
"GET /static/css/enhanced-styles.css HTTP/1.1" 404 1883
"GET /dashboard/countries/delete/1/ HTTP/1.1" 302 0
"GET /dashboard/countries/ HTTP/1.1" 200 21802
"GET /static/css/enhanced-styles.css HTTP/1.1" 404 1883
"GET /dashboard/countries/add/ HTTP/1.1" 200 21272
"GET /static/css/enhanced-styles.css HTTP/1.1" 404 1883
"POST /dashboard/countries/add/ HTTP/1.1" 302 0
"GET /dashboard/countries/ HTTP/1.1" 200 22204
"GET /static/css/enhanced-styles.css HTTP/1.1" 404 1883
"GET /dashboard/countries/add/ HTTP/1.1" 200 21272
"GET /static/css/enhanced-styles.css HTTP/1.1" 404 1883
Internal Server Error: /dashboard/countries/add/
Traceback (most recent call last):
  File "C:\Users\Atong Abraham\Desktop\projects\bior\Bil_backend\venv\Lib\site-packages\django\db\backends\utils.py", line 105, in _execute
    return self.cursor.execute(sql, params)
           ~~~~~~~~~~~~~~~~~~~^^^^^^^^^^^^^
  File "C:\Users\Atong Abraham\Desktop\projects\bior\Bil_backend\venv\Lib\site-packages\django\db\backends\sqlite3\base.py", line 360, in execute
    return super().execute(query, params)
           ~~~~~~~~~~~~~~~^^^^^^^^^^^^^^^
sqlite3.IntegrityError: UNIQUE constraint failed: api_country.code

The above exception was the direct cause of the following exception:

Traceback (most recent call last):
  File "C:\Users\Atong Abraham\Desktop\projects\bior\Bil_backend\venv\Lib\site-packages\django\core\handlers\exception.py", line 55, in inner
    response = get_response(request)
  File "C:\Users\Atong Abraham\Desktop\projects\bior\Bil_backend\venv\Lib\site-packages\django\core\handlers\base.py", line 197, in _get_response
    response = wrapped_callback(request, *callback_args, **callback_kwargs)
  File "C:\Users\Atong Abraham\Desktop\projects\bior\Bil_backend\venv\Lib\site-packages\django\contrib\auth\decorators.py", line 59, in _view_wrapper
    return view_func(request, *args, **kwargs)
  File "C:\Users\Atong Abraham\Desktop\projects\bior\Bil_backend\dashboard\views.py", line 434, in add_country
    country.save()
    ~~~~~~~~~~~~^^
  File "C:\Users\Atong Abraham\Desktop\projects\bior\Bil_backend\venv\Lib\site-packages\django\db\models\base.py", line 902, in save
    self.save_base(
    ~~~~~~~~~~~~~~^
        using=using,
        ^^^^^^^^^^^^
    ...<2 lines>...
        update_fields=update_fields,
        ^^^^^^^^^^^^^^^^^^^^^^^^^^^^
    )
    ^
  File "C:\Users\Atong Abraham\Desktop\projects\bior\Bil_backend\venv\Lib\site-packages\django\db\models\base.py", line 1008, in save_base
    updated = self._save_table(
        raw,
    ...<4 lines>...
        update_fields,
    )
  File "C:\Users\Atong Abraham\Desktop\projects\bior\Bil_backend\venv\Lib\site-packages\django\db\models\base.py", line 1169, in _save_table
    results = self._do_insert(
        cls._base_manager, using, fields, returning_fields, raw
    )
  File "C:\Users\Atong Abraham\Desktop\projects\bior\Bil_backend\venv\Lib\site-packages\django\db\models\base.py", line 1210, in _do_insert
    return manager._insert(
           ~~~~~~~~~~~~~~~^
        [self],
        ^^^^^^^
    ...<3 lines>...
        raw=raw,
        ^^^^^^^^
    )
    ^
  File "C:\Users\Atong Abraham\Desktop\projects\bior\Bil_backend\venv\Lib\site-packages\django\db\models\manager.py", line 87, in manager_method
    return getattr(self.get_queryset(), name)(*args, **kwargs)
           ~~~~~~~~~~~~~~~~~~~~~~~~~~~~~~~~~~^^^^^^^^^^^^^^^^^
  File "C:\Users\Atong Abraham\Desktop\projects\bior\Bil_backend\venv\Lib\site-packages\django\db\models\query.py", line 1868, in _insert
    return query.get_compiler(using=using).execute_sql(returning_fields)
           ~~~~~~~~~~~~~~~~~~~~~~~~~~~~~~~~~~~~~~~~~~~^^^^^^^^^^^^^^^^^^
  File "C:\Users\Atong Abraham\Desktop\projects\bior\Bil_backend\venv\Lib\site-packages\django\db\models\sql\compiler.py", line 1882, in execute_sql
    cursor.execute(sql, params)
    ~~~~~~~~~~~~~~^^^^^^^^^^^^^
  File "C:\Users\Atong Abraham\Desktop\projects\bior\Bil_backend\venv\Lib\site-packages\django\db\backends\utils.py", line 122, in execute
    return super().execute(sql, params)
           ~~~~~~~~~~~~~~~^^^^^^^^^^^^^
  File "C:\Users\Atong Abraham\Desktop\projects\bior\Bil_backend\venv\Lib\site-packages\django\db\backends\utils.py", line 79, in execute
    return self._execute_with_wrappers(
           ~~~~~~~~~~~~~~~~~~~~~~~~~~~^
        sql, params, many=False, executor=self._execute
        ^^^^^^^^^^^^^^^^^^^^^^^^^^^^^^^^^^^^^^^^^^^^^^^
    )
    ^
  File "C:\Users\Atong Abraham\Desktop\projects\bior\Bil_backend\venv\Lib\site-packages\django\db\backends\utils.py", line 92, in _execute_with_wrappers
    return executor(sql, params, many, context)
  File "C:\Users\Atong Abraham\Desktop\projects\bior\Bil_backend\venv\Lib\site-packages\django\db\backends\utils.py", line 100, in _execute
    with self.db.wrap_database_errors:
         ^^^^^^^^^^^^^^^^^^^^^^^^^^^^
  File "C:\Users\Atong Abraham\Desktop\projects\bior\Bil_backend\venv\Lib\site-packages\django\db\utils.py", line 91, in __exit__
    raise dj_exc_value.with_traceback(traceback) from exc_value
  File "C:\Users\Atong Abraham\Desktop\projects\bior\Bil_backend\venv\Lib\site-packages\django\db\backends\utils.py", line 105, in _execute
    return self.cursor.execute(sql, params)
           ~~~~~~~~~~~~~~~~~~~^^^^^^^^^^^^^
  File "C:\Users\Atong Abraham\Desktop\projects\bior\Bil_backend\venv\Lib\site-packages\django\db\backends\sqlite3\base.py", line 360, in execute
    return super().execute(query, params)
           ~~~~~~~~~~~~~~~^^^^^^^^^^^^^^^
django.db.utils.IntegrityError: UNIQUE constraint failed: api_country.code
"POST /dashboard/countries/add/ HTTP/1.1" 500 163066
C:\Users\Atong Abraham\Desktop\projects\bior\Bil_backend\dashboard\forms.py changed, reloading.
Watching for file changes with StatReloader
Watching for file changes with StatReloader
"POST /dashboard/countries/add/ HTTP/1.1" 200 21557
"GET /static/css/enhanced-styles.css HTTP/1.1" 404 1883
"GET /dashboard/countries/ HTTP/1.1" 200 21739
"GET /static/css/enhanced-styles.css HTTP/1.1" 404 1883
"GET /dashboard/countries/add/ HTTP/1.1" 200 21411
"GET /static/css/enhanced-styles.css HTTP/1.1" 404 1883
"POST /dashboard/countries/add/ HTTP/1.1" 302 0
"GET /dashboard/countries/ HTTP/1.1" 200 22701
"GET /static/css/enhanced-styles.css HTTP/1.1" 404 1883
"GET /dashboard/countries/delete/3/ HTTP/1.1" 302 0
"GET /dashboard/countries/ HTTP/1.1" 200 22206
"GET /static/css/enhanced-styles.css HTTP/1.1" 404 1883
"GET /dashboard/countries/edit/2/ HTTP/1.1" 200 21427
"GET /static/css/enhanced-styles.css HTTP/1.1" 404 1883
"GET /dashboard/countries/ HTTP/1.1" 200 21739
"GET /static/css/enhanced-styles.css HTTP/1.1" 404 1883
"GET /dashboard/countries/add/ HTTP/1.1" 200 21411
"GET /static/css/enhanced-styles.css HTTP/1.1" 404 1883
"POST /dashboard/countries/add/ HTTP/1.1" 302 0
"GET /dashboard/countries/ HTTP/1.1" 200 22694
"GET /static/css/enhanced-styles.css HTTP/1.1" 404 1883
"GET /dashboard/exchange-rates/ HTTP/1.1" 200 21422
"GET /static/css/enhanced-styles.css HTTP/1.1" 404 1883
"GET /dashboard/exchange-rates/add/ HTTP/1.1" 200 22802
"GET /static/css/enhanced-styles.css HTTP/1.1" 404 1883
"GET /dashboard/currencies/ HTTP/1.1" 200 21377
"GET /static/css/enhanced-styles.css HTTP/1.1" 404 1883
"GET /dashboard/currencies/add/ HTTP/1.1" 200 21805
"GET /static/css/enhanced-styles.css HTTP/1.1" 404 1883
"POST /dashboard/currencies/add/ HTTP/1.1" 302 0
"GET /dashboard/currencies/ HTTP/1.1" 200 22217
"GET /static/css/enhanced-styles.css HTTP/1.1" 404 1883
"GET /dashboard/currencies/add/ HTTP/1.1" 200 21805
"GET /static/css/enhanced-styles.css HTTP/1.1" 404 1883
"POST /dashboard/currencies/add/ HTTP/1.1" 302 0
"GET /dashboard/currencies/ HTTP/1.1" 200 22685
"GET /static/css/enhanced-styles.css HTTP/1.1" 404 1883
"GET /dashboard/exchange-rates/ HTTP/1.1" 200 21422
"GET /static/css/enhanced-styles.css HTTP/1.1" 404 1883
"GET /dashboard/exchange-rates/add/ HTTP/1.1" 200 23320
"GET /static/css/enhanced-styles.css HTTP/1.1" 404 1883
"GET /dashboard/exchange-rates/add/ HTTP/1.1" 200 23475
"GET /static/css/enhanced-styles.css HTTP/1.1" 404 1883
"GET /dashboard/exchange-rates/ HTTP/1.1" 200 21422
"GET /static/css/enhanced-styles.css HTTP/1.1" 404 1883
"GET /dashboard/exchange-rates/add/ HTTP/1.1" 200 23475
"GET /static/css/enhanced-styles.css HTTP/1.1" 404 1883
"POST /dashboard/exchange-rates/add/ HTTP/1.1" 302 0
Internal Server Error: /dashboard/exchange-rates/
Traceback (most recent call last):
  File "C:\Users\Atong Abraham\Desktop\projects\bior\Bil_backend\venv\Lib\site-packages\django\core\handlers\exception.py", line 55, in inner
    response = get_response(request)
  File "C:\Users\Atong Abraham\Desktop\projects\bior\Bil_backend\venv\Lib\site-packages\django\core\handlers\base.py", line 197, in _get_response
    response = wrapped_callback(request, *callback_args, **callback_kwargs)
  File "C:\Users\Atong Abraham\Desktop\projects\bior\Bil_backend\dashboard\views.py", line 1361, in exchange_rate_list
    return render(request, "exchange_rate/exchange_rate_list.html", context)
  File "C:\Users\Atong Abraham\Desktop\projects\bior\Bil_backend\venv\Lib\site-packages\django\shortcuts.py", line 25, in render
    content = loader.render_to_string(template_name, context, request, using=using)
  File "C:\Users\Atong Abraham\Desktop\projects\bior\Bil_backend\venv\Lib\site-packages\django\template\loader.py", line 62, in render_to_string
    return template.render(context, request)
           ~~~~~~~~~~~~~~~^^^^^^^^^^^^^^^^^^
  File "C:\Users\Atong Abraham\Desktop\projects\bior\Bil_backend\venv\Lib\site-packages\django\template\backends\django.py", line 107, in render
    return self.template.render(context)
           ~~~~~~~~~~~~~~~~~~~~^^^^^^^^^
  File "C:\Users\Atong Abraham\Desktop\projects\bior\Bil_backend\venv\Lib\site-packages\django\template\base.py", line 171, in render
    return self._render(context)
           ~~~~~~~~~~~~^^^^^^^^^
  File "C:\Users\Atong Abraham\Desktop\projects\bior\Bil_backend\venv\Lib\site-packages\django\template\base.py", line 163, in _render
    return self.nodelist.render(context)
           ~~~~~~~~~~~~~~~~~~~~^^^^^^^^^
  File "C:\Users\Atong Abraham\Desktop\projects\bior\Bil_backend\venv\Lib\site-packages\django\template\base.py", line 1016, in render
    return SafeString("".join([node.render_annotated(context) for node in self]))
                               ~~~~~~~~~~~~~~~~~~~~~^^^^^^^^^
  File "C:\Users\Atong Abraham\Desktop\projects\bior\Bil_backend\venv\Lib\site-packages\django\template\base.py", line 977, in render_annotated
    return self.render(context)
           ~~~~~~~~~~~^^^^^^^^^
  File "C:\Users\Atong Abraham\Desktop\projects\bior\Bil_backend\venv\Lib\site-packages\django\template\loader_tags.py", line 159, in render
    return compiled_parent._render(context)
           ~~~~~~~~~~~~~~~~~~~~~~~^^^^^^^^^
  File "C:\Users\Atong Abraham\Desktop\projects\bior\Bil_backend\venv\Lib\site-packages\django\template\base.py", line 163, in _render
    return self.nodelist.render(context)
           ~~~~~~~~~~~~~~~~~~~~^^^^^^^^^
  File "C:\Users\Atong Abraham\Desktop\projects\bior\Bil_backend\venv\Lib\site-packages\django\template\base.py", line 1016, in render
    return SafeString("".join([node.render_annotated(context) for node in self]))
                               ~~~~~~~~~~~~~~~~~~~~~^^^^^^^^^
  File "C:\Users\Atong Abraham\Desktop\projects\bior\Bil_backend\venv\Lib\site-packages\django\template\base.py", line 977, in render_annotated
    return self.render(context)
           ~~~~~~~~~~~^^^^^^^^^
  File "C:\Users\Atong Abraham\Desktop\projects\bior\Bil_backend\venv\Lib\site-packages\django\template\loader_tags.py", line 65, in render
    result = block.nodelist.render(context)
  File "C:\Users\Atong Abraham\Desktop\projects\bior\Bil_backend\venv\Lib\site-packages\django\template\base.py", line 1016, in render
    return SafeString("".join([node.render_annotated(context) for node in self]))
                               ~~~~~~~~~~~~~~~~~~~~~^^^^^^^^^
  File "C:\Users\Atong Abraham\Desktop\projects\bior\Bil_backend\venv\Lib\site-packages\django\template\base.py", line 977, in render_annotated
    return self.render(context)
           ~~~~~~~~~~~^^^^^^^^^
  File "C:\Users\Atong Abraham\Desktop\projects\bior\Bil_backend\venv\Lib\site-packages\django\template\defaulttags.py", line 243, in render
    nodelist.append(node.render_annotated(context))
                    ~~~~~~~~~~~~~~~~~~~~~^^^^^^^^^
  File "C:\Users\Atong Abraham\Desktop\projects\bior\Bil_backend\venv\Lib\site-packages\django\template\base.py", line 977, in render_annotated
    return self.render(context)
           ~~~~~~~~~~~^^^^^^^^^
  File "C:\Users\Atong Abraham\Desktop\projects\bior\Bil_backend\venv\Lib\site-packages\django\template\defaulttags.py", line 327, in render
    return nodelist.render(context)
           ~~~~~~~~~~~~~~~^^^^^^^^^
  File "C:\Users\Atong Abraham\Desktop\projects\bior\Bil_backend\venv\Lib\site-packages\django\template\base.py", line 1016, in render
    return SafeString("".join([node.render_annotated(context) for node in self]))
                               ~~~~~~~~~~~~~~~~~~~~~^^^^^^^^^
  File "C:\Users\Atong Abraham\Desktop\projects\bior\Bil_backend\venv\Lib\site-packages\django\template\base.py", line 977, in render_annotated
    return self.render(context)
           ~~~~~~~~~~~^^^^^^^^^
  File "C:\Users\Atong Abraham\Desktop\projects\bior\Bil_backend\venv\Lib\site-packages\django\template\base.py", line 1075, in render
    output = self.filter_expression.resolve(context)
  File "C:\Users\Atong Abraham\Desktop\projects\bior\Bil_backend\venv\Lib\site-packages\django\template\base.py", line 749, in resolve
    new_obj = func(obj, *arg_vals)
  File "C:\Users\Atong Abraham\Desktop\projects\bior\Bil_backend\venv\Lib\site-packages\django\template\defaultfilters.py", line 852, in divisibleby
    return int(value) % int(arg) == 0
           ~~~^^^^^^^
ValueError: invalid literal for int() with base 10: '1.000000'
"GET /dashboard/exchange-rates/ HTTP/1.1" 500 188101
"GET /dashboard/exchange-rates/ HTTP/1.1" 200 21842
"GET /static/css/enhanced-styles.css HTTP/1.1" 404 1883
"GET /dashboard/exchange-rates/add/ HTTP/1.1" 200 23475
"GET /static/css/enhanced-styles.css HTTP/1.1" 404 1883
"GET /dashboard/countries/ HTTP/1.1" 200 22229
"GET /static/css/enhanced-styles.css HTTP/1.1" 404 1883
"GET /dashboard/countries/add/ HTTP/1.1" 200 21411
"GET /static/css/enhanced-styles.css HTTP/1.1" 404 1883
"POST /dashboard/countries/add/ HTTP/1.1" 302 0
"GET /dashboard/countries/ HTTP/1.1" 200 23189
"GET /static/css/enhanced-styles.css HTTP/1.1" 404 1883
"GET /dashboard/currencies/ HTTP/1.1" 200 22219
"GET /static/css/enhanced-styles.css HTTP/1.1" 404 1883
"GET /dashboard/currencies/add/ HTTP/1.1" 200 21847
"GET /static/css/enhanced-styles.css HTTP/1.1" 404 1883
"POST /dashboard/currencies/add/ HTTP/1.1" 302 0
"GET /dashboard/currencies/ HTTP/1.1" 200 23151
"GET /static/css/enhanced-styles.css HTTP/1.1" 404 1883
"GET /dashboard/exchange-rates/ HTTP/1.1" 200 21842
"GET /static/css/enhanced-styles.css HTTP/1.1" 404 1883
"GET /dashboard/exchange-rates/add/ HTTP/1.1" 200 23731
"GET /static/css/enhanced-styles.css HTTP/1.1" 404 1883
"POST /dashboard/exchange-rates/add/ HTTP/1.1" 302 0
"GET /dashboard/exchange-rates/ HTTP/1.1" 200 22850
"GET /static/css/enhanced-styles.css HTTP/1.1" 404 1883
"GET /dashboard/charge-rules/ HTTP/1.1" 200 21470
"GET /static/css/enhanced-styles.css HTTP/1.1" 404 1883
"GET /dashboard/charge-rules/add/ HTTP/1.1" 200 22342
"GET /static/css/enhanced-styles.css HTTP/1.1" 404 1883
"POST /dashboard/charge-rules/add/ HTTP/1.1" 302 0
"GET /dashboard/charge-rules/ HTTP/1.1" 200 22445
"GET /static/css/enhanced-styles.css HTTP/1.1" 404 1883
Internal Server Error: /dashboard/analytics/
Traceback (most recent call last):
  File "C:\Users\Atong Abraham\Desktop\projects\bior\Bil_backend\venv\Lib\site-packages\django\core\handlers\exception.py", line 55, in inner
    response = get_response(request)
  File "C:\Users\Atong Abraham\Desktop\projects\bior\Bil_backend\venv\Lib\site-packages\django\core\handlers\base.py", line 197, in _get_response
    response = wrapped_callback(request, *callback_args, **callback_kwargs)
  File "C:\Users\Atong Abraham\Desktop\projects\bior\Bil_backend\dashboard\views.py", line 372, in analytics_dashboard
    'exchange_rates': ExchangeRate.objects.all().order_by('updated_at'),
                      ~~~~~~~~~~~~~~~~~~~~~~~~~~~~~~~~~~~^^^^^^^^^^^^^^
  File "C:\Users\Atong Abraham\Desktop\projects\bior\Bil_backend\venv\Lib\site-packages\django\db\models\query.py", line 1722, in order_by
    obj.query.add_ordering(*field_names)
    ~~~~~~~~~~~~~~~~~~~~~~^^^^^^^^^^^^^^
  File "C:\Users\Atong Abraham\Desktop\projects\bior\Bil_backend\venv\Lib\site-packages\django\db\models\sql\query.py", line 2305, in add_ordering
    self.names_to_path(item.split(LOOKUP_SEP), self.model._meta)
    ~~~~~~~~~~~~~~~~~~^^^^^^^^^^^^^^^^^^^^^^^^^^^^^^^^^^^^^^^^^^
  File "C:\Users\Atong Abraham\Desktop\projects\bior\Bil_backend\venv\Lib\site-packages\django\db\models\sql\query.py", line 1806, in names_to_path
    raise FieldError(
    ...<2 lines>...
    )
django.core.exceptions.FieldError: Cannot resolve keyword 'updated_at' into field. Choices are: base_currency, base_currency_id, created_at, id, rate, source, target_currency, target_currency_id, valid_from, valid_to
"GET /dashboard/analytics/ HTTP/1.1" 500 95754
"GET /dashboard/users/ HTTP/1.1" 200 55228
"GET /static/css/enhanced-styles.css HTTP/1.1" 404 1883
"GET /static/dashboard/css/users.css HTTP/1.1" 200 9532
"GET /dashboard/proofs/ HTTP/1.1" 200 28760
"GET /static/css/enhanced-styles.css HTTP/1.1" 404 1883
"GET /static/dashboard/css/proofs.css HTTP/1.1" 200 3863
Internal Server Error: /dashboard/transactions/
Traceback (most recent call last):
  File "C:\Users\Atong Abraham\Desktop\projects\bior\Bil_backend\venv\Lib\site-packages\django\core\handlers\exception.py", line 55, in inner
    response = get_response(request)
  File "C:\Users\Atong Abraham\Desktop\projects\bior\Bil_backend\venv\Lib\site-packages\django\core\handlers\base.py", line 197, in _get_response
    response = wrapped_callback(request, *callback_args, **callback_kwargs)
  File "C:\Users\Atong Abraham\Desktop\projects\bior\Bil_backend\dashboard\views.py", line 1114, in transactions
    for tx in transactions_qs:
              ^^^^^^^^^^^^^^^
  File "C:\Users\Atong Abraham\Desktop\projects\bior\Bil_backend\venv\Lib\site-packages\django\db\models\query.py", line 384, in __iter__
    self._fetch_all()
    ~~~~~~~~~~~~~~~^^
  File "C:\Users\Atong Abraham\Desktop\projects\bior\Bil_backend\venv\Lib\site-packages\django\db\models\query.py", line 1949, in _fetch_all
    self._result_cache = list(self._iterable_class(self))
                         ~~~~^^^^^^^^^^^^^^^^^^^^^^^^^^^^
  File "C:\Users\Atong Abraham\Desktop\projects\bior\Bil_backend\venv\Lib\site-packages\django\db\models\query.py", line 91, in __iter__
    results = compiler.execute_sql(
        chunked_fetch=self.chunked_fetch, chunk_size=self.chunk_size
    )
  File "C:\Users\Atong Abraham\Desktop\projects\bior\Bil_backend\venv\Lib\site-packages\django\db\models\sql\compiler.py", line 1610, in execute_sql
    sql, params = self.as_sql()
                  ~~~~~~~~~~~^^
  File "C:\Users\Atong Abraham\Desktop\projects\bior\Bil_backend\venv\Lib\site-packages\django\db\models\sql\compiler.py", line 766, in as_sql
    extra_select, order_by, group_by = self.pre_sql_setup(
                                       ~~~~~~~~~~~~~~~~~~^
        with_col_aliases=with_col_aliases or bool(combinator),
        ^^^^^^^^^^^^^^^^^^^^^^^^^^^^^^^^^^^^^^^^^^^^^^^^^^^^^^
    )
    ^
  File "C:\Users\Atong Abraham\Desktop\projects\bior\Bil_backend\venv\Lib\site-packages\django\db\models\sql\compiler.py", line 85, in pre_sql_setup
    self.setup_query(with_col_aliases=with_col_aliases)
    ~~~~~~~~~~~~~~~~^^^^^^^^^^^^^^^^^^^^^^^^^^^^^^^^^^^
  File "C:\Users\Atong Abraham\Desktop\projects\bior\Bil_backend\venv\Lib\site-packages\django\db\models\sql\compiler.py", line 74, in setup_query
    self.select, self.klass_info, self.annotation_col_map = self.get_select(
                                                            ~~~~~~~~~~~~~~~^
        with_col_aliases=with_col_aliases,
        ^^^^^^^^^^^^^^^^^^^^^^^^^^^^^^^^^^
    )
    ^
  File "C:\Users\Atong Abraham\Desktop\projects\bior\Bil_backend\venv\Lib\site-packages\django\db\models\sql\compiler.py", line 299, in get_select
    related_klass_infos = self.get_related_selections(select, select_mask)
  File "C:\Users\Atong Abraham\Desktop\projects\bior\Bil_backend\venv\Lib\site-packages\django\db\models\sql\compiler.py", line 1230, in get_related_selections
    raise FieldError(
    ...<6 lines>...
    )
django.core.exceptions.FieldError: Non-relational field given in select_related: 'currency'. Choices are: proof, user, confirmed_by, charge_rule, country
"GET /dashboard/transactions/ HTTP/1.1" 500 130356
"GET /dashboard/ HTTP/1.1" 200 37104
"GET /static/css/enhanced-styles.css HTTP/1.1" 404 1883
Internal Server Error: /dashboard/analytics/
Traceback (most recent call last):
  File "C:\Users\Atong Abraham\Desktop\projects\bior\Bil_backend\venv\Lib\site-packages\django\core\handlers\exception.py", line 55, in inner
    response = get_response(request)
  File "C:\Users\Atong Abraham\Desktop\projects\bior\Bil_backend\venv\Lib\site-packages\django\core\handlers\base.py", line 197, in _get_response
    response = wrapped_callback(request, *callback_args, **callback_kwargs)
  File "C:\Users\Atong Abraham\Desktop\projects\bior\Bil_backend\dashboard\views.py", line 372, in analytics_dashboard
    'exchange_rates': ExchangeRate.objects.all().order_by('updated_at'),
                      ~~~~~~~~~~~~~~~~~~~~~~~~~~~~~~~~~~~^^^^^^^^^^^^^^
  File "C:\Users\Atong Abraham\Desktop\projects\bior\Bil_backend\venv\Lib\site-packages\django\db\models\query.py", line 1722, in order_by
    obj.query.add_ordering(*field_names)
    ~~~~~~~~~~~~~~~~~~~~~~^^^^^^^^^^^^^^
  File "C:\Users\Atong Abraham\Desktop\projects\bior\Bil_backend\venv\Lib\site-packages\django\db\models\sql\query.py", line 2305, in add_ordering
    self.names_to_path(item.split(LOOKUP_SEP), self.model._meta)
    ~~~~~~~~~~~~~~~~~~^^^^^^^^^^^^^^^^^^^^^^^^^^^^^^^^^^^^^^^^^^
  File "C:\Users\Atong Abraham\Desktop\projects\bior\Bil_backend\venv\Lib\site-packages\django\db\models\sql\query.py", line 1806, in names_to_path
    raise FieldError(
    ...<2 lines>...
    )
django.core.exceptions.FieldError: Cannot resolve keyword 'updated_at' into field. Choices are: base_currency, base_currency_id, created_at, id, rate, source, target_currency, target_currency_id, valid_from, valid_to
"GET /dashboard/analytics/ HTTP/1.1" 500 95741
C:\Users\Atong Abraham\Desktop\projects\bior\Bil_backend\dashboard\views.py changed, reloading.
Watching for file changes with StatReloader
"GET /dashboard/analytics/ HTTP/1.1" 200 35787
"GET /static/css/enhanced-styles.css HTTP/1.1" 404 1883
"GET /static/dashboard/css/analystics.css HTTP/1.1" 200 7933
"GET /dashboard/users/ HTTP/1.1" 200 55228
"GET /static/css/enhanced-styles.css HTTP/1.1" 404 1883
"GET /dashboard/analytics/ HTTP/1.1" 200 35787
"GET /static/css/enhanced-styles.css HTTP/1.1" 404 1883
"GET /dashboard/ HTTP/1.1" 200 37104
"GET /static/css/enhanced-styles.css HTTP/1.1" 404 1883
"GET /dashboard/analytics/ HTTP/1.1" 200 35787
"GET /static/css/enhanced-styles.css HTTP/1.1" 404 1883
"GET /dashboard/users/ HTTP/1.1" 200 55228
"GET /static/css/enhanced-styles.css HTTP/1.1" 404 1883
"GET /dashboard/proofs/ HTTP/1.1" 200 28760
"GET /static/css/enhanced-styles.css HTTP/1.1" 404 1883
Internal Server Error: /dashboard/transactions/
Traceback (most recent call last):
  File "C:\Users\Atong Abraham\Desktop\projects\bior\Bil_backend\venv\Lib\site-packages\django\core\handlers\exception.py", line 55, in inner
    response = get_response(request)
  File "C:\Users\Atong Abraham\Desktop\projects\bior\Bil_backend\venv\Lib\site-packages\django\core\handlers\base.py", line 197, in _get_response
    response = wrapped_callback(request, *callback_args, **callback_kwargs)
  File "C:\Users\Atong Abraham\Desktop\projects\bior\Bil_backend\dashboard\views.py", line 1114, in transactions
    for tx in transactions_qs:
              ^^^^^^^^^^^^^^^
  File "C:\Users\Atong Abraham\Desktop\projects\bior\Bil_backend\venv\Lib\site-packages\django\db\models\query.py", line 384, in __iter__
    self._fetch_all()
    ~~~~~~~~~~~~~~~^^
  File "C:\Users\Atong Abraham\Desktop\projects\bior\Bil_backend\venv\Lib\site-packages\django\db\models\query.py", line 1949, in _fetch_all
    self._result_cache = list(self._iterable_class(self))
                         ~~~~^^^^^^^^^^^^^^^^^^^^^^^^^^^^
  File "C:\Users\Atong Abraham\Desktop\projects\bior\Bil_backend\venv\Lib\site-packages\django\db\models\query.py", line 91, in __iter__
    results = compiler.execute_sql(
        chunked_fetch=self.chunked_fetch, chunk_size=self.chunk_size
    )
  File "C:\Users\Atong Abraham\Desktop\projects\bior\Bil_backend\venv\Lib\site-packages\django\db\models\sql\compiler.py", line 1610, in execute_sql
    sql, params = self.as_sql()
                  ~~~~~~~~~~~^^
  File "C:\Users\Atong Abraham\Desktop\projects\bior\Bil_backend\venv\Lib\site-packages\django\db\models\sql\compiler.py", line 766, in as_sql
    extra_select, order_by, group_by = self.pre_sql_setup(
                                       ~~~~~~~~~~~~~~~~~~^
        with_col_aliases=with_col_aliases or bool(combinator),
        ^^^^^^^^^^^^^^^^^^^^^^^^^^^^^^^^^^^^^^^^^^^^^^^^^^^^^^
    )
    ^
  File "C:\Users\Atong Abraham\Desktop\projects\bior\Bil_backend\venv\Lib\site-packages\django\db\models\sql\compiler.py", line 85, in pre_sql_setup
    self.setup_query(with_col_aliases=with_col_aliases)
    ~~~~~~~~~~~~~~~~^^^^^^^^^^^^^^^^^^^^^^^^^^^^^^^^^^^
  File "C:\Users\Atong Abraham\Desktop\projects\bior\Bil_backend\venv\Lib\site-packages\django\db\models\sql\compiler.py", line 74, in setup_query
    self.select, self.klass_info, self.annotation_col_map = self.get_select(
                                                            ~~~~~~~~~~~~~~~^
        with_col_aliases=with_col_aliases,
        ^^^^^^^^^^^^^^^^^^^^^^^^^^^^^^^^^^
    )
    ^
  File "C:\Users\Atong Abraham\Desktop\projects\bior\Bil_backend\venv\Lib\site-packages\django\db\models\sql\compiler.py", line 299, in get_select
    related_klass_infos = self.get_related_selections(select, select_mask)
  File "C:\Users\Atong Abraham\Desktop\projects\bior\Bil_backend\venv\Lib\site-packages\django\db\models\sql\compiler.py", line 1230, in get_related_selections
    raise FieldError(
    ...<6 lines>...
    )
django.core.exceptions.FieldError: Non-relational field given in select_related: 'currency'. Choices are: proof, user, confirmed_by, charge_rule, country
"GET /dashboard/transactions/ HTTP/1.1" 500 130356
C:\Users\Atong Abraham\Desktop\projects\bior\Bil_backend\dashboard\views.py changed, reloading.
Watching for file changes with StatReloader
Internal Server Error: /dashboard/transactions/
Traceback (most recent call last):
  File "C:\Users\Atong Abraham\Desktop\projects\bior\Bil_backend\venv\Lib\site-packages\django\core\handlers\exception.py", line 55, in inner
    response = get_response(request)
  File "C:\Users\Atong Abraham\Desktop\projects\bior\Bil_backend\venv\Lib\site-packages\django\core\handlers\base.py", line 197, in _get_response
    response = wrapped_callback(request, *callback_args, **callback_kwargs)
  File "C:\Users\Atong Abraham\Desktop\projects\bior\Bil_backend\dashboard\views.py", line 1114, in transactions
    for tx in transactions_qs:
              ^^^^^^^^^^^^^^^
  File "C:\Users\Atong Abraham\Desktop\projects\bior\Bil_backend\venv\Lib\site-packages\django\db\models\query.py", line 384, in __iter__
    self._fetch_all()
    ~~~~~~~~~~~~~~~^^
  File "C:\Users\Atong Abraham\Desktop\projects\bior\Bil_backend\venv\Lib\site-packages\django\db\models\query.py", line 1949, in _fetch_all
    self._result_cache = list(self._iterable_class(self))
                         ~~~~^^^^^^^^^^^^^^^^^^^^^^^^^^^^
  File "C:\Users\Atong Abraham\Desktop\projects\bior\Bil_backend\venv\Lib\site-packages\django\db\models\query.py", line 91, in __iter__
    results = compiler.execute_sql(
        chunked_fetch=self.chunked_fetch, chunk_size=self.chunk_size
    )
  File "C:\Users\Atong Abraham\Desktop\projects\bior\Bil_backend\venv\Lib\site-packages\django\db\models\sql\compiler.py", line 1610, in execute_sql
    sql, params = self.as_sql()
                  ~~~~~~~~~~~^^
  File "C:\Users\Atong Abraham\Desktop\projects\bior\Bil_backend\venv\Lib\site-packages\django\db\models\sql\compiler.py", line 766, in as_sql
    extra_select, order_by, group_by = self.pre_sql_setup(
                                       ~~~~~~~~~~~~~~~~~~^
        with_col_aliases=with_col_aliases or bool(combinator),
        ^^^^^^^^^^^^^^^^^^^^^^^^^^^^^^^^^^^^^^^^^^^^^^^^^^^^^^
    )
    ^
  File "C:\Users\Atong Abraham\Desktop\projects\bior\Bil_backend\venv\Lib\site-packages\django\db\models\sql\compiler.py", line 85, in pre_sql_setup
    self.setup_query(with_col_aliases=with_col_aliases)
    ~~~~~~~~~~~~~~~~^^^^^^^^^^^^^^^^^^^^^^^^^^^^^^^^^^^
  File "C:\Users\Atong Abraham\Desktop\projects\bior\Bil_backend\venv\Lib\site-packages\django\db\models\sql\compiler.py", line 74, in setup_query
    self.select, self.klass_info, self.annotation_col_map = self.get_select(
                                                            ~~~~~~~~~~~~~~~^
        with_col_aliases=with_col_aliases,
        ^^^^^^^^^^^^^^^^^^^^^^^^^^^^^^^^^^
    )
    ^
  File "C:\Users\Atong Abraham\Desktop\projects\bior\Bil_backend\venv\Lib\site-packages\django\db\models\sql\compiler.py", line 299, in get_select
    related_klass_infos = self.get_related_selections(select, select_mask)
  File "C:\Users\Atong Abraham\Desktop\projects\bior\Bil_backend\venv\Lib\site-packages\django\db\models\sql\compiler.py", line 1230, in get_related_selections
    raise FieldError(
    ...<6 lines>...
    )
django.core.exceptions.FieldError: Non-relational field given in select_related: 'currency'. Choices are: proof, user, confirmed_by, charge_rule, country
"GET /dashboard/transactions/ HTTP/1.1" 500 130493
C:\Users\Atong Abraham\Desktop\projects\bior\Bil_backend\dashboard\views.py changed, reloading.
Watching for file changes with StatReloader
C:\Users\Atong Abraham\Desktop\projects\bior\Bil_backend\api\models.py changed, reloading.
Watching for file changes with StatReloader
C:\Users\Atong Abraham\Desktop\projects\bior\Bil_backend\api\models.py changed, reloading.
Watching for file changes with StatReloader
C:\Users\Atong Abraham\Desktop\projects\bior\Bil_backend\api\models.py changed, reloading.
Watching for file changes with StatReloader
C:\Users\Atong Abraham\Desktop\projects\bior\Bil_backend\api\models.py changed, reloading.
Watching for file changes with StatReloader
C:\Users\Atong Abraham\Desktop\projects\bior\Bil_backend\api\models.py changed, reloading.
Watching for file changes with StatReloader
Internal Server Error: /dashboard/transactions/
Traceback (most recent call last):
  File "C:\Users\Atong Abraham\Desktop\projects\bior\Bil_backend\venv\Lib\site-packages\django\core\handlers\exception.py", line 55, in inner
    response = get_response(request)
  File "C:\Users\Atong Abraham\Desktop\projects\bior\Bil_backend\venv\Lib\site-packages\django\core\handlers\base.py", line 197, in _get_response
    response = wrapped_callback(request, *callback_args, **callback_kwargs)
  File "C:\Users\Atong Abraham\Desktop\projects\bior\Bil_backend\dashboard\views.py", line 1114, in transactions
    for tx in transactions_qs:
              ^^^^^^^^^^^^^^^
  File "C:\Users\Atong Abraham\Desktop\projects\bior\Bil_backend\venv\Lib\site-packages\django\db\models\query.py", line 384, in __iter__
    self._fetch_all()
    ~~~~~~~~~~~~~~~^^
  File "C:\Users\Atong Abraham\Desktop\projects\bior\Bil_backend\venv\Lib\site-packages\django\db\models\query.py", line 1949, in _fetch_all
    self._result_cache = list(self._iterable_class(self))
                         ~~~~^^^^^^^^^^^^^^^^^^^^^^^^^^^^
  File "C:\Users\Atong Abraham\Desktop\projects\bior\Bil_backend\venv\Lib\site-packages\django\db\models\query.py", line 91, in __iter__
    results = compiler.execute_sql(
        chunked_fetch=self.chunked_fetch, chunk_size=self.chunk_size
    )
  File "C:\Users\Atong Abraham\Desktop\projects\bior\Bil_backend\venv\Lib\site-packages\django\db\models\sql\compiler.py", line 1610, in execute_sql
    sql, params = self.as_sql()
                  ~~~~~~~~~~~^^
  File "C:\Users\Atong Abraham\Desktop\projects\bior\Bil_backend\venv\Lib\site-packages\django\db\models\sql\compiler.py", line 766, in as_sql
    extra_select, order_by, group_by = self.pre_sql_setup(
                                       ~~~~~~~~~~~~~~~~~~^
        with_col_aliases=with_col_aliases or bool(combinator),
        ^^^^^^^^^^^^^^^^^^^^^^^^^^^^^^^^^^^^^^^^^^^^^^^^^^^^^^
    )
    ^
  File "C:\Users\Atong Abraham\Desktop\projects\bior\Bil_backend\venv\Lib\site-packages\django\db\models\sql\compiler.py", line 85, in pre_sql_setup
    self.setup_query(with_col_aliases=with_col_aliases)
    ~~~~~~~~~~~~~~~~^^^^^^^^^^^^^^^^^^^^^^^^^^^^^^^^^^^
  File "C:\Users\Atong Abraham\Desktop\projects\bior\Bil_backend\venv\Lib\site-packages\django\db\models\sql\compiler.py", line 74, in setup_query
    self.select, self.klass_info, self.annotation_col_map = self.get_select(
                                                            ~~~~~~~~~~~~~~~^
        with_col_aliases=with_col_aliases,
        ^^^^^^^^^^^^^^^^^^^^^^^^^^^^^^^^^^
    )
    ^
  File "C:\Users\Atong Abraham\Desktop\projects\bior\Bil_backend\venv\Lib\site-packages\django\db\models\sql\compiler.py", line 299, in get_select
    related_klass_infos = self.get_related_selections(select, select_mask)
  File "C:\Users\Atong Abraham\Desktop\projects\bior\Bil_backend\venv\Lib\site-packages\django\db\models\sql\compiler.py", line 1230, in get_related_selections
    raise FieldError(
    ...<6 lines>...
    )
django.core.exceptions.FieldError: Non-relational field given in select_related: 'currency'. Choices are: proof, user, confirmed_by, charge_rule, country
"GET /dashboard/transactions/ HTTP/1.1" 500 130493
C:\Users\Atong Abraham\Desktop\projects\bior\Bil_backend\dashboard\views.py changed, reloading.
Watching for file changes with StatReloader
C:\Users\Atong Abraham\Desktop\projects\bior\Bil_backend\dashboard\views.py changed, reloading.
Watching for file changes with StatReloader
C:\Users\Atong Abraham\Desktop\projects\bior\Bil_backend\dashboard\views.py changed, reloading.
Watching for file changes with StatReloader
C:\Users\Atong Abraham\Desktop\projects\bior\Bil_backend\dashboard\views.py changed, reloading.
Watching for file changes with StatReloader
Internal Server Error: /dashboard/transactions/
Traceback (most recent call last):
  File "C:\Users\Atong Abraham\Desktop\projects\bior\Bil_backend\venv\Lib\site-packages\django\core\handlers\exception.py", line 55, in inner
    response = get_response(request)
  File "C:\Users\Atong Abraham\Desktop\projects\bior\Bil_backend\venv\Lib\site-packages\django\core\handlers\base.py", line 197, in _get_response
    response = wrapped_callback(request, *callback_args, **callback_kwargs)
  File "C:\Users\Atong Abraham\Desktop\projects\bior\Bil_backend\dashboard\views.py", line 1113, in transactions
    for tx in transactions_qs:
              ^^^^^^^^^^^^^^^
  File "C:\Users\Atong Abraham\Desktop\projects\bior\Bil_backend\venv\Lib\site-packages\django\db\models\query.py", line 384, in __iter__
    self._fetch_all()
    ~~~~~~~~~~~~~~~^^
  File "C:\Users\Atong Abraham\Desktop\projects\bior\Bil_backend\venv\Lib\site-packages\django\db\models\query.py", line 1949, in _fetch_all
    self._result_cache = list(self._iterable_class(self))
                         ~~~~^^^^^^^^^^^^^^^^^^^^^^^^^^^^
  File "C:\Users\Atong Abraham\Desktop\projects\bior\Bil_backend\venv\Lib\site-packages\django\db\models\query.py", line 91, in __iter__
    results = compiler.execute_sql(
        chunked_fetch=self.chunked_fetch, chunk_size=self.chunk_size
    )
  File "C:\Users\Atong Abraham\Desktop\projects\bior\Bil_backend\venv\Lib\site-packages\django\db\models\sql\compiler.py", line 1610, in execute_sql
    sql, params = self.as_sql()
                  ~~~~~~~~~~~^^
  File "C:\Users\Atong Abraham\Desktop\projects\bior\Bil_backend\venv\Lib\site-packages\django\db\models\sql\compiler.py", line 766, in as_sql
    extra_select, order_by, group_by = self.pre_sql_setup(
                                       ~~~~~~~~~~~~~~~~~~^
        with_col_aliases=with_col_aliases or bool(combinator),
        ^^^^^^^^^^^^^^^^^^^^^^^^^^^^^^^^^^^^^^^^^^^^^^^^^^^^^^
    )
    ^
  File "C:\Users\Atong Abraham\Desktop\projects\bior\Bil_backend\venv\Lib\site-packages\django\db\models\sql\compiler.py", line 85, in pre_sql_setup
    self.setup_query(with_col_aliases=with_col_aliases)
    ~~~~~~~~~~~~~~~~^^^^^^^^^^^^^^^^^^^^^^^^^^^^^^^^^^^
  File "C:\Users\Atong Abraham\Desktop\projects\bior\Bil_backend\venv\Lib\site-packages\django\db\models\sql\compiler.py", line 74, in setup_query
    self.select, self.klass_info, self.annotation_col_map = self.get_select(
                                                            ~~~~~~~~~~~~~~~^
        with_col_aliases=with_col_aliases,
        ^^^^^^^^^^^^^^^^^^^^^^^^^^^^^^^^^^
    )
    ^
  File "C:\Users\Atong Abraham\Desktop\projects\bior\Bil_backend\venv\Lib\site-packages\django\db\models\sql\compiler.py", line 299, in get_select
    related_klass_infos = self.get_related_selections(select, select_mask)
  File "C:\Users\Atong Abraham\Desktop\projects\bior\Bil_backend\venv\Lib\site-packages\django\db\models\sql\compiler.py", line 1230, in get_related_selections
    raise FieldError(
    ...<6 lines>...
    )
django.core.exceptions.FieldError: Non-relational field given in select_related: 'currency'. Choices are: proof, user, confirmed_by, charge_rule, country
"GET /dashboard/transactions/ HTTP/1.1" 500 130268
"GET /static/css/enhanced-styles.css HTTP/1.1" 404 1883
Internal Server Error: /dashboard/transactions/
Traceback (most recent call last):
  File "C:\Users\Atong Abraham\Desktop\projects\bior\Bil_backend\venv\Lib\site-packages\django\core\handlers\exception.py", line 55, in inner
    response = get_response(request)
  File "C:\Users\Atong Abraham\Desktop\projects\bior\Bil_backend\venv\Lib\site-packages\django\core\handlers\base.py", line 197, in _get_response
    response = wrapped_callback(request, *callback_args, **callback_kwargs)
  File "C:\Users\Atong Abraham\Desktop\projects\bior\Bil_backend\dashboard\views.py", line 1113, in transactions
    for tx in transactions_qs:
              ^^^^^^^^^^^^^^^
  File "C:\Users\Atong Abraham\Desktop\projects\bior\Bil_backend\venv\Lib\site-packages\django\db\models\query.py", line 384, in __iter__
    self._fetch_all()
    ~~~~~~~~~~~~~~~^^
  File "C:\Users\Atong Abraham\Desktop\projects\bior\Bil_backend\venv\Lib\site-packages\django\db\models\query.py", line 1949, in _fetch_all
    self._result_cache = list(self._iterable_class(self))
                         ~~~~^^^^^^^^^^^^^^^^^^^^^^^^^^^^
  File "C:\Users\Atong Abraham\Desktop\projects\bior\Bil_backend\venv\Lib\site-packages\django\db\models\query.py", line 91, in __iter__
    results = compiler.execute_sql(
        chunked_fetch=self.chunked_fetch, chunk_size=self.chunk_size
    )
  File "C:\Users\Atong Abraham\Desktop\projects\bior\Bil_backend\venv\Lib\site-packages\django\db\models\sql\compiler.py", line 1610, in execute_sql
    sql, params = self.as_sql()
                  ~~~~~~~~~~~^^
  File "C:\Users\Atong Abraham\Desktop\projects\bior\Bil_backend\venv\Lib\site-packages\django\db\models\sql\compiler.py", line 766, in as_sql
    extra_select, order_by, group_by = self.pre_sql_setup(
                                       ~~~~~~~~~~~~~~~~~~^
        with_col_aliases=with_col_aliases or bool(combinator),
        ^^^^^^^^^^^^^^^^^^^^^^^^^^^^^^^^^^^^^^^^^^^^^^^^^^^^^^
    )
    ^
  File "C:\Users\Atong Abraham\Desktop\projects\bior\Bil_backend\venv\Lib\site-packages\django\db\models\sql\compiler.py", line 85, in pre_sql_setup
    self.setup_query(with_col_aliases=with_col_aliases)
    ~~~~~~~~~~~~~~~~^^^^^^^^^^^^^^^^^^^^^^^^^^^^^^^^^^^
  File "C:\Users\Atong Abraham\Desktop\projects\bior\Bil_backend\venv\Lib\site-packages\django\db\models\sql\compiler.py", line 74, in setup_query
    self.select, self.klass_info, self.annotation_col_map = self.get_select(
                                                            ~~~~~~~~~~~~~~~^
        with_col_aliases=with_col_aliases,
        ^^^^^^^^^^^^^^^^^^^^^^^^^^^^^^^^^^
    )
    ^
  File "C:\Users\Atong Abraham\Desktop\projects\bior\Bil_backend\venv\Lib\site-packages\django\db\models\sql\compiler.py", line 299, in get_select
    related_klass_infos = self.get_related_selections(select, select_mask)
  File "C:\Users\Atong Abraham\Desktop\projects\bior\Bil_backend\venv\Lib\site-packages\django\db\models\sql\compiler.py", line 1230, in get_related_selections
    raise FieldError(
    ...<6 lines>...
    )
django.core.exceptions.FieldError: Non-relational field given in select_related: 'currency'. Choices are: proof, user, confirmed_by, charge_rule, country
"GET /dashboard/transactions/ HTTP/1.1" 500 130131
C:\Users\Atong Abraham\Desktop\projects\bior\Bil_backend\dashboard\views.py changed, reloading.
Watching for file changes with StatReloader
C:\Users\Atong Abraham\Desktop\projects\bior\Bil_backend\dashboard\views.py changed, reloading.
Watching for file changes with StatReloader
Internal Server Error: /dashboard/transactions/
Traceback (most recent call last):
  File "C:\Users\Atong Abraham\Desktop\projects\bior\Bil_backend\venv\Lib\site-packages\django\db\models\sql\query.py", line 1924, in transform
    return self.try_transform(wrapped, name)
           ~~~~~~~~~~~~~~~~~~^^^^^^^^^^^^^^^
  File "C:\Users\Atong Abraham\Desktop\projects\bior\Bil_backend\venv\Lib\site-packages\django\db\models\sql\query.py", line 1458, in try_transform
    raise FieldError(
    ...<2 lines>...
    )
django.core.exceptions.FieldError: Unsupported lookup 'code' for CharField or join on the field not permitted.

During handling of the above exception, another exception occurred:

Traceback (most recent call last):
  File "C:\Users\Atong Abraham\Desktop\projects\bior\Bil_backend\venv\Lib\site-packages\django\core\handlers\exception.py", line 55, in inner
    response = get_response(request)
  File "C:\Users\Atong Abraham\Desktop\projects\bior\Bil_backend\venv\Lib\site-packages\django\core\handlers\base.py", line 197, in _get_response
    response = wrapped_callback(request, *callback_args, **callback_kwargs)
  File "C:\Users\Atong Abraham\Desktop\projects\bior\Bil_backend\dashboard\views.py", line 1185, in transactions
    currency_stats = filtered_qs.values('currency__code', 'currency__name', 'currency__symbol').annotate(
                     ~~~~~~~~~~~~~~~~~~^^^^^^^^^^^^^^^^^^^^^^^^^^^^^^^^^^^^^^^^^^^^^^^^^^^^^^^^
  File "C:\Users\Atong Abraham\Desktop\projects\bior\Bil_backend\venv\Lib\site-packages\django\db\models\query.py", line 1368, in values
    clone = self._values(*fields, **expressions)
  File "C:\Users\Atong Abraham\Desktop\projects\bior\Bil_backend\venv\Lib\site-packages\django\db\models\query.py", line 1363, in _values
    clone.query.set_values(fields)
    ~~~~~~~~~~~~~~~~~~~~~~^^^^^^^^
  File "C:\Users\Atong Abraham\Desktop\projects\bior\Bil_backend\venv\Lib\site-packages\django\db\models\sql\query.py", line 2577, in set_values
    self.add_fields(field_names, True)
    ~~~~~~~~~~~~~~~^^^^^^^^^^^^^^^^^^^
  File "C:\Users\Atong Abraham\Desktop\projects\bior\Bil_backend\venv\Lib\site-packages\django\db\models\sql\query.py", line 2260, in add_fields
    cols.append(join_info.transform_function(targets[0], final_alias))
                ~~~~~~~~~~~~~~~~~~~~~~~~~~~~^^^^^^^^^^^^^^^^^^^^^^^^^
  File "C:\Users\Atong Abraham\Desktop\projects\bior\Bil_backend\venv\Lib\site-packages\django\db\models\sql\query.py", line 1928, in transform
    raise last_field_exception
  File "C:\Users\Atong Abraham\Desktop\projects\bior\Bil_backend\venv\Lib\site-packages\django\db\models\sql\query.py", line 1901, in setup_joins
    path, final_field, targets, rest = self.names_to_path(
                                       ~~~~~~~~~~~~~~~~~~^
        names[:pivot],
        ^^^^^^^^^^^^^^
    ...<2 lines>...
        fail_on_missing=True,
        ^^^^^^^^^^^^^^^^^^^^^
    )
    ^
  File "C:\Users\Atong Abraham\Desktop\projects\bior\Bil_backend\venv\Lib\site-packages\django\db\models\sql\query.py", line 1843, in names_to_path
    raise FieldError(
    ...<2 lines>...
    )
django.core.exceptions.FieldError: Cannot resolve keyword 'code' into field. Join on 'currency' not permitted.
"GET /dashboard/transactions/ HTTP/1.1" 500 129358
C:\Users\Atong Abraham\Desktop\projects\bior\Bil_backend\dashboard\views.py changed, reloading.
Watching for file changes with StatReloader
Internal Server Error: /dashboard/transactions/
Traceback (most recent call last):
  File "C:\Users\Atong Abraham\Desktop\projects\bior\Bil_backend\venv\Lib\site-packages\django\db\models\sql\query.py", line 1924, in transform
    return self.try_transform(wrapped, name)
           ~~~~~~~~~~~~~~~~~~^^^^^^^^^^^^^^^
  File "C:\Users\Atong Abraham\Desktop\projects\bior\Bil_backend\venv\Lib\site-packages\django\db\models\sql\query.py", line 1458, in try_transform
    raise FieldError(
    ...<2 lines>...
    )
django.core.exceptions.FieldError: Unsupported lookup 'code' for CharField or join on the field not permitted.

During handling of the above exception, another exception occurred:

Traceback (most recent call last):
  File "C:\Users\Atong Abraham\Desktop\projects\bior\Bil_backend\venv\Lib\site-packages\django\core\handlers\exception.py", line 55, in inner
    response = get_response(request)
  File "C:\Users\Atong Abraham\Desktop\projects\bior\Bil_backend\venv\Lib\site-packages\django\core\handlers\base.py", line 197, in _get_response
    response = wrapped_callback(request, *callback_args, **callback_kwargs)
  File "C:\Users\Atong Abraham\Desktop\projects\bior\Bil_backend\dashboard\views.py", line 1185, in transactions
    currency_stats = filtered_qs.values('currency__code', 'currency__name', 'currency__symbol').annotate(
                     ~~~~~~~~~~~~~~~~~~^^^^^^^^^^^^^^^^^^^^^^^^^^^^^^^^^^^^^^^^^^^^^^^^^^^^^^^^
  File "C:\Users\Atong Abraham\Desktop\projects\bior\Bil_backend\venv\Lib\site-packages\django\db\models\query.py", line 1368, in values
    clone = self._values(*fields, **expressions)
  File "C:\Users\Atong Abraham\Desktop\projects\bior\Bil_backend\venv\Lib\site-packages\django\db\models\query.py", line 1363, in _values
    clone.query.set_values(fields)
    ~~~~~~~~~~~~~~~~~~~~~~^^^^^^^^
  File "C:\Users\Atong Abraham\Desktop\projects\bior\Bil_backend\venv\Lib\site-packages\django\db\models\sql\query.py", line 2577, in set_values
    self.add_fields(field_names, True)
    ~~~~~~~~~~~~~~~^^^^^^^^^^^^^^^^^^^
  File "C:\Users\Atong Abraham\Desktop\projects\bior\Bil_backend\venv\Lib\site-packages\django\db\models\sql\query.py", line 2260, in add_fields
    cols.append(join_info.transform_function(targets[0], final_alias))
                ~~~~~~~~~~~~~~~~~~~~~~~~~~~~^^^^^^^^^^^^^^^^^^^^^^^^^
  File "C:\Users\Atong Abraham\Desktop\projects\bior\Bil_backend\venv\Lib\site-packages\django\db\models\sql\query.py", line 1928, in transform
    raise last_field_exception
  File "C:\Users\Atong Abraham\Desktop\projects\bior\Bil_backend\venv\Lib\site-packages\django\db\models\sql\query.py", line 1901, in setup_joins
    path, final_field, targets, rest = self.names_to_path(
                                       ~~~~~~~~~~~~~~~~~~^
        names[:pivot],
        ^^^^^^^^^^^^^^
    ...<2 lines>...
        fail_on_missing=True,
        ^^^^^^^^^^^^^^^^^^^^^
    )
    ^
  File "C:\Users\Atong Abraham\Desktop\projects\bior\Bil_backend\venv\Lib\site-packages\django\db\models\sql\query.py", line 1843, in names_to_path
    raise FieldError(
    ...<2 lines>...
    )
django.core.exceptions.FieldError: Cannot resolve keyword 'code' into field. Join on 'currency' not permitted.
"GET /dashboard/transactions/ HTTP/1.1" 500 129358
Internal Server Error: /dashboard/transactions/
Traceback (most recent call last):
  File "C:\Users\Atong Abraham\Desktop\projects\bior\Bil_backend\venv\Lib\site-packages\django\db\models\sql\query.py", line 1924, in transform
    return self.try_transform(wrapped, name)
           ~~~~~~~~~~~~~~~~~~^^^^^^^^^^^^^^^
  File "C:\Users\Atong Abraham\Desktop\projects\bior\Bil_backend\venv\Lib\site-packages\django\db\models\sql\query.py", line 1458, in try_transform
    raise FieldError(
    ...<2 lines>...
    )
django.core.exceptions.FieldError: Unsupported lookup 'code' for CharField or join on the field not permitted.

During handling of the above exception, another exception occurred:

Traceback (most recent call last):
  File "C:\Users\Atong Abraham\Desktop\projects\bior\Bil_backend\venv\Lib\site-packages\django\core\handlers\exception.py", line 55, in inner
    response = get_response(request)
  File "C:\Users\Atong Abraham\Desktop\projects\bior\Bil_backend\venv\Lib\site-packages\django\core\handlers\base.py", line 197, in _get_response
    response = wrapped_callback(request, *callback_args, **callback_kwargs)
  File "C:\Users\Atong Abraham\Desktop\projects\bior\Bil_backend\dashboard\views.py", line 1185, in transactions
    currency_stats = filtered_qs.values('currency__code', 'currency__name', 'currency__symbol').annotate(
                     ~~~~~~~~~~~~~~~~~~^^^^^^^^^^^^^^^^^^^^^^^^^^^^^^^^^^^^^^^^^^^^^^^^^^^^^^^^
  File "C:\Users\Atong Abraham\Desktop\projects\bior\Bil_backend\venv\Lib\site-packages\django\db\models\query.py", line 1368, in values
    clone = self._values(*fields, **expressions)
  File "C:\Users\Atong Abraham\Desktop\projects\bior\Bil_backend\venv\Lib\site-packages\django\db\models\query.py", line 1363, in _values
    clone.query.set_values(fields)
    ~~~~~~~~~~~~~~~~~~~~~~^^^^^^^^
  File "C:\Users\Atong Abraham\Desktop\projects\bior\Bil_backend\venv\Lib\site-packages\django\db\models\sql\query.py", line 2577, in set_values
    self.add_fields(field_names, True)
    ~~~~~~~~~~~~~~~^^^^^^^^^^^^^^^^^^^
  File "C:\Users\Atong Abraham\Desktop\projects\bior\Bil_backend\venv\Lib\site-packages\django\db\models\sql\query.py", line 2260, in add_fields
    cols.append(join_info.transform_function(targets[0], final_alias))
                ~~~~~~~~~~~~~~~~~~~~~~~~~~~~^^^^^^^^^^^^^^^^^^^^^^^^^
  File "C:\Users\Atong Abraham\Desktop\projects\bior\Bil_backend\venv\Lib\site-packages\django\db\models\sql\query.py", line 1928, in transform
    raise last_field_exception
  File "C:\Users\Atong Abraham\Desktop\projects\bior\Bil_backend\venv\Lib\site-packages\django\db\models\sql\query.py", line 1901, in setup_joins
    path, final_field, targets, rest = self.names_to_path(
                                       ~~~~~~~~~~~~~~~~~~^
        names[:pivot],
        ^^^^^^^^^^^^^^
    ...<2 lines>...
        fail_on_missing=True,
        ^^^^^^^^^^^^^^^^^^^^^
    )
    ^
  File "C:\Users\Atong Abraham\Desktop\projects\bior\Bil_backend\venv\Lib\site-packages\django\db\models\sql\query.py", line 1843, in names_to_path
    raise FieldError(
    ...<2 lines>...
    )
django.core.exceptions.FieldError: Cannot resolve keyword 'code' into field. Join on 'currency' not permitted.
"GET /dashboard/transactions/ HTTP/1.1" 500 129358
C:\Users\Atong Abraham\Desktop\projects\bior\Bil_backend\dashboard\views.py changed, reloading.
Watching for file changes with StatReloader
Internal Server Error: /dashboard/transactions/
Traceback (most recent call last):
  File "C:\Users\Atong Abraham\Desktop\projects\bior\Bil_backend\venv\Lib\site-packages\django\db\models\sql\query.py", line 1924, in transform
    return self.try_transform(wrapped, name)
           ~~~~~~~~~~~~~~~~~~^^^^^^^^^^^^^^^
  File "C:\Users\Atong Abraham\Desktop\projects\bior\Bil_backend\venv\Lib\site-packages\django\db\models\sql\query.py", line 1458, in try_transform
    raise FieldError(
    ...<2 lines>...
    )
django.core.exceptions.FieldError: Unsupported lookup 'code' for CharField or join on the field not permitted.

During handling of the above exception, another exception occurred:

Traceback (most recent call last):
  File "C:\Users\Atong Abraham\Desktop\projects\bior\Bil_backend\venv\Lib\site-packages\django\core\handlers\exception.py", line 55, in inner
    response = get_response(request)
  File "C:\Users\Atong Abraham\Desktop\projects\bior\Bil_backend\venv\Lib\site-packages\django\core\handlers\base.py", line 197, in _get_response
    response = wrapped_callback(request, *callback_args, **callback_kwargs)
  File "C:\Users\Atong Abraham\Desktop\projects\bior\Bil_backend\dashboard\views.py", line 1204, in transactions
    top_currencies = filtered_qs.values('currency__code').annotate(
                     ~~~~~~~~~~~~~~~~~~^^^^^^^^^^^^^^^^^^
  File "C:\Users\Atong Abraham\Desktop\projects\bior\Bil_backend\venv\Lib\site-packages\django\db\models\query.py", line 1368, in values
    clone = self._values(*fields, **expressions)
  File "C:\Users\Atong Abraham\Desktop\projects\bior\Bil_backend\venv\Lib\site-packages\django\db\models\query.py", line 1363, in _values
    clone.query.set_values(fields)
    ~~~~~~~~~~~~~~~~~~~~~~^^^^^^^^
  File "C:\Users\Atong Abraham\Desktop\projects\bior\Bil_backend\venv\Lib\site-packages\django\db\models\sql\query.py", line 2577, in set_values
    self.add_fields(field_names, True)
    ~~~~~~~~~~~~~~~^^^^^^^^^^^^^^^^^^^
  File "C:\Users\Atong Abraham\Desktop\projects\bior\Bil_backend\venv\Lib\site-packages\django\db\models\sql\query.py", line 2260, in add_fields
    cols.append(join_info.transform_function(targets[0], final_alias))
                ~~~~~~~~~~~~~~~~~~~~~~~~~~~~^^^^^^^^^^^^^^^^^^^^^^^^^
  File "C:\Users\Atong Abraham\Desktop\projects\bior\Bil_backend\venv\Lib\site-packages\django\db\models\sql\query.py", line 1928, in transform
    raise last_field_exception
  File "C:\Users\Atong Abraham\Desktop\projects\bior\Bil_backend\venv\Lib\site-packages\django\db\models\sql\query.py", line 1901, in setup_joins
    path, final_field, targets, rest = self.names_to_path(
                                       ~~~~~~~~~~~~~~~~~~^
        names[:pivot],
        ^^^^^^^^^^^^^^
    ...<2 lines>...
        fail_on_missing=True,
        ^^^^^^^^^^^^^^^^^^^^^
    )
    ^
  File "C:\Users\Atong Abraham\Desktop\projects\bior\Bil_backend\venv\Lib\site-packages\django\db\models\sql\query.py", line 1843, in names_to_path
    raise FieldError(
    ...<2 lines>...
    )
django.core.exceptions.FieldError: Cannot resolve keyword 'code' into field. Join on 'currency' not permitted.
"GET /dashboard/transactions/ HTTP/1.1" 500 128964
C:\Users\Atong Abraham\Desktop\projects\bior\Bil_backend\dashboard\views.py changed, reloading.
Watching for file changes with StatReloader
"GET /dashboard/transactions/ HTTP/1.1" 200 30161
"GET /static/css/enhanced-styles.css HTTP/1.1" 404 1883
"GET /static/dashboard/css/transactions.css HTTP/1.1" 200 6656
"GET /dashboard/analytics/ HTTP/1.1" 200 35787
"GET /static/css/enhanced-styles.css HTTP/1.1" 404 1883
"GET /dashboard/proofs/ HTTP/1.1" 200 28760
"GET /static/css/enhanced-styles.css HTTP/1.1" 404 1883
"GET /dashboard/users/ HTTP/1.1" 200 55228
"GET /static/css/enhanced-styles.css HTTP/1.1" 404 1883
"GET /dashboard/proofs/ HTTP/1.1" 200 28760
"GET /static/css/enhanced-styles.css HTTP/1.1" 404 1883
"GET /dashboard/transactions/ HTTP/1.1" 200 30161
"GET /static/css/enhanced-styles.css HTTP/1.1" 404 1883
"GET /dashboard/company-info/ HTTP/1.1" 200 21519
"GET /static/css/enhanced-styles.css HTTP/1.1" 404 1883
"GET /dashboard/announcements/ HTTP/1.1" 200 21821
"GET /static/css/enhanced-styles.css HTTP/1.1" 404 1883
"GET /dashboard/admin/system-status/ HTTP/1.1" 200 22349
"GET /static/css/enhanced-styles.css HTTP/1.1" 404 1883
"GET /dashboard/transactions/ HTTP/1.1" 200 30161
"GET /static/css/enhanced-styles.css HTTP/1.1" 404 1883
"GET /dashboard/users/ HTTP/1.1" 200 55228
"GET /static/css/enhanced-styles.css HTTP/1.1" 404 1883
"POST /dashboard/users/add/ HTTP/1.1" 302 0
"GET /dashboard/users/ HTTP/1.1" 200 58158
"GET /static/css/enhanced-styles.css HTTP/1.1" 404 1883
Unauthorized: /api/proof_list/
"GET /api/proof_list/ HTTP/1.1" 401 172
Unauthorized: /api/proof_list/
"GET /api/proof_list/ HTTP/1.1" 401 172
Unauthorized: /api/proof_list/
"GET /api/proof_list/ HTTP/1.1" 401 172
Unauthorized: /api/proof_list/
"GET /api/proof_list/ HTTP/1.1" 401 172
Unauthorized: /api/proof_list/
"GET /api/proof_list/ HTTP/1.1" 401 172
Unauthorized: /api/proof_list/
"GET /api/proof_list/ HTTP/1.1" 401 172
Unauthorized: /api/proof_list/
"GET /api/proof_list/ HTTP/1.1" 401 172
Unauthorized: /api/proof_list/
"GET /api/proof_list/ HTTP/1.1" 401 172
Unauthorized: /api/proof_list/
"GET /api/proof_list/ HTTP/1.1" 401 172
Unauthorized: /api/proof_list/
"GET /api/proof_list/ HTTP/1.1" 401 172
Unauthorized: /api/proof_list/
"GET /api/proof_list/ HTTP/1.1" 401 172
Unauthorized: /api/proof_list/
"GET /api/proof_list/ HTTP/1.1" 401 172
Unauthorized: /api/proof_list/
"GET /api/proof_list/ HTTP/1.1" 401 172
Unauthorized: /api/proof_list/
"GET /api/proof_list/ HTTP/1.1" 401 172
Unauthorized: /api/proof_list/
"GET /api/proof_list/ HTTP/1.1" 401 172
Unauthorized: /api/proof_list/
"GET /api/proof_list/ HTTP/1.1" 401 172
Unauthorized: /api/proof_list/
"GET /api/proof_list/ HTTP/1.1" 401 172
Unauthorized: /api/proof_list/
"GET /api/proof_list/ HTTP/1.1" 401 172
Unauthorized: /api/proof_list/
"GET /api/proof_list/ HTTP/1.1" 401 172
Unauthorized: /api/proof_list/
"GET /api/proof_list/ HTTP/1.1" 401 172
Unauthorized: /api/proof_list/
"GET /api/proof_list/ HTTP/1.1" 401 172
Unauthorized: /api/proof_list/
"GET /api/proof_list/ HTTP/1.1" 401 172
Unauthorized: /api/proof_list/
"GET /api/proof_list/ HTTP/1.1" 401 172
Unauthorized: /api/proof_list/
"GET /api/proof_list/ HTTP/1.1" 401 172
Unauthorized: /api/proof_list/
"GET /api/proof_list/ HTTP/1.1" 401 172
Unauthorized: /api/proof_list/
"GET /api/proof_list/ HTTP/1.1" 401 172
Unauthorized: /api/proof_list/
"GET /api/proof_list/ HTTP/1.1" 401 172
Unauthorized: /api/proof_list/
"GET /api/proof_list/ HTTP/1.1" 401 172
Unauthorized: /api/proof_list/
"GET /api/proof_list/ HTTP/1.1" 401 172
Unauthorized: /api/proof_list/
"GET /api/proof_list/ HTTP/1.1" 401 172
Unauthorized: /api/proof_list/
"GET /api/proof_list/ HTTP/1.1" 401 172
Unauthorized: /api/proof_list/
"GET /api/proof_list/ HTTP/1.1" 401 172
Unauthorized: /api/proof_list/
"GET /api/proof_list/ HTTP/1.1" 401 172
Unauthorized: /api/proof_list/
"GET /api/proof_list/ HTTP/1.1" 401 172
"POST /dashboard/users/add/ HTTP/1.1" 302 0
"GET /dashboard/users/ HTTP/1.1" 200 60629
"GET /static/css/enhanced-styles.css HTTP/1.1" 404 1883
Unauthorized: /api/proof_list/
"GET /api/proof_list/ HTTP/1.1" 401 172
Unauthorized: /api/proof_list/
"GET /api/proof_list/ HTTP/1.1" 401 172
Unauthorized: /api/proof_list/
"GET /api/proof_list/ HTTP/1.1" 401 172
Unauthorized: /api/proof_list/
"GET /api/proof_list/ HTTP/1.1" 401 172
Unauthorized: /api/proof_list/
"GET /api/proof_list/ HTTP/1.1" 401 172
Unauthorized: /api/proof_list/
"GET /api/proof_list/ HTTP/1.1" 401 172
Unauthorized: /api/proof_list/
"GET /api/proof_list/ HTTP/1.1" 401 172
Unauthorized: /api/proof_list/
"GET /api/proof_list/ HTTP/1.1" 401 172
Unauthorized: /api/proof_list/
"GET /api/proof_list/ HTTP/1.1" 401 172
Unauthorized: /api/proof_list/
"GET /api/proof_list/ HTTP/1.1" 401 172
Unauthorized: /api/proof_list/
Unauthorized: /api/proof_list/
"GET /api/proof_list/ HTTP/1.1" 401 172
"GET /api/proof_list/ HTTP/1.1" 401 172
Unauthorized: /api/proof_list/
"GET /api/proof_list/ HTTP/1.1" 401 172
Unauthorized: /api/proof_list/
"GET /api/proof_list/ HTTP/1.1" 401 172
Unauthorized: /api/proof_list/
"GET /api/proof_list/ HTTP/1.1" 401 172
Unauthorized: /api/proof_list/
"GET /api/proof_list/ HTTP/1.1" 401 172
Unauthorized: /api/proof_list/
"GET /api/proof_list/ HTTP/1.1" 401 172
Unauthorized: /api/proof_list/
"GET /api/proof_list/ HTTP/1.1" 401 172
Unauthorized: /api/proof_list/
"GET /api/proof_list/ HTTP/1.1" 401 172
Unauthorized: /api/proof_list/
"GET /api/proof_list/ HTTP/1.1" 401 172
Unauthorized: /api/proof_list/
"GET /api/proof_list/ HTTP/1.1" 401 172
Unauthorized: /api/proof_list/
"GET /api/proof_list/ HTTP/1.1" 401 172
Unauthorized: /api/proof_list/
"GET /api/proof_list/ HTTP/1.1" 401 172
Unauthorized: /api/proof_list/
Unauthorized: /api/proof_list/
"GET /api/proof_list/ HTTP/1.1" 401 172
"GET /api/proof_list/ HTTP/1.1" 401 172
"POST /api/encrypt_message HTTP/1.1" 200 368
Unauthorized: /api/proof_list/
"GET /api/proof_list/ HTTP/1.1" 401 172
Unauthorized: /api/proof_list/
"GET /api/proof_list/ HTTP/1.1" 401 172
Unauthorized: /api/proof_list/
"GET /api/proof_list/ HTTP/1.1" 401 172
Unauthorized: /api/proof_list/
"GET /api/proof_list/ HTTP/1.1" 401 172
Unauthorized: /api/proof_list/
"GET /api/proof_list/ HTTP/1.1" 401 172
Unauthorized: /api/proof_list/
"GET /api/proof_list/ HTTP/1.1" 401 172
Unauthorized: /api/proof_list/
"GET /api/proof_list/ HTTP/1.1" 401 172
Unauthorized: /api/proof_list/
"GET /api/proof_list/ HTTP/1.1" 401 172
Unauthorized: /api/proof_list/
"GET /api/proof_list/ HTTP/1.1" 401 172
Unauthorized: /api/proof_list/
"GET /api/proof_list/ HTTP/1.1" 401 172
Unauthorized: /api/proof_list/
Unauthorized: /api/auth/login/
"GET /api/proof_list/ HTTP/1.1" 401 172
"POST /api/auth/login/ HTTP/1.1" 401 48
Unauthorized: /api/proof_list/
"GET /api/proof_list/ HTTP/1.1" 401 172
Unauthorized: /api/proof_list/
"GET /api/proof_list/ HTTP/1.1" 401 172
Unauthorized: /api/proof_list/
"GET /api/proof_list/ HTTP/1.1" 401 172
"POST /api/encrypt_message HTTP/1.1" 200 368
Unauthorized: /api/proof_list/
"GET /api/proof_list/ HTTP/1.1" 401 172
Unauthorized: /api/proof_list/
"GET /api/proof_list/ HTTP/1.1" 401 172
Unauthorized: /api/proof_list/
"GET /api/proof_list/ HTTP/1.1" 401 172
Unauthorized: /api/proof_list/
"GET /api/proof_list/ HTTP/1.1" 401 172
Unauthorized: /api/proof_list/
Unauthorized: /api/proof_list/
"GET /api/proof_list/ HTTP/1.1" 401 172
"GET /api/proof_list/ HTTP/1.1" 401 172
Unauthorized: /api/proof_list/
"GET /api/proof_list/ HTTP/1.1" 401 172
"POST /api/auth/login/ HTTP/1.1" 200 687
"GET /api/announcements HTTP/1.1" 301 0
Unauthorized: /api/proof_list/
"GET /api/proof_list/ HTTP/1.1" 401 172
Unauthorized: /api/announcements/
"GET /api/announcements/ HTTP/1.1" 401 172
Unauthorized: /api/proof_list/
"GET /api/proof_list/ HTTP/1.1" 401 172
Unauthorized: /api/proof_list/
"GET /api/proof_list/ HTTP/1.1" 401 172
Unauthorized: /api/proof_list/
"GET /api/proof_list/ HTTP/1.1" 401 172
Unauthorized: /api/proof_list/
"GET /api/proof_list/ HTTP/1.1" 401 172
Bad Request: /api/proofs/
"POST /api/proofs/ HTTP/1.1" 400 99
"GET /api/announcements HTTP/1.1" 301 0
Unauthorized: /api/proof_list/
"GET /api/proof_list/ HTTP/1.1" 401 172
Unauthorized: /api/announcements/
"GET /api/announcements/ HTTP/1.1" 401 172
Unauthorized: /api/proof_list/
"GET /api/proof_list/ HTTP/1.1" 401 172
Unauthorized: /api/proof_list/
"GET /api/proof_list/ HTTP/1.1" 401 172
Unauthorized: /api/proof_list/
"GET /api/proof_list/ HTTP/1.1" 401 172
Unauthorized: /api/proof_list/
"GET /api/proof_list/ HTTP/1.1" 401 172
Unauthorized: /api/proof_list/
"GET /api/proof_list/ HTTP/1.1" 401 172
"GET /dashboard/countries/ HTTP/1.1" 200 22724
"GET /static/css/enhanced-styles.css HTTP/1.1" 404 1883
Unauthorized: /api/proof_list/
"GET /api/proof_list/ HTTP/1.1" 401 172
Bad Request: /api/proofs/
"POST /api/proofs/ HTTP/1.1" 400 99
Unauthorized: /api/proof_list/
"GET /api/proof_list/ HTTP/1.1" 401 172
Unauthorized: /api/proof_list/
"GET /api/proof_list/ HTTP/1.1" 401 172
Unauthorized: /api/proof_list/
"GET /api/proof_list/ HTTP/1.1" 401 172
Unauthorized: /api/proof_list/
"GET /api/proof_list/ HTTP/1.1" 401 172
Bad Request: /api/proofs/
"POST /api/proofs/ HTTP/1.1" 400 117
Unauthorized: /api/proof_list/
"GET /api/proof_list/ HTTP/1.1" 401 172
Unauthorized: /api/proof_list/
"GET /api/proof_list/ HTTP/1.1" 401 172
Unauthorized: /api/proof_list/
"GET /api/proof_list/ HTTP/1.1" 401 172
Bad Request: /api/proofs/
"POST /api/proofs/ HTTP/1.1" 400 99
Unauthorized: /api/proof_list/
"GET /api/proof_list/ HTTP/1.1" 401 172
Unauthorized: /api/proof_list/
"GET /api/proof_list/ HTTP/1.1" 401 172
Unauthorized: /api/proof_list/
"GET /api/proof_list/ HTTP/1.1" 401 172
Unauthorized: /api/proof_list/
"GET /api/proof_list/ HTTP/1.1" 401 172
Unauthorized: /api/proof_list/
"GET /api/proof_list/ HTTP/1.1" 401 172
"GET /api/announcements HTTP/1.1" 301 0
Unauthorized: /api/proof_list/
"GET /api/proof_list/ HTTP/1.1" 401 172
Unauthorized: /api/proof_list/
"GET /api/proof_list/ HTTP/1.1" 401 172
Unauthorized: /api/announcements/
"GET /api/announcements/ HTTP/1.1" 401 172
Unauthorized: /api/proof_list/
"GET /api/proof_list/ HTTP/1.1" 401 172
Unauthorized: /api/proof_list/
"GET /api/proof_list/ HTTP/1.1" 401 172
Unauthorized: /api/proof_list/
"GET /api/proof_list/ HTTP/1.1" 401 172
Unauthorized: /api/proof_list/
"GET /api/proof_list/ HTTP/1.1" 401 172
Unauthorized: /api/proof_list/
"GET /api/proof_list/ HTTP/1.1" 401 172
Unauthorized: /api/proof_list/
"GET /api/proof_list/ HTTP/1.1" 401 172
Unauthorized: /api/proof_list/
"GET /api/proof_list/ HTTP/1.1" 401 172
Unauthorized: /api/proof_list/
"GET /api/proof_list/ HTTP/1.1" 401 172
Unauthorized: /api/proof_list/
"GET /api/proof_list/ HTTP/1.1" 401 172
Unauthorized: /api/proof_list/
"GET /api/proof_list/ HTTP/1.1" 401 172
Unauthorized: /api/proof_list/
"GET /api/proof_list/ HTTP/1.1" 401 172
Unauthorized: /api/proof_list/
"GET /api/proof_list/ HTTP/1.1" 401 172
Unauthorized: /api/proof_list/
"GET /api/proof_list/ HTTP/1.1" 401 172
Unauthorized: /api/proof_list/
"GET /api/proof_list/ HTTP/1.1" 401 172
Unauthorized: /api/proof_list/
"GET /api/proof_list/ HTTP/1.1" 401 172
Unauthorized: /api/proof_list/
"GET /api/proof_list/ HTTP/1.1" 401 172
Unauthorized: /api/proof_list/
"GET /api/proof_list/ HTTP/1.1" 401 172
Unauthorized: /api/proof_list/
Unauthorized: /api/proof_list/
"GET /api/announcements HTTP/1.1" 301 0
"GET /api/proof_list/ HTTP/1.1" 401 172
"GET /api/proof_list/ HTTP/1.1" 401 172
Unauthorized: /api/announcements/
"GET /api/announcements/ HTTP/1.1" 401 172
Unauthorized: /api/proof_list/
"GET /api/proof_list/ HTTP/1.1" 401 172
Unauthorized: /api/proof_list/
"GET /api/proof_list/ HTTP/1.1" 401 172
Unauthorized: /api/proof_list/
"GET /api/proof_list/ HTTP/1.1" 401 172
Unauthorized: /api/proof_list/
"GET /api/proof_list/ HTTP/1.1" 401 172
Unauthorized: /api/proof_list/
"GET /api/proof_list/ HTTP/1.1" 401 172
Unauthorized: /api/proof_list/
"GET /api/proof_list/ HTTP/1.1" 401 172
Unauthorized: /api/proof_list/
"GET /api/proof_list/ HTTP/1.1" 401 172
Unauthorized: /api/proof_list/
"GET /api/proof_list/ HTTP/1.1" 401 172
Unauthorized: /api/proof_list/
"GET /api/proof_list/ HTTP/1.1" 401 172
Unauthorized: /api/proof_list/
"GET /api/proof_list/ HTTP/1.1" 401 172
Unauthorized: /api/proof_list/
"GET /api/proof_list/ HTTP/1.1" 401 172
Unauthorized: /api/proof_list/
"GET /api/proof_list/ HTTP/1.1" 401 172
Unauthorized: /api/proof_list/
"GET /api/proof_list/ HTTP/1.1" 401 172
Unauthorized: /api/proof_list/
"GET /api/proof_list/ HTTP/1.1" 401 172
Unauthorized: /api/proof_list/
"GET /api/proof_list/ HTTP/1.1" 401 172
Unauthorized: /api/proof_list/
"GET /api/proof_list/ HTTP/1.1" 401 172
Unauthorized: /api/proof_list/
"GET /api/proof_list/ HTTP/1.1" 401 172
Unauthorized: /api/proof_list/
"GET /api/proof_list/ HTTP/1.1" 401 172
Unauthorized: /api/proof_list/
"GET /api/proof_list/ HTTP/1.1" 401 172
Unauthorized: /api/proof_list/
"GET /api/proof_list/ HTTP/1.1" 401 172
Unauthorized: /api/proof_list/
"GET /api/proof_list/ HTTP/1.1" 401 172
Unauthorized: /api/proof_list/
"GET /api/proof_list/ HTTP/1.1" 401 172
Unauthorized: /api/proof_list/
"GET /api/proof_list/ HTTP/1.1" 401 172
Unauthorized: /api/proof_list/
"GET /api/proof_list/ HTTP/1.1" 401 172
Unauthorized: /api/proof_list/
"GET /api/proof_list/ HTTP/1.1" 401 172
Unauthorized: /api/proof_list/
"GET /api/proof_list/ HTTP/1.1" 401 172
Unauthorized: /api/proof_list/
"GET /api/proof_list/ HTTP/1.1" 401 172
Unauthorized: /api/proof_list/
"GET /api/proof_list/ HTTP/1.1" 401 172
Unauthorized: /api/proof_list/
"GET /api/proof_list/ HTTP/1.1" 401 172
Unauthorized: /api/proof_list/
"GET /api/proof_list/ HTTP/1.1" 401 172
Unauthorized: /api/proof_list/
"GET /api/proof_list/ HTTP/1.1" 401 172
Unauthorized: /api/proof_list/
"GET /api/proof_list/ HTTP/1.1" 401 172
Unauthorized: /api/proof_list/
"GET /api/proof_list/ HTTP/1.1" 401 172
Unauthorized: /api/proof_list/
"GET /api/proof_list/ HTTP/1.1" 401 172
Unauthorized: /api/proof_list/
"GET /api/proof_list/ HTTP/1.1" 401 172
Unauthorized: /api/proof_list/
"GET /api/proof_list/ HTTP/1.1" 401 172
Unauthorized: /api/proof_list/
"GET /api/proof_list/ HTTP/1.1" 401 172
Unauthorized: /api/proof_list/
"GET /api/proof_list/ HTTP/1.1" 401 172
Unauthorized: /api/proof_list/
"GET /api/proof_list/ HTTP/1.1" 401 172
Unauthorized: /api/proof_list/
"GET /api/proof_list/ HTTP/1.1" 401 172
Unauthorized: /api/proof_list/
"GET /api/proof_list/ HTTP/1.1" 401 172
Unauthorized: /api/proof_list/
"GET /api/proof_list/ HTTP/1.1" 401 172
Unauthorized: /api/proof_list/
Unauthorized: /api/proof_list/
"GET /api/proof_list/ HTTP/1.1" 401 172
"GET /api/proof_list/ HTTP/1.1" 401 172
"GET /api/announcements HTTP/1.1" 301 0
Unauthorized: /api/announcements/
"GET /api/announcements/ HTTP/1.1" 401 172
Unauthorized: /api/proof_list/
"GET /api/proof_list/ HTTP/1.1" 401 172
Unauthorized: /api/proof_list/
"GET /api/proof_list/ HTTP/1.1" 401 172
Unauthorized: /api/proof_list/
"GET /api/proof_list/ HTTP/1.1" 401 172
Unauthorized: /api/proof_list/
"GET /api/proof_list/ HTTP/1.1" 401 172
Unauthorized: /api/proof_list/
"GET /api/proof_list/ HTTP/1.1" 401 172
Unauthorized: /api/proof_list/
"GET /api/proof_list/ HTTP/1.1" 401 172
Unauthorized: /api/proof_list/
"GET /api/proof_list/ HTTP/1.1" 401 172
Unauthorized: /api/proof_list/
"GET /api/proof_list/ HTTP/1.1" 401 172
Unauthorized: /api/proof_list/
"GET /api/proof_list/ HTTP/1.1" 401 172
Unauthorized: /api/proof_list/
"GET /api/proof_list/ HTTP/1.1" 401 172
Unauthorized: /api/proof_list/
"GET /api/proof_list/ HTTP/1.1" 401 172
"POST /api/auth/login/ HTTP/1.1" 200 687
"GET /api/announcements HTTP/1.1" 301 0
"GET /api/proof_list/ HTTP/1.1" 200 26
"GET /api/announcements/ HTTP/1.1" 200 2
"GET /api/proof_list/ HTTP/1.1" 200 26
"GET /api/proof_list/ HTTP/1.1" 200 26
"GET /api/proof_list/ HTTP/1.1" 200 26
"GET /api/countries HTTP/1.1" 301 0
"GET /api/countries/ HTTP/1.1" 200 114
"GET /api/proof_list/ HTTP/1.1" 200 26
"GET /api/proof_list/ HTTP/1.1" 200 26
"GET /api/proof_list/ HTTP/1.1" 200 26
"GET /api/proof_list/ HTTP/1.1" 200 26
"GET /api/proof_list/ HTTP/1.1" 200 26
"GET /api/proof_list/ HTTP/1.1" 200 26
"GET /api/proof_list/ HTTP/1.1" 200 26
"GET /api/proof_list/ HTTP/1.1" 200 26
"GET /api/proof_list/ HTTP/1.1" 200 26
"GET /api/proof_list/ HTTP/1.1" 200 26
"GET /api/proof_list/ HTTP/1.1" 200 26
"GET /api/proof_list/ HTTP/1.1" 200 26
"GET /api/proof_list/ HTTP/1.1" 200 26
"GET /api/proof_list/ HTTP/1.1" 200 26
"GET /api/proof_list/ HTTP/1.1" 200 26
"GET /api/proof_list/ HTTP/1.1" 200 26
"GET /api/proof_list/ HTTP/1.1" 200 26
"GET /api/proof_list/ HTTP/1.1" 200 26
"GET /api/proof_list/ HTTP/1.1" 200 26
"GET /api/proof_list/ HTTP/1.1" 200 26
"GET /api/proof_list/ HTTP/1.1" 200 26
"GET /api/proof_list/ HTTP/1.1" 200 26
"GET /api/proof_list/ HTTP/1.1" 200 26
"GET /api/proof_list/ HTTP/1.1" 200 26
"GET /api/proof_list/ HTTP/1.1" 200 26
"GET /api/proof_list/ HTTP/1.1" 200 26
"GET /api/proof_list/ HTTP/1.1" 200 26
"GET /api/proof_list/ HTTP/1.1" 200 26
"GET /api/proof_list/ HTTP/1.1" 200 26
"GET /api/proof_list/ HTTP/1.1" 200 26
"GET /api/proof_list/ HTTP/1.1" 200 26
"GET /api/proof_list/ HTTP/1.1" 200 26
"GET /api/proof_list/ HTTP/1.1" 200 26
"GET /api/proof_list/ HTTP/1.1" 200 26
"GET /api/proof_list/ HTTP/1.1" 200 26
"GET /api/proof_list/ HTTP/1.1" 200 26
"GET /api/proof_list/ HTTP/1.1" 200 26
"GET /api/proof_list/ HTTP/1.1" 200 26
"GET /api/proof_list/ HTTP/1.1" 200 26
"GET /api/proof_list/ HTTP/1.1" 200 26
"GET /api/proof_list/ HTTP/1.1" 200 26
"GET /api/proof_list/ HTTP/1.1" 200 26
"GET /api/proof_list/ HTTP/1.1" 200 26
"GET /api/proof_list/ HTTP/1.1" 200 26
"GET /api/proof_list/ HTTP/1.1" 200 26
"GET /api/announcements HTTP/1.1" 301 0
"GET /api/announcements/ HTTP/1.1" 200 2
"GET /api/proof_list/ HTTP/1.1" 200 26
"GET /api/proof_list/ HTTP/1.1" 200 26
"GET /api/proof_list/ HTTP/1.1" 200 26
"GET /api/proof_list/ HTTP/1.1" 200 26
"GET /api/proof_list/ HTTP/1.1" 200 26
"GET /api/proof_list/ HTTP/1.1" 200 26
"POST /api/auth/login/ HTTP/1.1" 200 687
"GET /api/announcements HTTP/1.1" 301 0
"GET /api/announcements/ HTTP/1.1" 200 2
"GET /api/proof_list/ HTTP/1.1" 200 26
"GET /api/countries HTTP/1.1" 301 0
"GET /api/countries/ HTTP/1.1" 200 114
"GET /api/proof_list/ HTTP/1.1" 200 26
"GET /api/proof_list/ HTTP/1.1" 200 26
"GET /api/proof_list/ HTTP/1.1" 200 26
"GET /api/proof_list/ HTTP/1.1" 200 26
"GET /api/proof_list/ HTTP/1.1" 200 26
"GET /api/proof_list/ HTTP/1.1" 200 26
"GET /api/proof_list/ HTTP/1.1" 200 26
"GET /api/proof_list/ HTTP/1.1" 200 26
"GET /api/proof_list/ HTTP/1.1" 200 26
"GET /api/proof_list/ HTTP/1.1" 200 26
"GET /api/proof_list/ HTTP/1.1" 200 26
"GET /api/proof_list/ HTTP/1.1" 200 26
"GET /api/proof_list/ HTTP/1.1" 200 26
"GET /api/proof_list/ HTTP/1.1" 200 26
"GET /api/proof_list/ HTTP/1.1" 200 26
"GET /api/proof_list/ HTTP/1.1" 200 26
"GET /api/proof_list/ HTTP/1.1" 200 26
"GET /api/proof_list/ HTTP/1.1" 200 26
"GET /api/proof_list/ HTTP/1.1" 200 26
"GET /api/proof_list/ HTTP/1.1" 200 26
"GET /api/proof_list/ HTTP/1.1" 200 26
"GET /api/proof_list/ HTTP/1.1" 200 26
Bad Request: /api/proofs/
"POST /api/proofs/ HTTP/1.1" 400 97
"GET /api/proof_list/ HTTP/1.1" 200 26
"GET /api/proof_list/ HTTP/1.1" 200 26
"GET /api/proof_list/ HTTP/1.1" 200 26
"GET /api/proof_list/ HTTP/1.1" 200 26
Bad Request: /api/proofs/
"POST /api/proofs/ HTTP/1.1" 400 97
"GET /api/proof_list/ HTTP/1.1" 200 26
"GET /api/proof_list/ HTTP/1.1" 200 26
"GET /api/proof_list/ HTTP/1.1" 200 26
"GET /api/proof_list/ HTTP/1.1" 200 26
"GET /api/proof_list/ HTTP/1.1" 200 26
"GET /api/proof_list/ HTTP/1.1" 200 26
"GET /api/proof_list/ HTTP/1.1" 200 26
"GET /api/proof_list/ HTTP/1.1" 200 26
"GET /api/proof_list/ HTTP/1.1" 200 26
"GET /api/proof_list/ HTTP/1.1" 200 26
"GET /api/proof_list/ HTTP/1.1" 200 26
"GET /api/proof_list/ HTTP/1.1" 200 26
"GET /api/proof_list/ HTTP/1.1" 200 26
"GET /api/proof_list/ HTTP/1.1" 200 26
Bad Request: /api/proofs/
"POST /api/proofs/ HTTP/1.1" 400 97
"GET /api/proof_list/ HTTP/1.1" 200 26
"GET /api/proof_list/ HTTP/1.1" 200 26
Bad Request: /api/proofs/
"POST /api/proofs/ HTTP/1.1" 400 99
"GET /api/proof_list/ HTTP/1.1" 200 26
"GET /api/proof_list/ HTTP/1.1" 200 26
"GET /api/proof_list/ HTTP/1.1" 200 26
"GET /api/proof_list/ HTTP/1.1" 200 26
"GET /api/proof_list/ HTTP/1.1" 200 26
"GET /api/proof_list/ HTTP/1.1" 200 26
"GET /api/proof_list/ HTTP/1.1" 200 26
"GET /api/proof_list/ HTTP/1.1" 200 26
"GET /api/proof_list/ HTTP/1.1" 200 26
"GET /api/proof_list/ HTTP/1.1" 200 26
"GET /api/proof_list/ HTTP/1.1" 200 26
"GET /api/proof_list/ HTTP/1.1" 200 26
"GET /api/proof_list/ HTTP/1.1" 200 26
"GET /api/proof_list/ HTTP/1.1" 200 26
"GET /api/proof_list/ HTTP/1.1" 200 26
"GET /api/proof_list/ HTTP/1.1" 200 26
"GET /api/proof_list/ HTTP/1.1" 200 26
"GET /api/proof_list/ HTTP/1.1" 200 26
"GET /api/proof_list/ HTTP/1.1" 200 26
"GET /api/proof_list/ HTTP/1.1" 200 26
"GET /api/proof_list/ HTTP/1.1" 200 26
C:\Users\Atong Abraham\Desktop\projects\bior\Bil_backend\api\views.py changed, reloading.
Watching for file changes with StatReloader
"GET /api/proof_list/ HTTP/1.1" 200 26
"GET /api/proof_list/ HTTP/1.1" 200 26
"GET /api/proof_list/ HTTP/1.1" 200 26
"GET /api/proof_list/ HTTP/1.1" 200 26
"GET /api/proof_list/ HTTP/1.1" 200 26
"GET /api/proof_list/ HTTP/1.1" 200 26
C:\Users\Atong Abraham\Desktop\projects\bior\Bil_backend\api\serializers.py changed, reloading.
Watching for file changes with StatReloader
"GET /api/proof_list/ HTTP/1.1" 200 26
Internal Server Error: /api/proofs/
"POST /api/proofs/ HTTP/1.1" 500 160
Internal Server Error: /api/proofs/
"POST /api/proofs/ HTTP/1.1" 500 160
"GET /api/proof_list/ HTTP/1.1" 200 26
"GET /api/proof_list/ HTTP/1.1" 200 26
"GET /api/proof_list/ HTTP/1.1" 200 26
Internal Server Error: /api/proofs/
"POST /api/proofs/ HTTP/1.1" 500 160
"GET /api/proof_list/ HTTP/1.1" 200 26
"GET /api/proof_list/ HTTP/1.1" 200 26
"GET /api/proof_list/ HTTP/1.1" 200 26
"GET /api/proof_list/ HTTP/1.1" 200 26
"GET /api/proof_list/ HTTP/1.1" 200 26
"GET /api/proof_list/ HTTP/1.1" 200 26
"GET /api/proof_list/ HTTP/1.1" 200 26
"GET /api/proof_list/ HTTP/1.1" 200 26
"GET /api/proof_list/ HTTP/1.1" 200 26
"GET /api/proof_list/ HTTP/1.1" 200 26
"GET /api/proof_list/ HTTP/1.1" 200 26
"GET /api/proof_list/ HTTP/1.1" 200 26
"GET /api/proof_list/ HTTP/1.1" 200 26
"GET /api/proof_list/ HTTP/1.1" 200 26
"GET /api/proof_list/ HTTP/1.1" 200 26
"GET /api/proof_list/ HTTP/1.1" 200 26
"GET /api/proof_list/ HTTP/1.1" 200 26
Internal Server Error: /api/proofs/
"POST /api/proofs/ HTTP/1.1" 500 160
"GET /api/proof_list/ HTTP/1.1" 200 26
"GET /api/proof_list/ HTTP/1.1" 200 26
"GET /api/proof_list/ HTTP/1.1" 200 26
"GET /api/proof_list/ HTTP/1.1" 200 26
"GET /api/proof_list/ HTTP/1.1" 200 26
"GET /api/proof_list/ HTTP/1.1" 200 26
"GET /api/proof_list/ HTTP/1.1" 200 26
"GET /api/proof_list/ HTTP/1.1" 200 26
"GET /api/proof_list/ HTTP/1.1" 200 26
"GET /api/proof_list/ HTTP/1.1" 200 26
"GET /api/proof_list/ HTTP/1.1" 200 26
"GET /api/proof_list/ HTTP/1.1" 200 26
"GET /api/proof_list/ HTTP/1.1" 200 26
"GET /api/proof_list/ HTTP/1.1" 200 26
"GET /api/proof_list/ HTTP/1.1" 200 26
"GET /api/proof_list/ HTTP/1.1" 200 26
C:\Users\Atong Abraham\Desktop\projects\bior\Bil_backend\api\views.py changed, reloading.
Watching for file changes with StatReloader
"GET /api/proof_list/ HTTP/1.1" 200 26
"GET /api/proof_list/ HTTP/1.1" 200 26
"GET /api/proof_list/ HTTP/1.1" 200 26
"GET /api/proof_list/ HTTP/1.1" 200 26
C:\Users\Atong Abraham\Desktop\projects\bior\Bil_backend\api\serializers.py changed, reloading.
Watching for file changes with StatReloader
"GET /api/proof_list/ HTTP/1.1" 200 26
"GET /api/proof_list/ HTTP/1.1" 200 26
"GET /api/proof_list/ HTTP/1.1" 200 26
C:\Users\Atong Abraham\Desktop\projects\bior\Bil_backend\api\views.py changed, reloading.
Watching for file changes with StatReloader
"GET /api/proof_list/ HTTP/1.1" 200 26
Bad Request: /api/proofs/
"POST /api/proofs/ HTTP/1.1" 400 138
"GET /api/proof_list/ HTTP/1.1" 200 26
"GET /api/proof_list/ HTTP/1.1" 200 26
"GET /api/proof_list/ HTTP/1.1" 200 26
"GET /api/proof_list/ HTTP/1.1" 200 26
C:\Users\Atong Abraham\Desktop\projects\bior\Bil_backend\api\views.py changed, reloading.
Watching for file changes with StatReloader
"GET /api/proof_list/ HTTP/1.1" 200 26
"GET /api/proof_list/ HTTP/1.1" 200 26
"GET /api/proof_list/ HTTP/1.1" 200 26
"GET /api/proof_list/ HTTP/1.1" 200 26
"GET /api/proof_list/ HTTP/1.1" 200 26
"GET /api/proof_list/ HTTP/1.1" 200 26
"GET /api/proof_list/ HTTP/1.1" 200 26
"GET /api/proof_list/ HTTP/1.1" 200 26
"GET /api/proof_list/ HTTP/1.1" 200 26
"GET /api/proof_list/ HTTP/1.1" 200 26
Bad Request: /api/proofs/
"POST /api/proofs/ HTTP/1.1" 400 117
"GET /api/proof_list/ HTTP/1.1" 200 26
"GET /api/proof_list/ HTTP/1.1" 200 26
"GET /api/proof_list/ HTTP/1.1" 200 26
"POST /api/proofs/ HTTP/1.1" 201 465
"GET /api/proof_list/ HTTP/1.1" 200 427
"GET /api/proof_list/ HTTP/1.1" 200 427
"GET /api/proof_list/ HTTP/1.1" 200 427
"GET /api/proof_list/ HTTP/1.1" 200 427
"GET /dashboard/countries/ HTTP/1.1" 302 0
"GET /dashboard/login/?next=/dashboard/countries/ HTTP/1.1" 200 3348
"GET /api/proof_list/ HTTP/1.1" 200 427
"GET /api/proof_list/ HTTP/1.1" 200 427
"GET /api/proof_list/ HTTP/1.1" 200 427
"GET /api/proof_list/ HTTP/1.1" 200 427
"POST /dashboard/login/?next=/dashboard/countries/ HTTP/1.1" 200 3635
"GET /api/proof_list/ HTTP/1.1" 200 427
"GET /api/proof_list/ HTTP/1.1" 200 427
"GET /admin/api/user/ HTTP/1.1" 302 0
"GET /admin/login/?next=/admin/api/user/ HTTP/1.1" 200 3050
"GET /api/proof_list/ HTTP/1.1" 200 427
"GET /api/proof_list/ HTTP/1.1" 200 427
"POST /admin/login/?next=/admin/api/user/ HTTP/1.1" 200 3370
"GET /api/proof_list/ HTTP/1.1" 200 427
"POST /admin/login/?next=/admin/api/user/ HTTP/1.1" 302 0
"GET /admin/api/user/ HTTP/1.1" 200 43922
"GET /admin/jsi18n/ HTTP/1.1" 200 3342
"GET /api/proof_list/ HTTP/1.1" 200 427
"GET /api/proof_list/ HTTP/1.1" 200 427
"GET /api/proof_list/ HTTP/1.1" 200 427
"GET /api/proof_list/ HTTP/1.1" 200 427
"GET /api/proof_list/ HTTP/1.1" 200 427
"GET /api/proof_list/ HTTP/1.1" 200 427
"GET /api/proof_list/ HTTP/1.1" 200 427
"GET /api/proof_list/ HTTP/1.1" 200 427
Forbidden (CSRF token from POST incorrect.): /dashboard/login/
"POST /dashboard/login/?next=/dashboard/countries/ HTTP/1.1" 403 2503
"GET /api/proof_list/ HTTP/1.1" 200 427
Forbidden (CSRF token from POST incorrect.): /dashboard/login/
"POST /dashboard/login/?next=/dashboard/countries/ HTTP/1.1" 403 2503
"GET /dashboard/login/?next=/dashboard/countries/ HTTP/1.1" 302 0
"GET /dashboard/ HTTP/1.1" 200 38993
"GET /static/css/enhanced-styles.css HTTP/1.1" 404 1883
"GET /api/proof_list/ HTTP/1.1" 200 427
"GET /api/proof_list/ HTTP/1.1" 200 427
"GET /dashboard/proofs/ HTTP/1.1" 200 29646
"GET /static/css/enhanced-styles.css HTTP/1.1" 404 1883
"GET /media/proof-images/abraham_3L1YQAs.jpg HTTP/1.1" 200 100401
"GET /api/proof_list/ HTTP/1.1" 200 427
"GET /api/proof_list/ HTTP/1.1" 200 427
"POST /api/auth/login/ HTTP/1.1" 200 687
"GET /api/proof_list/ HTTP/1.1" 200 427
"GET /api/proof_list/ HTTP/1.1" 200 427
"GET /api/announcements HTTP/1.1" 301 0
"GET /api/announcements/ HTTP/1.1" 200 2
"GET /api/proof_list/ HTTP/1.1" 200 427
"GET /api/proof_list/ HTTP/1.1" 200 427
"GET /api/proof_list/ HTTP/1.1" 200 427
"GET /api/proof_list/ HTTP/1.1" 200 427
"GET /api/proof_list/ HTTP/1.1" 200 427
"GET /api/proof_list/ HTTP/1.1" 200 427
"GET /api/proof_list/ HTTP/1.1" 200 427
"GET /api/proof_list/ HTTP/1.1" 200 427
"GET /api/proof_list/ HTTP/1.1" 200 427
"GET /api/proof_list/ HTTP/1.1" 200 427
"GET /api/proof_list/ HTTP/1.1" 200 427
"GET /api/proof_list/ HTTP/1.1" 200 427
"GET /api/proof_list/ HTTP/1.1" 200 427
"GET /api/proof_list/ HTTP/1.1" 200 427
"GET /api/proof_list/ HTTP/1.1" 200 427
"GET /api/proof_list/ HTTP/1.1" 200 427
"GET /api/proof_list/ HTTP/1.1" 200 427
"GET /api/proof_list/ HTTP/1.1" 200 427
C:\Users\Atong Abraham\Desktop\projects\bior\Bil_backend\api\views.py changed, reloading.
Watching for file changes with StatReloader
"GET /api/proof_list/ HTTP/1.1" 200 427
"GET /api/proof_list/ HTTP/1.1" 200 427
C:\Users\Atong Abraham\Desktop\projects\bior\Bil_backend\api\views.py changed, reloading.
Watching for file changes with StatReloader
"GET /api/proof_list/ HTTP/1.1" 200 427
"GET /api/proof_list/ HTTP/1.1" 200 427
"GET /api/proof_list/ HTTP/1.1" 200 427
C:\Users\Atong Abraham\Desktop\projects\bior\Bil_backend\api\views.py changed, reloading.
Watching for file changes with StatReloader
"GET /api/proof_list/ HTTP/1.1" 200 427
"GET /api/proof_list/ HTTP/1.1" 200 427
"GET /api/proof_list/ HTTP/1.1" 200 427
"GET /api/proof_list/ HTTP/1.1" 200 427
"GET /api/proof_list/ HTTP/1.1" 200 427
"GET /api/proof_list/ HTTP/1.1" 200 427
"GET /api/proof_list/ HTTP/1.1" 200 427
"GET /api/proof_list/ HTTP/1.1" 200 427
"GET /api/proof_list/ HTTP/1.1" 200 427
"GET /api/proof_list/ HTTP/1.1" 200 427
"GET /api/proof_list/ HTTP/1.1" 200 427
"GET /api/proof_list/ HTTP/1.1" 200 427
"GET /api/proof_list/ HTTP/1.1" 200 427
"GET /api/proof_list/ HTTP/1.1" 200 427
"GET /api/proof_list/ HTTP/1.1" 200 427
"GET /api/proof_list/ HTTP/1.1" 200 427
"GET /api/proof_list/ HTTP/1.1" 200 427
"GET /api/proof_list/ HTTP/1.1" 200 427
"GET /api/proof_list/ HTTP/1.1" 200 427
"GET /api/proof_list/ HTTP/1.1" 200 427
"GET /api/proof_list/ HTTP/1.1" 200 427
"GET /api/proof_list/ HTTP/1.1" 200 427
"GET /api/proof_list/ HTTP/1.1" 200 427
"GET /api/proof_list/ HTTP/1.1" 200 427
"GET /api/proof_list/ HTTP/1.1" 200 427
"GET /api/proof_list/ HTTP/1.1" 200 427
"GET /api/proof_list/ HTTP/1.1" 200 427
"GET /api/proof_list/ HTTP/1.1" 200 427
"GET /api/proof_list/ HTTP/1.1" 200 427
"GET /api/proof_list/ HTTP/1.1" 200 427
"GET /api/proof_list/ HTTP/1.1" 200 427
"GET /api/proof_list/ HTTP/1.1" 200 427
"GET /api/proof_list/ HTTP/1.1" 200 427
"GET /api/proof_list/ HTTP/1.1" 200 427
"GET /api/proof_list/ HTTP/1.1" 200 427
"GET /api/proof_list/ HTTP/1.1" 200 427
"GET /api/proof_list/ HTTP/1.1" 200 427
"GET /api/proof_list/ HTTP/1.1" 200 427
"GET /api/proof_list/ HTTP/1.1" 200 427
"GET /api/proof_list/ HTTP/1.1" 200 427
"GET /api/proof_list/ HTTP/1.1" 200 427
"GET /api/proof_list/ HTTP/1.1" 200 427
"GET /api/proof_list/ HTTP/1.1" 200 427
"GET /api/proof_list/ HTTP/1.1" 200 427
"GET /api/proof_list/ HTTP/1.1" 200 427
"GET /api/proof_list/ HTTP/1.1" 200 427
"GET /api/proof_list/ HTTP/1.1" 200 427
"GET /api/proof_list/ HTTP/1.1" 200 427
"GET /api/proof_list/ HTTP/1.1" 200 427
"GET /api/proof_list/ HTTP/1.1" 200 427
"GET /api/proof_list/ HTTP/1.1" 200 427
"GET /api/proof_list/ HTTP/1.1" 200 427
"GET /api/proof_list/ HTTP/1.1" 200 427
"GET /api/proof_list/ HTTP/1.1" 200 427
"GET /api/proof_list/ HTTP/1.1" 200 427
"GET /api/proof_list/ HTTP/1.1" 200 427
"GET /api/proof_list/ HTTP/1.1" 200 427
"GET /api/proof_list/ HTTP/1.1" 200 427
"GET /api/proof_list/ HTTP/1.1" 200 427
"GET /api/proof_list/ HTTP/1.1" 200 427
"GET /api/proof_list/ HTTP/1.1" 200 427
"GET /api/proof_list/ HTTP/1.1" 200 427
"GET /api/proof_list/ HTTP/1.1" 200 427
"GET /api/countries HTTP/1.1" 301 0
"GET /api/countries/ HTTP/1.1" 200 114
"GET /api/proof_list/ HTTP/1.1" 200 427
"GET /api/proof_list/ HTTP/1.1" 200 427
"GET /api/proof_list/ HTTP/1.1" 200 427
"GET /api/proof_list/ HTTP/1.1" 200 427
"GET /api/proof_list/ HTTP/1.1" 200 427
"GET /api/proof_list/ HTTP/1.1" 200 427
"GET /api/proof_list/ HTTP/1.1" 200 427
"GET /api/proof_list/ HTTP/1.1" 200 427
"GET /api/proof_list/ HTTP/1.1" 200 427
"GET /api/proof_list/ HTTP/1.1" 200 427
"GET /api/proof_list/ HTTP/1.1" 200 427
"GET /api/proof_list/ HTTP/1.1" 200 427
"GET /api/proof_list/ HTTP/1.1" 200 427
"GET /api/proof_list/ HTTP/1.1" 200 427
"POST /api/proofs/ HTTP/1.1" 201 437
"GET /api/proof_list/ HTTP/1.1" 200 801
"GET /api/proof_list/ HTTP/1.1" 200 801
"GET /api/proof_list/ HTTP/1.1" 200 801
"GET /api/proof_list/ HTTP/1.1" 200 801
"GET /api/proof_list/ HTTP/1.1" 200 801
"GET /api/proof_list/ HTTP/1.1" 200 801
"GET /api/proof_list/ HTTP/1.1" 200 801
"GET /api/proof_list/ HTTP/1.1" 200 801
Not Found: /media/profile_images/default_avatar.png
"GET /media/profile_images/default_avatar.png HTTP/1.1" 404 19059
"GET /api/proof_list/ HTTP/1.1" 200 801
"GET /api/proof_list/ HTTP/1.1" 200 801
"GET /api/proof_list/ HTTP/1.1" 200 801
"POST /api/auth/logout/ HTTP/1.1" 205 37
"POST /api/auth/login/ HTTP/1.1" 200 684
"GET /api/announcements HTTP/1.1" 301 0
"GET /api/announcements/ HTTP/1.1" 200 2
"GET /api/proof_list/ HTTP/1.1" 200 801
"GET /api/proof_list/ HTTP/1.1" 200 801
"GET /api/proof_list/ HTTP/1.1" 200 801
"GET /api/proof_list/ HTTP/1.1" 200 801
"GET /api/proof_list/ HTTP/1.1" 200 801
"GET /api/proof_list/ HTTP/1.1" 200 801
"GET /api/proof_list/ HTTP/1.1" 200 801
"GET /media/proof-images/34.jpg HTTP/1.1" 200 31215
"GET /api/proof_list/ HTTP/1.1" 200 801
"GET /api/proof_list/ HTTP/1.1" 200 801
"GET /media/proof-images/abraham_3L1YQAs.jpg HTTP/1.1" 200 100401
"GET /api/proof_list/ HTTP/1.1" 200 801
"GET /api/proof_list/ HTTP/1.1" 200 801
"GET /api/charge_rules HTTP/1.1" 301 0
"GET /api/charge_rules/ HTTP/1.1" 200 141
"GET /api/proof_list/ HTTP/1.1" 200 801
"GET /api/proof_list/ HTTP/1.1" 200 801
"GET /api/proof_list/ HTTP/1.1" 200 801
"GET /api/proof_list/ HTTP/1.1" 200 801
"GET /api/proof_list/ HTTP/1.1" 200 801
"GET /api/charge_rules HTTP/1.1" 301 0
"GET /api/charge_rules/ HTTP/1.1" 200 141
Internal Server Error: /api/proofs/1/status/
"POST /api/proofs/1/status/ HTTP/1.1" 500 67
"GET /api/proof_list/ HTTP/1.1" 200 801
"GET /api/proof_list/ HTTP/1.1" 200 801
"GET /api/proof_list/ HTTP/1.1" 200 801
"GET /api/proof_list/ HTTP/1.1" 200 801
"GET /api/proof_list/ HTTP/1.1" 200 801
"GET /api/proof_list/ HTTP/1.1" 200 801
"GET /api/proof_list/ HTTP/1.1" 200 801
"GET /dashboard/transactions/ HTTP/1.1" 200 30161
"GET /static/css/enhanced-styles.css HTTP/1.1" 404 1883
"GET /dashboard/transactions/ HTTP/1.1" 200 30161
"GET /static/css/enhanced-styles.css HTTP/1.1" 404 1883
"GET /api/proof_list/ HTTP/1.1" 200 801
"GET /api/proof_list/ HTTP/1.1" 200 801
"GET /dashboard/transactions/ HTTP/1.1" 200 30161
"GET /static/css/enhanced-styles.css HTTP/1.1" 404 1883
"GET /api/proof_list/ HTTP/1.1" 200 801
"GET /api/proof_list/ HTTP/1.1" 200 801
"GET /api/proof_list/ HTTP/1.1" 200 801
"GET /api/proof_list/ HTTP/1.1" 200 801
"GET /api/proof_list/ HTTP/1.1" 200 801
"GET /api/proof_list/ HTTP/1.1" 200 801
"GET /api/proof_list/ HTTP/1.1" 200 801
"GET /api/charge_rules HTTP/1.1" 301 0
"GET /api/charge_rules/ HTTP/1.1" 200 141
"GET /api/proof_list/ HTTP/1.1" 200 801
"GET /api/proof_list/ HTTP/1.1" 200 801
"GET /api/proof_list/ HTTP/1.1" 200 801
"GET /api/proof_list/ HTTP/1.1" 200 801
"GET /api/proof_list/ HTTP/1.1" 200 801
"GET /api/charge_rules HTTP/1.1" 301 0
"GET /api/charge_rules/ HTTP/1.1" 200 141
"GET /api/proof_list/ HTTP/1.1" 200 801
"GET /api/proof_list/ HTTP/1.1" 200 801
Internal Server Error: /api/proofs/1/status/
"POST /api/proofs/1/status/ HTTP/1.1" 500 67
"GET /api/proof_list/ HTTP/1.1" 200 801
"GET /api/proof_list/ HTTP/1.1" 200 801
"GET /api/proof_list/ HTTP/1.1" 200 801
"GET /api/proof_list/ HTTP/1.1" 200 801
"GET /api/proof_list/ HTTP/1.1" 200 801
"GET /api/proof_list/ HTTP/1.1" 200 801
"GET /api/proof_list/ HTTP/1.1" 200 801
"GET /api/proof_list/ HTTP/1.1" 200 801
"GET /api/proof_list/ HTTP/1.1" 200 801
"GET /api/proof_list/ HTTP/1.1" 200 801
"GET /api/proof_list/ HTTP/1.1" 200 801
"GET /api/proof_list/ HTTP/1.1" 200 801
"GET /api/proof_list/ HTTP/1.1" 200 801
"GET /api/proof_list/ HTTP/1.1" 200 801
"GET /api/proof_list/ HTTP/1.1" 200 801
"GET /api/proof_list/ HTTP/1.1" 200 801
"GET /api/proof_list/ HTTP/1.1" 200 801
"GET /api/proof_list/ HTTP/1.1" 200 801
"GET /api/proof_list/ HTTP/1.1" 200 801
Unauthorized: /api/proofs/1/status/
"POST /api/proofs/1/status/ HTTP/1.1" 401 172
"GET /api/proof_list/ HTTP/1.1" 200 801
"GET /api/proof_list/ HTTP/1.1" 200 801
"GET /api/proof_list/ HTTP/1.1" 200 801
"GET /api/proof_list/ HTTP/1.1" 200 801
"GET /api/proof_list/ HTTP/1.1" 200 801
"GET /api/proof_list/ HTTP/1.1" 200 801
"GET /api/proof_list/ HTTP/1.1" 200 801
"POST /api/encrypt_message HTTP/1.1" 200 368
"GET /api/proof_list/ HTTP/1.1" 200 801
"GET /api/proof_list/ HTTP/1.1" 200 801
"GET /api/proof_list/ HTTP/1.1" 200 801
"GET /api/proof_list/ HTTP/1.1" 200 801
"GET /api/proof_list/ HTTP/1.1" 200 801
"GET /api/proof_list/ HTTP/1.1" 200 801
"GET /api/proof_list/ HTTP/1.1" 200 801
Unauthorized: /api/auth/login/
"POST /api/auth/login/ HTTP/1.1" 401 52
"GET /api/proof_list/ HTTP/1.1" 200 801
"GET /api/proof_list/ HTTP/1.1" 200 801
"GET /api/proof_list/ HTTP/1.1" 200 801
"GET /api/proof_list/ HTTP/1.1" 200 801
"GET /api/proof_list/ HTTP/1.1" 200 801
"POST /api/encrypt_message HTTP/1.1" 200 368
"GET /api/proof_list/ HTTP/1.1" 200 801
"GET /api/proof_list/ HTTP/1.1" 200 801
"GET /api/proof_list/ HTTP/1.1" 200 801
"GET /api/proof_list/ HTTP/1.1" 200 801
"GET /api/proof_list/ HTTP/1.1" 200 801
"GET /api/proof_list/ HTTP/1.1" 200 801
"GET /api/proof_list/ HTTP/1.1" 200 801
"POST /api/auth/login/ HTTP/1.1" 200 684
"GET /api/proof_list/ HTTP/1.1" 200 801
"GET /api/proof_list/ HTTP/1.1" 200 801
"GET /api/proof_list/ HTTP/1.1" 200 801
"GET /api/proof_list/ HTTP/1.1" 200 801
Internal Server Error: /api/proofs/1/status/
"POST /api/proofs/1/status/ HTTP/1.1" 500 67
"GET /api/proof_list/ HTTP/1.1" 200 801
"GET /api/proof_list/ HTTP/1.1" 200 801
"GET /api/proof_list/ HTTP/1.1" 200 801
"GET /api/proof_list/ HTTP/1.1" 200 801
"GET /api/proof_list/ HTTP/1.1" 200 801
"GET /api/proof_list/ HTTP/1.1" 200 801
"GET /api/proof_list/ HTTP/1.1" 200 801
"GET /api/proof_list/ HTTP/1.1" 200 801
"GET /api/proof_list/ HTTP/1.1" 200 801
"GET /api/proof_list/ HTTP/1.1" 200 801
"GET /api/proof_list/ HTTP/1.1" 200 801
"GET /api/proof_list/ HTTP/1.1" 200 801
C:\Users\Atong Abraham\Desktop\projects\bior\Bil_backend\api\views.py changed, reloading.
Watching for file changes with StatReloader
"GET /api/proof_list/ HTTP/1.1" 200 801
"GET /api/proof_list/ HTTP/1.1" 200 801
"GET /api/proof_list/ HTTP/1.1" 200 801
"GET /api/proof_list/ HTTP/1.1" 200 801
"GET /api/proof_list/ HTTP/1.1" 200 801
"GET /api/charge_rules HTTP/1.1" 301 0
"GET /api/charge_rules/ HTTP/1.1" 200 141
Internal Server Error: /api/proofs/1/status/
"POST /api/proofs/1/status/ HTTP/1.1" 500 67
"GET /api/proof_list/ HTTP/1.1" 200 801
"GET /api/proof_list/ HTTP/1.1" 200 801
Internal Server Error: /api/proofs/1/status/
"POST /api/proofs/1/status/ HTTP/1.1" 500 67
"GET /api/proof_list/ HTTP/1.1" 200 801
"GET /api/proof_list/ HTTP/1.1" 200 801
Watching for file changes with StatReloader
"GET /api/proof_list/ HTTP/1.1" 200 801
"GET /api/proof_list/ HTTP/1.1" 200 801
Internal Server Error: /api/proofs/1/status/
"POST /api/proofs/1/status/ HTTP/1.1" 500 67
"GET /api/proof_list/ HTTP/1.1" 200 801
"GET /api/proof_list/ HTTP/1.1" 200 801
"GET /api/proof_list/ HTTP/1.1" 200 801
"GET /api/proof_list/ HTTP/1.1" 200 801
"GET /api/proof_list/ HTTP/1.1" 200 801
"GET /api/proof_list/ HTTP/1.1" 200 801
"GET /api/proof_list/ HTTP/1.1" 200 801
C:\Users\Atong Abraham\Desktop\projects\bior\Bil_backend\api\views.py changed, reloading.
Watching for file changes with StatReloader
"GET /api/proof_list/ HTTP/1.1" 200 801
"GET /api/proof_list/ HTTP/1.1" 200 801
"GET /api/proof_list/ HTTP/1.1" 200 801
"GET /api/proof_list/ HTTP/1.1" 200 801
"GET /api/proof_list/ HTTP/1.1" 200 801
"GET /api/proof_list/ HTTP/1.1" 200 801
"GET /api/proof_list/ HTTP/1.1" 200 801
C:\Users\Atong Abraham\Desktop\projects\bior\Bil_backend\api\views.py changed, reloading.
Watching for file changes with StatReloader
"GET /api/proof_list/ HTTP/1.1" 200 801
"GET /api/proof_list/ HTTP/1.1" 200 801
C:\Users\Atong Abraham\Desktop\projects\bior\Bil_backend\api\models.py changed, reloading.
Watching for file changes with StatReloader
"GET /api/proof_list/ HTTP/1.1" 200 801
"GET /api/proof_list/ HTTP/1.1" 200 801
"GET /api/proof_list/ HTTP/1.1" 200 801
"GET /api/charge_rules HTTP/1.1" 301 0
"GET /api/charge_rules/ HTTP/1.1" 200 141
"GET /api/proof_list/ HTTP/1.1" 200 801
"GET /api/proof_list/ HTTP/1.1" 200 801
"POST /api/proofs/1/status/ HTTP/1.1" 200 107
"GET /api/proof_list/ HTTP/1.1" 200 399
"GET /api/proof_list/ HTTP/1.1" 200 399
"GET /api/proof_list/ HTTP/1.1" 200 399
"GET /api/proof_list/ HTTP/1.1" 200 399
"GET /api/proof_list/ HTTP/1.1" 200 399
"GET /api/proof_list/ HTTP/1.1" 200 399
"GET /api/proof_list/ HTTP/1.1" 200 399
Internal Server Error: /dashboard/transactions/
Traceback (most recent call last):
  File "C:\Users\Atong Abraham\Desktop\projects\bior\Bil_backend\venv\Lib\site-packages\django\db\models\fields\__init__.py", line 2128, in get_prep_value
    return int(value)
ValueError: invalid literal for int() with base 10: 'USD'

The above exception was the direct cause of the following exception:

Traceback (most recent call last):
  File "C:\Users\Atong Abraham\Desktop\projects\bior\Bil_backend\venv\Lib\site-packages\django\core\handlers\exception.py", line 55, in inner
    response = get_response(request)
  File "C:\Users\Atong Abraham\Desktop\projects\bior\Bil_backend\venv\Lib\site-packages\django\core\handlers\base.py", line 197, in _get_response
    response = wrapped_callback(request, *callback_args, **callback_kwargs)
  File "C:\Users\Atong Abraham\Desktop\projects\bior\Bil_backend\dashboard\views.py", line 1176, in transactions
    rate_obj = ExchangeRate.objects.filter(
               ~~~~~~~~~~~~~~~~~~~~~~~~~~~^
        base_currency=tx.currency, target_currency=base_currency
        ^^^^^^^^^^^^^^^^^^^^^^^^^^^^^^^^^^^^^^^^^^^^^^^^^^^^^^^^
    ).order_by('-updated_at').first()
    ^
  File "C:\Users\Atong Abraham\Desktop\projects\bior\Bil_backend\venv\Lib\site-packages\django\db\models\manager.py", line 87, in manager_method
    return getattr(self.get_queryset(), name)(*args, **kwargs)
           ~~~~~~~~~~~~~~~~~~~~~~~~~~~~~~~~~~^^^^^^^^^^^^^^^^^
  File "C:\Users\Atong Abraham\Desktop\projects\bior\Bil_backend\venv\Lib\site-packages\django\db\models\query.py", line 1493, in filter
    return self._filter_or_exclude(False, args, kwargs)
           ~~~~~~~~~~~~~~~~~~~~~~~^^^^^^^^^^^^^^^^^^^^^
  File "C:\Users\Atong Abraham\Desktop\projects\bior\Bil_backend\venv\Lib\site-packages\django\db\models\query.py", line 1511, in _filter_or_exclude
    clone._filter_or_exclude_inplace(negate, args, kwargs)
    ~~~~~~~~~~~~~~~~~~~~~~~~~~~~~~~~^^^^^^^^^^^^^^^^^^^^^^
  File "C:\Users\Atong Abraham\Desktop\projects\bior\Bil_backend\venv\Lib\site-packages\django\db\models\query.py", line 1518, in _filter_or_exclude_inplace
    self._query.add_q(Q(*args, **kwargs))
    ~~~~~~~~~~~~~~~~~^^^^^^^^^^^^^^^^^^^^
  File "C:\Users\Atong Abraham\Desktop\projects\bior\Bil_backend\venv\Lib\site-packages\django\db\models\sql\query.py", line 1646, in add_q
    clause, _ = self._add_q(q_object, can_reuse)
                ~~~~~~~~~~~^^^^^^^^^^^^^^^^^^^^^
  File "C:\Users\Atong Abraham\Desktop\projects\bior\Bil_backend\venv\Lib\site-packages\django\db\models\sql\query.py", line 1678, in _add_q
    child_clause, needed_inner = self.build_filter(
                                 ~~~~~~~~~~~~~~~~~^
        child,
        ^^^^^^
    ...<7 lines>...
        update_join_types=update_join_types,
        ^^^^^^^^^^^^^^^^^^^^^^^^^^^^^^^^^^^^
    )
    ^
  File "C:\Users\Atong Abraham\Desktop\projects\bior\Bil_backend\venv\Lib\site-packages\django\db\models\sql\query.py", line 1588, in build_filter
    condition = self.build_lookup(lookups, col, value)
  File "C:\Users\Atong Abraham\Desktop\projects\bior\Bil_backend\venv\Lib\site-packages\django\db\models\sql\query.py", line 1415, in build_lookup
    lookup = lookup_class(lhs, rhs)
  File "C:\Users\Atong Abraham\Desktop\projects\bior\Bil_backend\venv\Lib\site-packages\django\db\models\lookups.py", line 38, in __init__
    self.rhs = self.get_prep_lookup()
               ~~~~~~~~~~~~~~~~~~~~^^
  File "C:\Users\Atong Abraham\Desktop\projects\bior\Bil_backend\venv\Lib\site-packages\django\db\models\fields\related_lookups.py", line 112, in get_prep_lookup
    self.rhs = target_field.get_prep_value(self.rhs)
               ~~~~~~~~~~~~~~~~~~~~~~~~~~~^^^^^^^^^^
  File "C:\Users\Atong Abraham\Desktop\projects\bior\Bil_backend\venv\Lib\site-packages\django\db\models\fields\__init__.py", line 2130, in get_prep_value
    raise e.__class__(
        "Field '%s' expected a number but got %r." % (self.name, value),
    ) from e
ValueError: Field 'id' expected a number but got 'USD'.
"GET /dashboard/transactions/ HTTP/1.1" 500 140083
"GET /api/proof_list/ HTTP/1.1" 200 399
"GET /api/proof_list/ HTTP/1.1" 200 399
"GET /api/proof_list/ HTTP/1.1" 200 399
"GET /api/proof_list/ HTTP/1.1" 200 399
"GET /api/proof_list/ HTTP/1.1" 200 399
"GET /api/proof_list/ HTTP/1.1" 200 399
"GET /api/proof_list/ HTTP/1.1" 200 399
"GET /api/proof_list/ HTTP/1.1" 200 399
"GET /api/proof_list/ HTTP/1.1" 200 399
"GET /api/proof_list/ HTTP/1.1" 200 399
"GET /api/proof_list/ HTTP/1.1" 200 399
"GET /api/proof_list/ HTTP/1.1" 200 399
"GET /api/proof_list/ HTTP/1.1" 200 399
"GET /api/proof_list/ HTTP/1.1" 200 399
"GET /api/proof_list/ HTTP/1.1" 200 399
"GET /api/proof_list/ HTTP/1.1" 200 399
"GET /api/proof_list/ HTTP/1.1" 200 399
"GET /api/proof_list/ HTTP/1.1" 200 399
"GET /api/proof_list/ HTTP/1.1" 200 399
"GET /api/proof_list/ HTTP/1.1" 200 399
"GET /api/proof_list/ HTTP/1.1" 200 399
"GET /api/proof_list/ HTTP/1.1" 200 399
"GET /api/proof_list/ HTTP/1.1" 200 399
"GET /api/proof_list/ HTTP/1.1" 200 399
"GET /api/proof_list/ HTTP/1.1" 200 399
"GET /api/proof_list/ HTTP/1.1" 200 399
"GET /api/proof_list/ HTTP/1.1" 200 399
"GET /api/proof_list/ HTTP/1.1" 200 399
"GET /api/proof_list/ HTTP/1.1" 200 399
"GET /api/proof_list/ HTTP/1.1" 200 399
"GET /api/proof_list/ HTTP/1.1" 200 399
"GET /api/proof_list/ HTTP/1.1" 200 399
"GET /api/proof_list/ HTTP/1.1" 200 399
"GET /api/proof_list/ HTTP/1.1" 200 399
"GET /api/proof_list/ HTTP/1.1" 200 399
"GET /api/proof_list/ HTTP/1.1" 200 399
"GET /api/proof_list/ HTTP/1.1" 200 399
"GET /api/proof_list/ HTTP/1.1" 200 399
"GET /api/proof_list/ HTTP/1.1" 200 399
"GET /api/proof_list/ HTTP/1.1" 200 399
"GET /api/proof_list/ HTTP/1.1" 200 399
"GET /api/proof_list/ HTTP/1.1" 200 399
C:\Users\Atong Abraham\Desktop\projects\bior\Bil_backend\dashboard\views.py changed, reloading.
Watching for file changes with StatReloader
"GET /api/proof_list/ HTTP/1.1" 200 399
"GET /api/proof_list/ HTTP/1.1" 200 399
C:\Users\Atong Abraham\Desktop\projects\bior\Bil_backend\dashboard\views.py changed, reloading.
Watching for file changes with StatReloader
"GET /api/proof_list/ HTTP/1.1" 200 399
"GET /api/proof_list/ HTTP/1.1" 200 399
"GET /api/proof_list/ HTTP/1.1" 200 399
Internal Server Error: /dashboard/transactions/
Traceback (most recent call last):
  File "C:\Users\Atong Abraham\Desktop\projects\bior\Bil_backend\venv\Lib\site-packages\django\core\handlers\exception.py", line 55, in inner
    response = get_response(request)
  File "C:\Users\Atong Abraham\Desktop\projects\bior\Bil_backend\venv\Lib\site-packages\django\core\handlers\base.py", line 197, in _get_response
    response = wrapped_callback(request, *callback_args, **callback_kwargs)
  File "C:\Users\Atong Abraham\Desktop\projects\bior\Bil_backend\dashboard\views.py", line 1179, in transactions
    ).order_by('-updated_at').first()
      ~~~~~~~~^^^^^^^^^^^^^^^
  File "C:\Users\Atong Abraham\Desktop\projects\bior\Bil_backend\venv\Lib\site-packages\django\db\models\query.py", line 1722, in order_by
    obj.query.add_ordering(*field_names)
    ~~~~~~~~~~~~~~~~~~~~~~^^^^^^^^^^^^^^
  File "C:\Users\Atong Abraham\Desktop\projects\bior\Bil_backend\venv\Lib\site-packages\django\db\models\sql\query.py", line 2305, in add_ordering
    self.names_to_path(item.split(LOOKUP_SEP), self.model._meta)
    ~~~~~~~~~~~~~~~~~~^^^^^^^^^^^^^^^^^^^^^^^^^^^^^^^^^^^^^^^^^^
  File "C:\Users\Atong Abraham\Desktop\projects\bior\Bil_backend\venv\Lib\site-packages\django\db\models\sql\query.py", line 1806, in names_to_path
    raise FieldError(
    ...<2 lines>...
    )
django.core.exceptions.FieldError: Cannot resolve keyword 'updated_at' into field. Choices are: base_currency, base_currency_id, created_at, id, rate, source, target_currency, target_currency_id, valid_from, valid_to
"GET /dashboard/transactions/ HTTP/1.1" 500 95780
"GET /api/proof_list/ HTTP/1.1" 200 399
"GET /api/proof_list/ HTTP/1.1" 200 399
C:\Users\Atong Abraham\Desktop\projects\bior\Bil_backend\dashboard\views.py changed, reloading.
Watching for file changes with StatReloader
"GET /dashboard/transactions/ HTTP/1.1" 200 30805
"GET /static/css/enhanced-styles.css HTTP/1.1" 404 1883
"GET /api/proof_list/ HTTP/1.1" 200 399
"GET /api/proof_list/ HTTP/1.1" 200 399
"GET /api/proof_list/ HTTP/1.1" 200 399
"GET /dashboard/analytics/ HTTP/1.1" 200 40799
"GET /static/css/enhanced-styles.css HTTP/1.1" 404 1883
"GET /api/proof_list/ HTTP/1.1" 200 399
"GET /api/proof_list/ HTTP/1.1" 200 399
"GET /api/proof_list/ HTTP/1.1" 200 399
"GET /api/proof_list/ HTTP/1.1" 200 399
"GET /api/proof_list/ HTTP/1.1" 200 399
"GET /api/proof_list/ HTTP/1.1" 200 399
"GET /api/proof_list/ HTTP/1.1" 200 399
"GET /api/proof_list/ HTTP/1.1" 200 399
"GET /api/proof_list/ HTTP/1.1" 200 399
"GET /api/proof_list/ HTTP/1.1" 200 399
"GET /api/proof_list/ HTTP/1.1" 200 399
"GET /api/proof_list/ HTTP/1.1" 200 399
"GET /api/proof_list/ HTTP/1.1" 200 399
"GET /api/proof_list/ HTTP/1.1" 200 399
"GET /api/proof_list/ HTTP/1.1" 200 399
"GET /api/proof_list/ HTTP/1.1" 200 399
"GET /api/proof_list/ HTTP/1.1" 200 399
"GET /api/proof_list/ HTTP/1.1" 200 399
"GET /api/proof_list/ HTTP/1.1" 200 399
"GET /api/proof_list/ HTTP/1.1" 200 399
"GET /api/proof_list/ HTTP/1.1" 200 399
"GET /dashboard/users/ HTTP/1.1" 200 60180
"GET /static/css/enhanced-styles.css HTTP/1.1" 404 1883
"GET /dashboard/ HTTP/1.1" 200 38993
"GET /static/css/enhanced-styles.css HTTP/1.1" 404 1883
"GET /api/proof_list/ HTTP/1.1" 200 399
"GET /api/proof_list/ HTTP/1.1" 200 399
"GET /dashboard/analytics/ HTTP/1.1" 200 40799
"GET /static/css/enhanced-styles.css HTTP/1.1" 404 1883
"GET /dashboard/exchange-rates/ HTTP/1.1" 200 22366
"GET /static/css/enhanced-styles.css HTTP/1.1" 404 1883
"GET /api/proof_list/ HTTP/1.1" 200 399
"GET /api/proof_list/ HTTP/1.1" 200 399
"GET /api/proof_list/ HTTP/1.1" 200 399
"GET /api/proof_list/ HTTP/1.1" 200 399
"GET /api/proof_list/ HTTP/1.1" 200 399
"GET /api/proof_list/ HTTP/1.1" 200 399
"GET /api/proof_list/ HTTP/1.1" 200 399
"GET /dashboard/charge-rules/ HTTP/1.1" 200 21976
"GET /static/css/enhanced-styles.css HTTP/1.1" 404 1883
"GET /dashboard/charge-rules/add/ HTTP/1.1" 200 22342
"GET /static/css/enhanced-styles.css HTTP/1.1" 404 1883
"GET /api/proof_list/ HTTP/1.1" 200 399
"GET /api/proof_list/ HTTP/1.1" 200 399
"GET /api/proof_list/ HTTP/1.1" 200 399
"GET /api/proof_list/ HTTP/1.1" 200 399
"GET /api/proof_list/ HTTP/1.1" 200 399
"GET /api/proof_list/ HTTP/1.1" 200 399
"GET /api/proof_list/ HTTP/1.1" 200 399
"GET /api/proof_list/ HTTP/1.1" 200 399
"GET /api/proof_list/ HTTP/1.1" 200 399
"GET /api/proof_list/ HTTP/1.1" 200 399
"GET /api/proof_list/ HTTP/1.1" 200 399
"GET /api/proof_list/ HTTP/1.1" 200 399
"POST /dashboard/charge-rules/add/ HTTP/1.1" 302 0
"GET /dashboard/charge-rules/ HTTP/1.1" 200 23049
"GET /static/css/enhanced-styles.css HTTP/1.1" 404 1883
"GET /api/proof_list/ HTTP/1.1" 200 399
"GET /api/proof_list/ HTTP/1.1" 200 399
"GET /api/charge_rules HTTP/1.1" 301 0
"GET /api/charge_rules/ HTTP/1.1" 200 293
"GET /api/proof_list/ HTTP/1.1" 200 399
"GET /api/proof_list/ HTTP/1.1" 200 399
"GET /api/proof_list/ HTTP/1.1" 200 399
"GET /api/proof_list/ HTTP/1.1" 200 399
"GET /api/proof_list/ HTTP/1.1" 200 399
"POST /api/proofs/2/status/ HTTP/1.1" 200 107
"GET /api/proof_list/ HTTP/1.1" 200 26
"GET /api/proof_list/ HTTP/1.1" 200 26
"GET /dashboard/transactions/ HTTP/1.1" 200 31789
"GET /static/css/enhanced-styles.css HTTP/1.1" 404 1883
"GET /api/proof_list/ HTTP/1.1" 200 26
"GET /api/proof_list/ HTTP/1.1" 200 26
"GET /dashboard/analytics/ HTTP/1.1" 200 46328
"GET /static/css/enhanced-styles.css HTTP/1.1" 404 1883
"GET /api/proof_list/ HTTP/1.1" 200 26
"GET /api/proof_list/ HTTP/1.1" 200 26
"GET /api/proof_list/ HTTP/1.1" 200 26
"GET /api/proof_list/ HTTP/1.1" 200 26
"GET /api/proof_list/ HTTP/1.1" 200 26
"GET /api/proof_list/ HTTP/1.1" 200 26
"GET /api/proof_list/ HTTP/1.1" 200 26
"GET /api/proof_list/ HTTP/1.1" 200 26
"GET /api/proof_list/ HTTP/1.1" 200 26
"GET /api/proof_list/ HTTP/1.1" 200 26
"GET /api/proof_list/ HTTP/1.1" 200 26
"GET /api/proof_list/ HTTP/1.1" 200 26
"GET /api/proof_list/ HTTP/1.1" 200 26
"GET /api/proof_list/ HTTP/1.1" 200 26
"GET /api/proof_list/ HTTP/1.1" 200 26
"GET /api/proof_list/ HTTP/1.1" 200 26
"GET /api/proof_list/ HTTP/1.1" 200 26
"GET /api/proof_list/ HTTP/1.1" 200 26
"GET /api/proof_list/ HTTP/1.1" 200 26
"GET /api/proof_list/ HTTP/1.1" 200 26
"GET /api/proof_list/ HTTP/1.1" 200 26
"GET /api/proof_list/ HTTP/1.1" 200 26
"GET /api/proof_list/ HTTP/1.1" 200 26
"GET /api/proof_list/ HTTP/1.1" 200 26
"GET /api/proof_list/ HTTP/1.1" 200 26
"GET /api/proof_list/ HTTP/1.1" 200 26
"GET /api/proof_list/ HTTP/1.1" 200 26
"GET /api/proof_list/ HTTP/1.1" 200 26
"GET /api/proof_list/ HTTP/1.1" 200 26
"GET /api/proof_list/ HTTP/1.1" 200 26
"GET /api/proof_list/ HTTP/1.1" 200 26
"GET /api/proof_list/ HTTP/1.1" 200 26
"GET /api/proof_list/ HTTP/1.1" 200 26
"GET /api/proof_list/ HTTP/1.1" 200 26
"GET /api/proof_list/ HTTP/1.1" 200 26
"GET /api/proof_list/ HTTP/1.1" 200 26
"GET /api/proof_list/ HTTP/1.1" 200 26
"GET /api/proof_list/ HTTP/1.1" 200 26
"GET /api/proof_list/ HTTP/1.1" 200 26
"GET /api/proof_list/ HTTP/1.1" 200 26
"GET /api/proof_list/ HTTP/1.1" 200 26
"GET /api/proof_list/ HTTP/1.1" 200 26
"GET /api/proof_list/ HTTP/1.1" 200 26
"GET /api/proof_list/ HTTP/1.1" 200 26
"GET /api/proof_list/ HTTP/1.1" 200 26
"GET /api/proof_list/ HTTP/1.1" 200 26
"GET /api/proof_list/ HTTP/1.1" 200 26
"GET /api/proof_list/ HTTP/1.1" 200 26
"GET /api/proof_list/ HTTP/1.1" 200 26
"GET /api/proof_list/ HTTP/1.1" 200 26
"GET /api/proof_list/ HTTP/1.1" 200 26
"GET /api/proof_list/ HTTP/1.1" 200 26
"GET /api/proof_list/ HTTP/1.1" 200 26
"GET /api/proof_list/ HTTP/1.1" 200 26
"GET /api/proof_list/ HTTP/1.1" 200 26
"GET /api/proof_list/ HTTP/1.1" 200 26
"GET /api/proof_list/ HTTP/1.1" 200 26
"GET /api/proof_list/ HTTP/1.1" 200 26
"GET /api/proof_list/ HTTP/1.1" 200 26
"GET /api/proof_list/ HTTP/1.1" 200 26
"GET /api/proof_list/ HTTP/1.1" 200 26
"GET /api/proof_list/ HTTP/1.1" 200 26
"GET /api/proof_list/ HTTP/1.1" 200 26
"GET /api/proof_list/ HTTP/1.1" 200 26
"GET /api/proof_list/ HTTP/1.1" 200 26
"GET /api/proof_list/ HTTP/1.1" 200 26
"GET /api/proof_list/ HTTP/1.1" 200 26
"GET /api/proof_list/ HTTP/1.1" 200 26
"GET /api/proof_list/ HTTP/1.1" 200 26
"GET /api/proof_list/ HTTP/1.1" 200 26
"GET /api/proof_list/ HTTP/1.1" 200 26
"GET /api/proof_list/ HTTP/1.1" 200 26
"GET /api/proof_list/ HTTP/1.1" 200 26
"GET /api/proof_list/ HTTP/1.1" 200 26
"GET /api/proof_list/ HTTP/1.1" 200 26
"GET /api/proof_list/ HTTP/1.1" 200 26
"GET /api/proof_list/ HTTP/1.1" 200 26
"GET /api/proof_list/ HTTP/1.1" 200 26
"GET /api/proof_list/ HTTP/1.1" 200 26
"GET /api/proof_list/ HTTP/1.1" 200 26
"GET /api/proof_list/ HTTP/1.1" 200 26
"GET /api/proof_list/ HTTP/1.1" 200 26
"GET /api/proof_list/ HTTP/1.1" 200 26
"GET /api/proof_list/ HTTP/1.1" 200 26
"GET /api/proof_list/ HTTP/1.1" 200 26
"GET /api/proof_list/ HTTP/1.1" 200 26
"GET /api/proof_list/ HTTP/1.1" 200 26
"GET /api/proof_list/ HTTP/1.1" 200 26
"GET /api/proof_list/ HTTP/1.1" 200 26
"GET /api/proof_list/ HTTP/1.1" 200 26
"GET /api/proof_list/ HTTP/1.1" 200 26
"GET /api/proof_list/ HTTP/1.1" 200 26
"GET /api/proof_list/ HTTP/1.1" 200 26
"GET /api/proof_list/ HTTP/1.1" 200 26
"GET /api/proof_list/ HTTP/1.1" 200 26
"GET /api/proof_list/ HTTP/1.1" 200 26
"GET /api/proof_list/ HTTP/1.1" 200 26
"GET /api/proof_list/ HTTP/1.1" 200 26
"GET /api/proof_list/ HTTP/1.1" 200 26
"GET /api/proof_list/ HTTP/1.1" 200 26
"GET /api/proof_list/ HTTP/1.1" 200 26
"GET /api/proof_list/ HTTP/1.1" 200 26
"GET /api/proof_list/ HTTP/1.1" 200 26
"GET /api/proof_list/ HTTP/1.1" 200 26
"GET /api/proof_list/ HTTP/1.1" 200 26
"GET /api/proof_list/ HTTP/1.1" 200 26
"GET /api/proof_list/ HTTP/1.1" 200 26
"GET /api/proof_list/ HTTP/1.1" 200 26
"GET /api/proof_list/ HTTP/1.1" 200 26
"GET /api/proof_list/ HTTP/1.1" 200 26
"GET /api/proof_list/ HTTP/1.1" 200 26
"GET /api/proof_list/ HTTP/1.1" 200 26
"GET /api/proof_list/ HTTP/1.1" 200 26
"GET /api/proof_list/ HTTP/1.1" 200 26
"GET /api/proof_list/ HTTP/1.1" 200 26
"GET /api/proof_list/ HTTP/1.1" 200 26
"GET /api/proof_list/ HTTP/1.1" 200 26
"GET /api/proof_list/ HTTP/1.1" 200 26
"GET /api/proof_list/ HTTP/1.1" 200 26
"GET /api/proof_list/ HTTP/1.1" 200 26
"GET /api/proof_list/ HTTP/1.1" 200 26
"GET /api/proof_list/ HTTP/1.1" 200 26
"GET /api/proof_list/ HTTP/1.1" 200 26
"GET /api/proof_list/ HTTP/1.1" 200 26
"GET /api/proof_list/ HTTP/1.1" 200 26
"GET /api/proof_list/ HTTP/1.1" 200 26
"GET /api/proof_list/ HTTP/1.1" 200 26
"GET /api/proof_list/ HTTP/1.1" 200 26
"GET /api/proof_list/ HTTP/1.1" 200 26
"GET /api/proof_list/ HTTP/1.1" 200 26
"GET /api/proof_list/ HTTP/1.1" 200 26
"GET /api/proof_list/ HTTP/1.1" 200 26
"GET /api/proof_list/ HTTP/1.1" 200 26
"GET /api/proof_list/ HTTP/1.1" 200 26
"GET /api/proof_list/ HTTP/1.1" 200 26
"GET /api/proof_list/ HTTP/1.1" 200 26
"GET /api/proof_list/ HTTP/1.1" 200 26
"GET /api/proof_list/ HTTP/1.1" 200 26
"GET /api/proof_list/ HTTP/1.1" 200 26
"GET /api/proof_list/ HTTP/1.1" 200 26
"GET /api/proof_list/ HTTP/1.1" 200 26
"GET /api/proof_list/ HTTP/1.1" 200 26
"GET /api/proof_list/ HTTP/1.1" 200 26
"GET /api/proof_list/ HTTP/1.1" 200 26
"GET /api/proof_list/ HTTP/1.1" 200 26
"GET /api/proof_list/ HTTP/1.1" 200 26
"GET /api/proof_list/ HTTP/1.1" 200 26
"GET /api/proof_list/ HTTP/1.1" 200 26
"GET /api/proof_list/ HTTP/1.1" 200 26
"GET /api/proof_list/ HTTP/1.1" 200 26
"GET /api/proof_list/ HTTP/1.1" 200 26
"GET /api/proof_list/ HTTP/1.1" 200 26
"GET /api/proof_list/ HTTP/1.1" 200 26
"GET /api/proof_list/ HTTP/1.1" 200 26
"GET /api/proof_list/ HTTP/1.1" 200 26
"GET /api/proof_list/ HTTP/1.1" 200 26
"GET /api/proof_list/ HTTP/1.1" 200 26
"GET /api/proof_list/ HTTP/1.1" 200 26
"GET /api/proof_list/ HTTP/1.1" 200 26
"GET /api/proof_list/ HTTP/1.1" 200 26
"GET /api/proof_list/ HTTP/1.1" 200 26
"GET /api/proof_list/ HTTP/1.1" 200 26
"GET /api/proof_list/ HTTP/1.1" 200 26
"GET /api/proof_list/ HTTP/1.1" 200 26
"GET /api/proof_list/ HTTP/1.1" 200 26
"GET /api/proof_list/ HTTP/1.1" 200 26
"GET /api/proof_list/ HTTP/1.1" 200 26
"GET /api/proof_list/ HTTP/1.1" 200 26
"GET /api/proof_list/ HTTP/1.1" 200 26
"GET /api/proof_list/ HTTP/1.1" 200 26
"GET /api/proof_list/ HTTP/1.1" 200 26
"GET /api/proof_list/ HTTP/1.1" 200 26
"GET /api/proof_list/ HTTP/1.1" 200 26
"GET /api/proof_list/ HTTP/1.1" 200 26
"GET /api/proof_list/ HTTP/1.1" 200 26
"GET /api/proof_list/ HTTP/1.1" 200 26
"GET /api/proof_list/ HTTP/1.1" 200 26
"GET /api/proof_list/ HTTP/1.1" 200 26
"GET /api/proof_list/ HTTP/1.1" 200 26
"GET /api/proof_list/ HTTP/1.1" 200 26
"GET /api/proof_list/ HTTP/1.1" 200 26
"GET /api/proof_list/ HTTP/1.1" 200 26
"GET /api/proof_list/ HTTP/1.1" 200 26
"GET /api/proof_list/ HTTP/1.1" 200 26
"GET /api/proof_list/ HTTP/1.1" 200 26
"GET /api/proof_list/ HTTP/1.1" 200 26
"GET /api/proof_list/ HTTP/1.1" 200 26
"GET /api/proof_list/ HTTP/1.1" 200 26
"GET /api/proof_list/ HTTP/1.1" 200 26
"GET /api/proof_list/ HTTP/1.1" 200 26
"GET /api/proof_list/ HTTP/1.1" 200 26
"GET /api/proof_list/ HTTP/1.1" 200 26
"GET /api/proof_list/ HTTP/1.1" 200 26
"GET /api/proof_list/ HTTP/1.1" 200 26
"GET /api/proof_list/ HTTP/1.1" 200 26
"GET /api/proof_list/ HTTP/1.1" 200 26
"GET /api/proof_list/ HTTP/1.1" 200 26
"GET /api/proof_list/ HTTP/1.1" 200 26
"GET /api/proof_list/ HTTP/1.1" 200 26
"GET /api/proof_list/ HTTP/1.1" 200 26
"GET /api/proof_list/ HTTP/1.1" 200 26
"GET /api/proof_list/ HTTP/1.1" 200 26
"GET /api/proof_list/ HTTP/1.1" 200 26
"GET /api/proof_list/ HTTP/1.1" 200 26
"GET /api/proof_list/ HTTP/1.1" 200 26
"GET /api/proof_list/ HTTP/1.1" 200 26
"GET /api/proof_list/ HTTP/1.1" 200 26
"GET /api/proof_list/ HTTP/1.1" 200 26
"GET /api/proof_list/ HTTP/1.1" 200 26
"GET /api/proof_list/ HTTP/1.1" 200 26
"GET /api/proof_list/ HTTP/1.1" 200 26
"GET /api/proof_list/ HTTP/1.1" 200 26
"GET /api/proof_list/ HTTP/1.1" 200 26
"GET /api/proof_list/ HTTP/1.1" 200 26
"GET /api/proof_list/ HTTP/1.1" 200 26
"GET /api/proof_list/ HTTP/1.1" 200 26
"GET /api/proof_list/ HTTP/1.1" 200 26
"GET /api/proof_list/ HTTP/1.1" 200 26
"GET /api/proof_list/ HTTP/1.1" 200 26
"GET /api/proof_list/ HTTP/1.1" 200 26
"GET /api/proof_list/ HTTP/1.1" 200 26
"GET /api/proof_list/ HTTP/1.1" 200 26
"GET /api/proof_list/ HTTP/1.1" 200 26
"GET /api/proof_list/ HTTP/1.1" 200 26
"GET /api/proof_list/ HTTP/1.1" 200 26
"GET /api/proof_list/ HTTP/1.1" 200 26
"GET /api/proof_list/ HTTP/1.1" 200 26
"GET /api/proof_list/ HTTP/1.1" 200 26
"GET /api/proof_list/ HTTP/1.1" 200 26
"GET /api/proof_list/ HTTP/1.1" 200 26
"GET /api/proof_list/ HTTP/1.1" 200 26
"GET /api/proof_list/ HTTP/1.1" 200 26
"GET /api/proof_list/ HTTP/1.1" 200 26
"GET /api/proof_list/ HTTP/1.1" 200 26
"GET /api/proof_list/ HTTP/1.1" 200 26
"GET /api/proof_list/ HTTP/1.1" 200 26
"GET /api/proof_list/ HTTP/1.1" 200 26
"GET /api/proof_list/ HTTP/1.1" 200 26
"GET /api/proof_list/ HTTP/1.1" 200 26
"GET /api/proof_list/ HTTP/1.1" 200 26
"GET /api/proof_list/ HTTP/1.1" 200 26
"GET /api/proof_list/ HTTP/1.1" 200 26
"GET /api/proof_list/ HTTP/1.1" 200 26
"GET /api/proof_list/ HTTP/1.1" 200 26
"GET /api/proof_list/ HTTP/1.1" 200 26
"GET /api/proof_list/ HTTP/1.1" 200 26
"GET /api/proof_list/ HTTP/1.1" 200 26
"GET /api/proof_list/ HTTP/1.1" 200 26
"GET /api/proof_list/ HTTP/1.1" 200 26
"GET /api/proof_list/ HTTP/1.1" 200 26
"GET /api/proof_list/ HTTP/1.1" 200 26
"GET /api/proof_list/ HTTP/1.1" 200 26
"GET /api/proof_list/ HTTP/1.1" 200 26
"GET /api/proof_list/ HTTP/1.1" 200 26
"GET /api/proof_list/ HTTP/1.1" 200 26
"GET /api/proof_list/ HTTP/1.1" 200 26
"GET /api/proof_list/ HTTP/1.1" 200 26
"GET /api/proof_list/ HTTP/1.1" 200 26
"GET /api/proof_list/ HTTP/1.1" 200 26
"GET /api/proof_list/ HTTP/1.1" 200 26
"GET /api/proof_list/ HTTP/1.1" 200 26
"GET /api/proof_list/ HTTP/1.1" 200 26
"GET /api/proof_list/ HTTP/1.1" 200 26
"GET /api/proof_list/ HTTP/1.1" 200 26
"GET /api/proof_list/ HTTP/1.1" 200 26
"GET /api/proof_list/ HTTP/1.1" 200 26
"GET /api/proof_list/ HTTP/1.1" 200 26
"GET /api/proof_list/ HTTP/1.1" 200 26
"GET /api/proof_list/ HTTP/1.1" 200 26
"GET /api/proof_list/ HTTP/1.1" 200 26
"GET /api/proof_list/ HTTP/1.1" 200 26
"GET /api/proof_list/ HTTP/1.1" 200 26
"GET /api/proof_list/ HTTP/1.1" 200 26
"GET /api/proof_list/ HTTP/1.1" 200 26
"GET /api/proof_list/ HTTP/1.1" 200 26
"GET /api/proof_list/ HTTP/1.1" 200 26
"GET /api/proof_list/ HTTP/1.1" 200 26
"GET /api/proof_list/ HTTP/1.1" 200 26
"GET /api/proof_list/ HTTP/1.1" 200 26
"GET /api/proof_list/ HTTP/1.1" 200 26
"GET /api/proof_list/ HTTP/1.1" 200 26
"GET /api/proof_list/ HTTP/1.1" 200 26
"GET /api/proof_list/ HTTP/1.1" 200 26
"GET /api/proof_list/ HTTP/1.1" 200 26
"GET /api/proof_list/ HTTP/1.1" 200 26
"GET /api/proof_list/ HTTP/1.1" 200 26
"GET /api/proof_list/ HTTP/1.1" 200 26
"GET /api/proof_list/ HTTP/1.1" 200 26
"GET /api/proof_list/ HTTP/1.1" 200 26
"GET /api/proof_list/ HTTP/1.1" 200 26
"GET /api/proof_list/ HTTP/1.1" 200 26
"GET /api/proof_list/ HTTP/1.1" 200 26
"GET /api/proof_list/ HTTP/1.1" 200 26
"GET /api/proof_list/ HTTP/1.1" 200 26
"GET /api/proof_list/ HTTP/1.1" 200 26
"GET /api/proof_list/ HTTP/1.1" 200 26
"GET /api/proof_list/ HTTP/1.1" 200 26
"GET /api/proof_list/ HTTP/1.1" 200 26
"GET /api/proof_list/ HTTP/1.1" 200 26
"GET /api/proof_list/ HTTP/1.1" 200 26
"GET /api/proof_list/ HTTP/1.1" 200 26
"GET /api/proof_list/ HTTP/1.1" 200 26
"GET /api/proof_list/ HTTP/1.1" 200 26
"GET /api/proof_list/ HTTP/1.1" 200 26
"GET /api/proof_list/ HTTP/1.1" 200 26
"GET /api/proof_list/ HTTP/1.1" 200 26
"GET /api/proof_list/ HTTP/1.1" 200 26
"GET /api/proof_list/ HTTP/1.1" 200 26
"GET /api/proof_list/ HTTP/1.1" 200 26
"GET /api/proof_list/ HTTP/1.1" 200 26
"GET /api/proof_list/ HTTP/1.1" 200 26
"GET /api/proof_list/ HTTP/1.1" 200 26
"GET /api/proof_list/ HTTP/1.1" 200 26
"GET /api/proof_list/ HTTP/1.1" 200 26
"GET /api/proof_list/ HTTP/1.1" 200 26
"GET /api/proof_list/ HTTP/1.1" 200 26
"GET /api/proof_list/ HTTP/1.1" 200 26
"GET /api/proof_list/ HTTP/1.1" 200 26
"GET /api/proof_list/ HTTP/1.1" 200 26
"GET /api/proof_list/ HTTP/1.1" 200 26
"GET /api/proof_list/ HTTP/1.1" 200 26
"GET /api/proof_list/ HTTP/1.1" 200 26
"GET /api/proof_list/ HTTP/1.1" 200 26
"GET /api/proof_list/ HTTP/1.1" 200 26
"GET /api/proof_list/ HTTP/1.1" 200 26
"GET /api/proof_list/ HTTP/1.1" 200 26
"GET /api/proof_list/ HTTP/1.1" 200 26
"GET /api/proof_list/ HTTP/1.1" 200 26
"GET /api/proof_list/ HTTP/1.1" 200 26
"GET /api/proof_list/ HTTP/1.1" 200 26
"GET /api/proof_list/ HTTP/1.1" 200 26
"GET /api/proof_list/ HTTP/1.1" 200 26
"GET /api/proof_list/ HTTP/1.1" 200 26
"GET /api/proof_list/ HTTP/1.1" 200 26
"GET /api/proof_list/ HTTP/1.1" 200 26
"GET /api/proof_list/ HTTP/1.1" 200 26
"GET /api/proof_list/ HTTP/1.1" 200 26
"GET /api/proof_list/ HTTP/1.1" 200 26
"GET /api/proof_list/ HTTP/1.1" 200 26
"GET /api/proof_list/ HTTP/1.1" 200 26
"GET /api/proof_list/ HTTP/1.1" 200 26
"GET /api/proof_list/ HTTP/1.1" 200 26
"GET /api/proof_list/ HTTP/1.1" 200 26
"GET /api/proof_list/ HTTP/1.1" 200 26
"GET /api/proof_list/ HTTP/1.1" 200 26
"GET /api/proof_list/ HTTP/1.1" 200 26
"GET /api/proof_list/ HTTP/1.1" 200 26
"GET /api/proof_list/ HTTP/1.1" 200 26
"GET /api/proof_list/ HTTP/1.1" 200 26
"GET /api/proof_list/ HTTP/1.1" 200 26
"GET /api/proof_list/ HTTP/1.1" 200 26
"GET /api/proof_list/ HTTP/1.1" 200 26
"GET /api/proof_list/ HTTP/1.1" 200 26
"GET /api/proof_list/ HTTP/1.1" 200 26
"GET /api/proof_list/ HTTP/1.1" 200 26
"GET /api/proof_list/ HTTP/1.1" 200 26
"GET /api/proof_list/ HTTP/1.1" 200 26
"GET /api/proof_list/ HTTP/1.1" 200 26
"GET /api/proof_list/ HTTP/1.1" 200 26
"GET /api/proof_list/ HTTP/1.1" 200 26
"GET /api/proof_list/ HTTP/1.1" 200 26
"GET /api/proof_list/ HTTP/1.1" 200 26
"GET /api/proof_list/ HTTP/1.1" 200 26
"GET /api/proof_list/ HTTP/1.1" 200 26
"GET /api/proof_list/ HTTP/1.1" 200 26
"GET /api/proof_list/ HTTP/1.1" 200 26
"GET /api/proof_list/ HTTP/1.1" 200 26
"GET /api/proof_list/ HTTP/1.1" 200 26
"GET /api/proof_list/ HTTP/1.1" 200 26
"GET /api/proof_list/ HTTP/1.1" 200 26
"GET /api/proof_list/ HTTP/1.1" 200 26
"GET /api/proof_list/ HTTP/1.1" 200 26
"GET /api/proof_list/ HTTP/1.1" 200 26
"GET /api/proof_list/ HTTP/1.1" 200 26
"GET /api/proof_list/ HTTP/1.1" 200 26
"GET /api/proof_list/ HTTP/1.1" 200 26
"GET /api/proof_list/ HTTP/1.1" 200 26
"GET /api/proof_list/ HTTP/1.1" 200 26
"GET /api/proof_list/ HTTP/1.1" 200 26
"GET /api/proof_list/ HTTP/1.1" 200 26
"GET /api/proof_list/ HTTP/1.1" 200 26
"GET /api/proof_list/ HTTP/1.1" 200 26
"GET /api/proof_list/ HTTP/1.1" 200 26
"GET /api/proof_list/ HTTP/1.1" 200 26
"GET /api/proof_list/ HTTP/1.1" 200 26
"GET /api/proof_list/ HTTP/1.1" 200 26
"GET /api/proof_list/ HTTP/1.1" 200 26
"GET /api/proof_list/ HTTP/1.1" 200 26
"GET /api/proof_list/ HTTP/1.1" 200 26
"GET /api/proof_list/ HTTP/1.1" 200 26
"GET /api/proof_list/ HTTP/1.1" 200 26
"GET /api/proof_list/ HTTP/1.1" 200 26
"GET /api/proof_list/ HTTP/1.1" 200 26
"GET /api/proof_list/ HTTP/1.1" 200 26
"GET /api/proof_list/ HTTP/1.1" 200 26
"GET /api/proof_list/ HTTP/1.1" 200 26
"GET /api/proof_list/ HTTP/1.1" 200 26
"GET /api/proof_list/ HTTP/1.1" 200 26
"GET /api/proof_list/ HTTP/1.1" 200 26
"GET /api/proof_list/ HTTP/1.1" 200 26
"GET /dashboard/analytics/ HTTP/1.1" 200 46328
"GET /static/css/enhanced-styles.css HTTP/1.1" 404 1883
"GET /api/proof_list/ HTTP/1.1" 200 26
"GET /api/proof_list/ HTTP/1.1" 200 26
"GET /api/proof_list/ HTTP/1.1" 200 26
"GET /api/proof_list/ HTTP/1.1" 200 26
"GET /api/proof_list/ HTTP/1.1" 200 26
"GET /api/proof_list/ HTTP/1.1" 200 26
"GET /api/proof_list/ HTTP/1.1" 200 26
"GET /api/proof_list/ HTTP/1.1" 200 26
"GET /api/proof_list/ HTTP/1.1" 200 26
"GET /api/proof_list/ HTTP/1.1" 200 26
"GET /api/proof_list/ HTTP/1.1" 200 26
"GET /api/proof_list/ HTTP/1.1" 200 26
"GET /api/proof_list/ HTTP/1.1" 200 26
"GET /api/proof_list/ HTTP/1.1" 200 26
"GET /api/proof_list/ HTTP/1.1" 200 26
"GET /api/proof_list/ HTTP/1.1" 200 26
"GET /api/proof_list/ HTTP/1.1" 200 26
"GET /api/proof_list/ HTTP/1.1" 200 26
"GET /dashboard/ HTTP/1.1" 200 38354
"GET /static/css/enhanced-styles.css HTTP/1.1" 404 1883
"GET /dashboard/analytics/ HTTP/1.1" 200 46328
"GET /static/css/enhanced-styles.css HTTP/1.1" 404 1883
"GET /api/proof_list/ HTTP/1.1" 200 26
"GET /api/proof_list/ HTTP/1.1" 200 26
"GET /api/proof_list/ HTTP/1.1" 200 26
"GET /api/proof_list/ HTTP/1.1" 200 26
"GET /api/proof_list/ HTTP/1.1" 200 26
"GET /api/proof_list/ HTTP/1.1" 200 26
"GET /api/proof_list/ HTTP/1.1" 200 26
"GET /api/proof_list/ HTTP/1.1" 200 26
"GET /api/proof_list/ HTTP/1.1" 200 26
"GET /api/proof_list/ HTTP/1.1" 200 26
"GET /api/proof_list/ HTTP/1.1" 200 26
"GET /api/proof_list/ HTTP/1.1" 200 26
"GET /api/proof_list/ HTTP/1.1" 200 26
"GET /api/proof_list/ HTTP/1.1" 200 26
"GET /api/proof_list/ HTTP/1.1" 200 26
"GET /api/proof_list/ HTTP/1.1" 200 26
"GET /api/proof_list/ HTTP/1.1" 200 26
"GET /api/proof_list/ HTTP/1.1" 200 26
"GET /api/proof_list/ HTTP/1.1" 200 26
"GET /api/proof_list/ HTTP/1.1" 200 26
"GET /api/proof_list/ HTTP/1.1" 200 26
"GET /api/proof_list/ HTTP/1.1" 200 26
"GET /api/proof_list/ HTTP/1.1" 200 26
"GET /api/proof_list/ HTTP/1.1" 200 26
"GET /dashboard/analytics/ HTTP/1.1" 200 40177
"GET /static/css/enhanced-styles.css HTTP/1.1" 404 1883
"GET /api/proof_list/ HTTP/1.1" 200 26
"GET /api/proof_list/ HTTP/1.1" 200 26
"GET /api/proof_list/ HTTP/1.1" 200 26
"GET /api/proof_list/ HTTP/1.1" 200 26
"GET /api/proof_list/ HTTP/1.1" 200 26
"GET /api/proof_list/ HTTP/1.1" 200 26
"GET /api/proof_list/ HTTP/1.1" 200 26
"GET /api/proof_list/ HTTP/1.1" 200 26
"GET /api/proof_list/ HTTP/1.1" 200 26
"GET /api/proof_list/ HTTP/1.1" 200 26
"GET /api/proof_list/ HTTP/1.1" 200 26
"GET /api/proof_list/ HTTP/1.1" 200 26
"GET /api/proof_list/ HTTP/1.1" 200 26
"GET /api/proof_list/ HTTP/1.1" 200 26
"GET /api/proof_list/ HTTP/1.1" 200 26
"GET /api/proof_list/ HTTP/1.1" 200 26
"GET /api/proof_list/ HTTP/1.1" 200 26
"GET /api/proof_list/ HTTP/1.1" 200 26
"GET /api/proof_list/ HTTP/1.1" 200 26
"GET /api/proof_list/ HTTP/1.1" 200 26
"GET /api/proof_list/ HTTP/1.1" 200 26
"GET /api/proof_list/ HTTP/1.1" 200 26
"GET /api/proof_list/ HTTP/1.1" 200 26
"GET /api/proof_list/ HTTP/1.1" 200 26
"GET /api/proof_list/ HTTP/1.1" 200 26
"GET /api/proof_list/ HTTP/1.1" 200 26
"GET /api/proof_list/ HTTP/1.1" 200 26
"GET /api/proof_list/ HTTP/1.1" 200 26
"GET /api/proof_list/ HTTP/1.1" 200 26
"GET /api/proof_list/ HTTP/1.1" 200 26
"GET /api/proof_list/ HTTP/1.1" 200 26
"GET /api/proof_list/ HTTP/1.1" 200 26
"GET /api/proof_list/ HTTP/1.1" 200 26
"GET /api/proof_list/ HTTP/1.1" 200 26
"GET /api/proof_list/ HTTP/1.1" 200 26
"GET /api/proof_list/ HTTP/1.1" 200 26
"GET /api/proof_list/ HTTP/1.1" 200 26
"GET /api/proof_list/ HTTP/1.1" 200 26
"GET /api/proof_list/ HTTP/1.1" 200 26
"GET /api/proof_list/ HTTP/1.1" 200 26
"GET /api/proof_list/ HTTP/1.1" 200 26
"GET /api/proof_list/ HTTP/1.1" 200 26
"GET /api/proof_list/ HTTP/1.1" 200 26
"GET /api/proof_list/ HTTP/1.1" 200 26
"GET /api/proof_list/ HTTP/1.1" 200 26
"GET /api/proof_list/ HTTP/1.1" 200 26
"GET /api/proof_list/ HTTP/1.1" 200 26
"GET /api/proof_list/ HTTP/1.1" 200 26
"GET /api/proof_list/ HTTP/1.1" 200 26
"GET /api/proof_list/ HTTP/1.1" 200 26
"GET /api/proof_list/ HTTP/1.1" 200 26
"GET /api/proof_list/ HTTP/1.1" 200 26
"GET /api/proof_list/ HTTP/1.1" 200 26
"GET /api/proof_list/ HTTP/1.1" 200 26
"GET /api/proof_list/ HTTP/1.1" 200 26
"GET /api/proof_list/ HTTP/1.1" 200 26
"GET /api/proof_list/ HTTP/1.1" 200 26
"GET /api/proof_list/ HTTP/1.1" 200 26
"GET /api/proof_list/ HTTP/1.1" 200 26
"GET /api/proof_list/ HTTP/1.1" 200 26
"GET /api/proof_list/ HTTP/1.1" 200 26
"GET /api/proof_list/ HTTP/1.1" 200 26
"GET /api/proof_list/ HTTP/1.1" 200 26
"GET /api/proof_list/ HTTP/1.1" 200 26
"GET /api/proof_list/ HTTP/1.1" 200 26
"GET /api/proof_list/ HTTP/1.1" 200 26
"GET /api/proof_list/ HTTP/1.1" 200 26
"GET /api/proof_list/ HTTP/1.1" 200 26
"GET /api/proof_list/ HTTP/1.1" 200 26
"GET /api/proof_list/ HTTP/1.1" 200 26
"GET /api/proof_list/ HTTP/1.1" 200 26
"GET /api/proof_list/ HTTP/1.1" 200 26
"GET /api/proof_list/ HTTP/1.1" 200 26
"GET /api/proof_list/ HTTP/1.1" 200 26
"GET /api/proof_list/ HTTP/1.1" 200 26
"GET /api/proof_list/ HTTP/1.1" 200 26
"GET /api/proof_list/ HTTP/1.1" 200 26
"GET /api/proof_list/ HTTP/1.1" 200 26
"GET /api/proof_list/ HTTP/1.1" 200 26
"GET /api/proof_list/ HTTP/1.1" 200 26
"GET /api/proof_list/ HTTP/1.1" 200 26
"GET /api/proof_list/ HTTP/1.1" 200 26
"GET /api/proof_list/ HTTP/1.1" 200 26
"GET /api/proof_list/ HTTP/1.1" 200 26
"GET /api/proof_list/ HTTP/1.1" 200 26
"GET /api/proof_list/ HTTP/1.1" 200 26
"GET /api/proof_list/ HTTP/1.1" 200 26
"GET /api/proof_list/ HTTP/1.1" 200 26
"GET /api/proof_list/ HTTP/1.1" 200 26
"GET /api/proof_list/ HTTP/1.1" 200 26
"GET /api/proof_list/ HTTP/1.1" 200 26
C:\Users\Atong Abraham\Desktop\projects\bior\Bil_backend\dashboard\views.py changed, reloading.
Watching for file changes with StatReloader
"GET /api/proof_list/ HTTP/1.1" 200 26
"GET /api/proof_list/ HTTP/1.1" 200 26
"GET /api/proof_list/ HTTP/1.1" 200 26
C:\Users\Atong Abraham\Desktop\projects\bior\Bil_backend\dashboard\views.py changed, reloading.
Watching for file changes with StatReloader
"GET /api/proof_list/ HTTP/1.1" 200 26
"GET /dashboard/analytics/ HTTP/1.1" 200 40219
"GET /static/css/enhanced-styles.css HTTP/1.1" 404 1883
"GET /api/proof_list/ HTTP/1.1" 200 26
"GET /api/proof_list/ HTTP/1.1" 200 26
"GET /api/proof_list/ HTTP/1.1" 200 26
"GET /api/proof_list/ HTTP/1.1" 200 26
"GET /api/proof_list/ HTTP/1.1" 200 26
"GET /api/proof_list/ HTTP/1.1" 200 26
"GET /api/proof_list/ HTTP/1.1" 200 26
"GET /api/proof_list/ HTTP/1.1" 200 26
"GET /dashboard/analytics/ HTTP/1.1" 200 40219
"GET /static/css/enhanced-styles.css HTTP/1.1" 404 1883
"GET /api/proof_list/ HTTP/1.1" 200 26
"GET /dashboard/analytics/ HTTP/1.1" 200 40219
"GET /static/css/enhanced-styles.css HTTP/1.1" 404 1883
"GET /api/proof_list/ HTTP/1.1" 200 26
"GET /api/proof_list/ HTTP/1.1" 200 26
"GET /api/proof_list/ HTTP/1.1" 200 26
"GET /api/proof_list/ HTTP/1.1" 200 26
"GET /dashboard/exchange-rates/ HTTP/1.1" 200 22366
"GET /static/css/enhanced-styles.css HTTP/1.1" 404 1883
"GET /api/proof_list/ HTTP/1.1" 200 26
"GET /api/proof_list/ HTTP/1.1" 200 26
"GET /api/proof_list/ HTTP/1.1" 200 26
"GET /api/proof_list/ HTTP/1.1" 200 26
"GET /api/proof_list/ HTTP/1.1" 200 26
"GET /api/proof_list/ HTTP/1.1" 200 26
"GET /api/proof_list/ HTTP/1.1" 200 26
"GET /api/proof_list/ HTTP/1.1" 200 26
"GET /api/proof_list/ HTTP/1.1" 200 26
"GET /api/proof_list/ HTTP/1.1" 200 26
"GET /api/proof_list/ HTTP/1.1" 200 26
"GET /api/proof_list/ HTTP/1.1" 200 26
"GET /api/proof_list/ HTTP/1.1" 200 26
"GET /api/proof_list/ HTTP/1.1" 200 26
"GET /dashboard/analytics/ HTTP/1.1" 200 40219
"GET /static/css/enhanced-styles.css HTTP/1.1" 404 1883
"GET /api/proof_list/ HTTP/1.1" 200 26
"GET /api/proof_list/ HTTP/1.1" 200 26
"GET /api/proof_list/ HTTP/1.1" 200 26
"GET /api/proof_list/ HTTP/1.1" 200 26
"GET /api/proof_list/ HTTP/1.1" 200 26
"GET /api/proof_list/ HTTP/1.1" 200 26
"GET /api/proof_list/ HTTP/1.1" 200 26
"GET /api/proof_list/ HTTP/1.1" 200 26
"GET /api/proof_list/ HTTP/1.1" 200 26
"GET /api/proof_list/ HTTP/1.1" 200 26
Unauthorized: /api/proof_list/
"GET /api/proof_list/ HTTP/1.1" 401 172
Unauthorized: /api/proof_list/
"GET /api/proof_list/ HTTP/1.1" 401 172
Unauthorized: /api/proof_list/
"GET /api/proof_list/ HTTP/1.1" 401 172
Unauthorized: /api/proof_list/
"GET /api/proof_list/ HTTP/1.1" 401 172
Unauthorized: /api/proof_list/
"GET /api/proof_list/ HTTP/1.1" 401 172
Unauthorized: /api/proof_list/
"GET /api/proof_list/ HTTP/1.1" 401 172
Unauthorized: /api/proof_list/
"GET /api/proof_list/ HTTP/1.1" 401 172
Unauthorized: /api/proof_list/
"GET /api/proof_list/ HTTP/1.1" 401 172
Unauthorized: /api/proof_list/
"GET /api/proof_list/ HTTP/1.1" 401 172
Unauthorized: /api/proof_list/
"GET /api/proof_list/ HTTP/1.1" 401 172
Unauthorized: /api/proof_list/
"GET /api/proof_list/ HTTP/1.1" 401 172
Unauthorized: /api/proof_list/
"GET /api/proof_list/ HTTP/1.1" 401 172
Unauthorized: /api/proof_list/
"GET /api/proof_list/ HTTP/1.1" 401 172
Unauthorized: /api/proof_list/
"GET /api/proof_list/ HTTP/1.1" 401 172
Unauthorized: /api/proof_list/
"GET /api/proof_list/ HTTP/1.1" 401 172
Unauthorized: /api/proof_list/
"GET /api/proof_list/ HTTP/1.1" 401 172
Unauthorized: /api/proof_list/
"GET /api/proof_list/ HTTP/1.1" 401 172
Unauthorized: /api/proof_list/
"GET /api/proof_list/ HTTP/1.1" 401 172
Unauthorized: /api/proof_list/
"GET /api/proof_list/ HTTP/1.1" 401 172
Unauthorized: /api/proof_list/
"GET /api/proof_list/ HTTP/1.1" 401 172
Unauthorized: /api/proof_list/
"GET /api/proof_list/ HTTP/1.1" 401 172
Unauthorized: /api/proof_list/
"GET /api/proof_list/ HTTP/1.1" 401 172
Unauthorized: /api/proof_list/
"GET /api/proof_list/ HTTP/1.1" 401 172
Unauthorized: /api/proof_list/
"GET /api/proof_list/ HTTP/1.1" 401 172
Unauthorized: /api/proof_list/
"GET /api/proof_list/ HTTP/1.1" 401 172
Unauthorized: /api/proof_list/
"GET /api/proof_list/ HTTP/1.1" 401 172
Unauthorized: /api/proof_list/
"GET /api/proof_list/ HTTP/1.1" 401 172
Unauthorized: /api/proof_list/
"GET /api/proof_list/ HTTP/1.1" 401 172
Unauthorized: /api/proof_list/
"GET /api/proof_list/ HTTP/1.1" 401 172
Unauthorized: /api/proof_list/
"GET /api/proof_list/ HTTP/1.1" 401 172
Unauthorized: /api/proof_list/
"GET /api/proof_list/ HTTP/1.1" 401 172
Unauthorized: /api/proof_list/
"GET /api/proof_list/ HTTP/1.1" 401 172
Unauthorized: /api/proof_list/
"GET /api/proof_list/ HTTP/1.1" 401 172
Unauthorized: /api/proof_list/
"GET /api/proof_list/ HTTP/1.1" 401 172
Unauthorized: /api/proof_list/
"GET /api/proof_list/ HTTP/1.1" 401 172
Unauthorized: /api/proof_list/
"GET /api/proof_list/ HTTP/1.1" 401 172
Unauthorized: /api/proof_list/
"GET /api/proof_list/ HTTP/1.1" 401 172
Unauthorized: /api/proof_list/
"GET /api/proof_list/ HTTP/1.1" 401 172
Unauthorized: /api/proof_list/
"GET /api/proof_list/ HTTP/1.1" 401 172
Unauthorized: /api/proof_list/
"GET /api/proof_list/ HTTP/1.1" 401 172
Unauthorized: /api/proof_list/
"GET /api/proof_list/ HTTP/1.1" 401 172
Unauthorized: /api/proof_list/
"GET /api/proof_list/ HTTP/1.1" 401 172
Unauthorized: /api/proof_list/
"GET /api/proof_list/ HTTP/1.1" 401 172
Unauthorized: /api/proof_list/
"GET /api/proof_list/ HTTP/1.1" 401 172
Unauthorized: /api/proof_list/
"GET /api/proof_list/ HTTP/1.1" 401 172
Unauthorized: /api/proof_list/
"GET /api/proof_list/ HTTP/1.1" 401 172
Unauthorized: /api/proof_list/
"GET /api/proof_list/ HTTP/1.1" 401 172
Unauthorized: /api/proof_list/
"GET /api/proof_list/ HTTP/1.1" 401 172
Unauthorized: /api/proof_list/
"GET /api/proof_list/ HTTP/1.1" 401 172
Unauthorized: /api/proof_list/
"GET /api/proof_list/ HTTP/1.1" 401 172
Unauthorized: /api/proof_list/
"GET /api/proof_list/ HTTP/1.1" 401 172
Unauthorized: /api/proof_list/
"GET /api/proof_list/ HTTP/1.1" 401 172
Unauthorized: /api/proof_list/
"GET /api/proof_list/ HTTP/1.1" 401 172
Unauthorized: /api/proof_list/
"GET /api/proof_list/ HTTP/1.1" 401 172
Unauthorized: /api/proof_list/
"GET /api/proof_list/ HTTP/1.1" 401 172
Unauthorized: /api/proof_list/
"GET /api/proof_list/ HTTP/1.1" 401 172
Unauthorized: /api/proof_list/
"GET /api/proof_list/ HTTP/1.1" 401 172
Unauthorized: /api/proof_list/
"GET /api/proof_list/ HTTP/1.1" 401 172
Unauthorized: /api/proof_list/
"GET /api/proof_list/ HTTP/1.1" 401 172
Unauthorized: /api/proof_list/
"GET /api/proof_list/ HTTP/1.1" 401 172
Unauthorized: /api/proof_list/
"GET /api/proof_list/ HTTP/1.1" 401 172
Unauthorized: /api/proof_list/
"GET /api/proof_list/ HTTP/1.1" 401 172
Unauthorized: /api/proof_list/
"GET /api/proof_list/ HTTP/1.1" 401 172
Unauthorized: /api/proof_list/
"GET /api/proof_list/ HTTP/1.1" 401 172
Unauthorized: /api/proof_list/
"GET /api/proof_list/ HTTP/1.1" 401 172
Unauthorized: /api/proof_list/
"GET /api/proof_list/ HTTP/1.1" 401 172
Unauthorized: /api/proof_list/
"GET /api/proof_list/ HTTP/1.1" 401 172
Unauthorized: /api/proof_list/
"GET /api/proof_list/ HTTP/1.1" 401 172
Unauthorized: /api/proof_list/
"GET /api/proof_list/ HTTP/1.1" 401 172
Unauthorized: /api/proof_list/
"GET /api/proof_list/ HTTP/1.1" 401 172
Unauthorized: /api/proof_list/
"GET /api/proof_list/ HTTP/1.1" 401 172
Unauthorized: /api/proof_list/
"GET /api/proof_list/ HTTP/1.1" 401 172
Unauthorized: /api/proof_list/
"GET /api/proof_list/ HTTP/1.1" 401 172
Unauthorized: /api/proof_list/
"GET /api/proof_list/ HTTP/1.1" 401 172
Unauthorized: /api/proof_list/
"GET /api/proof_list/ HTTP/1.1" 401 172
Unauthorized: /api/proof_list/
"GET /api/proof_list/ HTTP/1.1" 401 172
Unauthorized: /api/proof_list/
"GET /api/proof_list/ HTTP/1.1" 401 172
Unauthorized: /api/proof_list/
"GET /api/proof_list/ HTTP/1.1" 401 172
Unauthorized: /api/proof_list/
"GET /api/proof_list/ HTTP/1.1" 401 172
Unauthorized: /api/proof_list/
"GET /api/proof_list/ HTTP/1.1" 401 172
Unauthorized: /api/proof_list/
"GET /api/proof_list/ HTTP/1.1" 401 172
Unauthorized: /api/proof_list/
"GET /api/proof_list/ HTTP/1.1" 401 172
Unauthorized: /api/proof_list/
"GET /api/proof_list/ HTTP/1.1" 401 172
Unauthorized: /api/proof_list/
"GET /api/proof_list/ HTTP/1.1" 401 172
Unauthorized: /api/proof_list/
"GET /api/proof_list/ HTTP/1.1" 401 172
Unauthorized: /api/proof_list/
"GET /api/proof_list/ HTTP/1.1" 401 172
C:\Users\Atong Abraham\Desktop\projects\bior\Bil_backend\dashboard\views.py changed, reloading.
Watching for file changes with StatReloader
Unauthorized: /api/proof_list/
"GET /api/proof_list/ HTTP/1.1" 401 172
Unauthorized: /api/proof_list/
"GET /api/proof_list/ HTTP/1.1" 401 172
Unauthorized: /api/proof_list/
"GET /api/proof_list/ HTTP/1.1" 401 172
Unauthorized: /api/proof_list/
"GET /api/proof_list/ HTTP/1.1" 401 172
Unauthorized: /api/proof_list/
"GET /api/proof_list/ HTTP/1.1" 401 172
Unauthorized: /api/proof_list/
"GET /api/proof_list/ HTTP/1.1" 401 172
Unauthorized: /api/proof_list/
"GET /api/proof_list/ HTTP/1.1" 401 172
C:\Users\Atong Abraham\Desktop\projects\bior\Bil_backend\dashboard\views.py changed, reloading.
Watching for file changes with StatReloader
C:\Users\Atong Abraham\Desktop\projects\bior\Bil_backend\dashboard\views.py changed, reloading.
Watching for file changes with StatReloader
C:\Users\Atong Abraham\Desktop\projects\bior\Bil_backend\dashboard\views.py changed, reloading.
Watching for file changes with StatReloader
C:\Users\Atong Abraham\Desktop\projects\bior\Bil_backend\dashboard\views.py changed, reloading.
Watching for file changes with StatReloader
C:\Users\Atong Abraham\Desktop\projects\bior\Bil_backend\dashboard\views.py changed, reloading.
Watching for file changes with StatReloader
C:\Users\Atong Abraham\Desktop\projects\bior\Bil_backend\dashboard\views.py changed, reloading.
Watching for file changes with StatReloader
Unauthorized: /api/proof_list/
"GET /api/proof_list/ HTTP/1.1" 401 172
Internal Server Error: /dashboard/analytics/
Traceback (most recent call last):
  File "C:\Users\Atong Abraham\Desktop\projects\bior\Bil_backend\venv\Lib\site-packages\django\core\handlers\exception.py", line 55, in inner
    response = get_response(request)
  File "C:\Users\Atong Abraham\Desktop\projects\bior\Bil_backend\venv\Lib\site-packages\django\core\handlers\base.py", line 197, in _get_response
    response = wrapped_callback(request, *callback_args, **callback_kwargs)
  File "C:\Users\Atong Abraham\Desktop\projects\bior\Bil_backend\dashboard\views.py", line 244, in analytics_dashboard
    currency=currency, base_currency=base_currency
             ^^^^^^^^
UnboundLocalError: cannot access local variable 'currency' where it is not associated with a value
"GET /dashboard/analytics/ HTTP/1.1" 500 77716
Unauthorized: /api/proof_list/
"GET /api/proof_list/ HTTP/1.1" 401 172
Unauthorized: /api/proof_list/
"GET /api/proof_list/ HTTP/1.1" 401 172
Unauthorized: /api/proof_list/
"GET /api/proof_list/ HTTP/1.1" 401 172
Unauthorized: /api/proof_list/
"GET /api/proof_list/ HTTP/1.1" 401 172
Unauthorized: /api/proof_list/
"GET /api/proof_list/ HTTP/1.1" 401 172
Unauthorized: /api/proof_list/
"GET /api/proof_list/ HTTP/1.1" 401 172
Unauthorized: /api/proof_list/
"GET /api/proof_list/ HTTP/1.1" 401 172
Unauthorized: /api/proof_list/
"GET /api/proof_list/ HTTP/1.1" 401 172
Unauthorized: /api/proof_list/
"GET /api/proof_list/ HTTP/1.1" 401 172
Unauthorized: /api/proof_list/
"GET /api/proof_list/ HTTP/1.1" 401 172
Unauthorized: /api/proof_list/
"GET /api/proof_list/ HTTP/1.1" 401 172
C:\Users\Atong Abraham\Desktop\projects\bior\Bil_backend\dashboard\views.py changed, reloading.
Watching for file changes with StatReloader
Unauthorized: /api/proof_list/
"GET /api/proof_list/ HTTP/1.1" 401 172
Unauthorized: /api/proof_list/
"GET /api/proof_list/ HTTP/1.1" 401 172
C:\Users\Atong Abraham\Desktop\projects\bior\Bil_backend\dashboard\views.py changed, reloading.
Watching for file changes with StatReloader
Unauthorized: /api/proof_list/
"GET /api/proof_list/ HTTP/1.1" 401 172
Unauthorized: /api/proof_list/
"GET /api/proof_list/ HTTP/1.1" 401 172
Internal Server Error: /dashboard/analytics/
Traceback (most recent call last):
  File "C:\Users\Atong Abraham\Desktop\projects\bior\Bil_backend\venv\Lib\site-packages\django\core\handlers\exception.py", line 55, in inner
    response = get_response(request)
  File "C:\Users\Atong Abraham\Desktop\projects\bior\Bil_backend\venv\Lib\site-packages\django\core\handlers\base.py", line 197, in _get_response
    response = wrapped_callback(request, *callback_args, **callback_kwargs)
  File "C:\Users\Atong Abraham\Desktop\projects\bior\Bil_backend\dashboard\views.py", line 245, in analytics_dashboard
    exchange_rate = convert_currency(1, currency, base_currency)
                                        ^^^^^^^^
UnboundLocalError: cannot access local variable 'currency' where it is not associated with a value
"GET /dashboard/analytics/ HTTP/1.1" 500 77795
Internal Server Error: /dashboard/analytics/
Traceback (most recent call last):
  File "C:\Users\Atong Abraham\Desktop\projects\bior\Bil_backend\venv\Lib\site-packages\django\core\handlers\exception.py", line 55, in inner
    response = get_response(request)
  File "C:\Users\Atong Abraham\Desktop\projects\bior\Bil_backend\venv\Lib\site-packages\django\core\handlers\base.py", line 197, in _get_response
    response = wrapped_callback(request, *callback_args, **callback_kwargs)
  File "C:\Users\Atong Abraham\Desktop\projects\bior\Bil_backend\dashboard\views.py", line 245, in analytics_dashboard
    exchange_rate = convert_currency(1, currency, base_currency)
                                        ^^^^^^^^
UnboundLocalError: cannot access local variable 'currency' where it is not associated with a value
"GET /dashboard/analytics/ HTTP/1.1" 500 77796
Internal Server Error: /dashboard/analytics/
Traceback (most recent call last):
  File "C:\Users\Atong Abraham\Desktop\projects\bior\Bil_backend\venv\Lib\site-packages\django\core\handlers\exception.py", line 55, in inner
    response = get_response(request)
  File "C:\Users\Atong Abraham\Desktop\projects\bior\Bil_backend\venv\Lib\site-packages\django\core\handlers\base.py", line 197, in _get_response
    response = wrapped_callback(request, *callback_args, **callback_kwargs)
  File "C:\Users\Atong Abraham\Desktop\projects\bior\Bil_backend\dashboard\views.py", line 245, in analytics_dashboard
    exchange_rate = convert_currency(1, currency, base_currency)
                                        ^^^^^^^^
UnboundLocalError: cannot access local variable 'currency' where it is not associated with a value
"GET /dashboard/analytics/ HTTP/1.1" 500 77796
Unauthorized: /api/proof_list/
"GET /api/proof_list/ HTTP/1.1" 401 172
Unauthorized: /api/proof_list/
"GET /api/proof_list/ HTTP/1.1" 401 172
Unauthorized: /api/proof_list/
"GET /api/proof_list/ HTTP/1.1" 401 172
Unauthorized: /api/proof_list/
"GET /api/proof_list/ HTTP/1.1" 401 172
Unauthorized: /api/proof_list/
"GET /api/proof_list/ HTTP/1.1" 401 172
Unauthorized: /api/proof_list/
"GET /api/proof_list/ HTTP/1.1" 401 172
Unauthorized: /api/proof_list/
"GET /api/proof_list/ HTTP/1.1" 401 172
Unauthorized: /api/proof_list/
"GET /api/proof_list/ HTTP/1.1" 401 172
Unauthorized: /api/proof_list/
"GET /api/proof_list/ HTTP/1.1" 401 172
Unauthorized: /api/proof_list/
"GET /api/proof_list/ HTTP/1.1" 401 172
Unauthorized: /api/proof_list/
"GET /api/proof_list/ HTTP/1.1" 401 172
Unauthorized: /api/proof_list/
"GET /api/proof_list/ HTTP/1.1" 401 172
Unauthorized: /api/proof_list/
"GET /api/proof_list/ HTTP/1.1" 401 172
Unauthorized: /api/proof_list/
"GET /api/proof_list/ HTTP/1.1" 401 172
C:\Users\Atong Abraham\Desktop\projects\bior\Bil_backend\dashboard\views.py changed, reloading.
Watching for file changes with StatReloader
Unauthorized: /api/proof_list/
Unauthorized: /api/proof_list/
"GET /api/proof_list/ HTTP/1.1" 401 172
"GET /api/proof_list/ HTTP/1.1" 401 172
Unauthorized: /api/proof_list/
"GET /api/proof_list/ HTTP/1.1" 401 172
Unauthorized: /api/proof_list/
"GET /api/proof_list/ HTTP/1.1" 401 172
Unauthorized: /api/proof_list/
"GET /api/proof_list/ HTTP/1.1" 401 172
C:\Users\Atong Abraham\Desktop\projects\bior\Bil_backend\dashboard\views.py changed, reloading.
Watching for file changes with StatReloader
Unauthorized: /api/proof_list/
"GET /api/proof_list/ HTTP/1.1" 401 172
Unauthorized: /api/proof_list/
"GET /api/proof_list/ HTTP/1.1" 401 172
C:\Users\Atong Abraham\Desktop\projects\bior\Bil_backend\dashboard\views.py changed, reloading.
Watching for file changes with StatReloader
"GET /dashboard/analytics/ HTTP/1.1" 200 40230
"GET /static/css/enhanced-styles.css HTTP/1.1" 404 1883
Unauthorized: /api/proof_list/
Unauthorized: /api/proof_list/
"GET /api/proof_list/ HTTP/1.1" 401 172
"GET /api/proof_list/ HTTP/1.1" 401 172
Unauthorized: /api/proof_list/
"GET /api/proof_list/ HTTP/1.1" 401 172
Unauthorized: /api/proof_list/
"GET /api/proof_list/ HTTP/1.1" 401 172
Unauthorized: /api/proof_list/
"GET /api/proof_list/ HTTP/1.1" 401 172
Unauthorized: /api/proof_list/
"GET /api/proof_list/ HTTP/1.1" 401 172
Unauthorized: /api/proof_list/
"GET /api/proof_list/ HTTP/1.1" 401 172
Unauthorized: /api/proof_list/
"GET /api/proof_list/ HTTP/1.1" 401 172
Unauthorized: /api/proof_list/
"GET /api/proof_list/ HTTP/1.1" 401 172
Unauthorized: /api/proof_list/
"GET /api/proof_list/ HTTP/1.1" 401 172
Unauthorized: /api/proof_list/
"GET /api/proof_list/ HTTP/1.1" 401 172
Unauthorized: /api/proof_list/
"GET /api/proof_list/ HTTP/1.1" 401 172
Unauthorized: /api/proof_list/
"GET /api/proof_list/ HTTP/1.1" 401 172
Unauthorized: /api/proof_list/
"GET /api/proof_list/ HTTP/1.1" 401 172
Unauthorized: /api/proof_list/
"GET /api/proof_list/ HTTP/1.1" 401 172
Unauthorized: /api/proof_list/
"GET /api/proof_list/ HTTP/1.1" 401 172
Unauthorized: /api/proof_list/
"GET /api/proof_list/ HTTP/1.1" 401 172
Unauthorized: /api/proof_list/
"GET /api/proof_list/ HTTP/1.1" 401 172
Unauthorized: /api/proof_list/
"GET /api/proof_list/ HTTP/1.1" 401 172
Unauthorized: /api/proof_list/
"GET /api/proof_list/ HTTP/1.1" 401 172
Unauthorized: /api/proof_list/
"GET /api/proof_list/ HTTP/1.1" 401 172
Unauthorized: /api/proof_list/
"GET /api/proof_list/ HTTP/1.1" 401 172
Unauthorized: /api/proof_list/
"GET /api/proof_list/ HTTP/1.1" 401 172
Unauthorized: /api/proof_list/
"GET /api/proof_list/ HTTP/1.1" 401 172
Unauthorized: /api/proof_list/
"GET /api/proof_list/ HTTP/1.1" 401 172
Unauthorized: /api/proof_list/
"GET /api/proof_list/ HTTP/1.1" 401 172
Unauthorized: /api/proof_list/
"GET /api/proof_list/ HTTP/1.1" 401 172
Unauthorized: /api/proof_list/
"GET /api/proof_list/ HTTP/1.1" 401 172
Unauthorized: /api/proof_list/
"GET /api/proof_list/ HTTP/1.1" 401 172
Unauthorized: /api/proof_list/
"GET /api/proof_list/ HTTP/1.1" 401 172
Unauthorized: /api/proof_list/
"GET /api/proof_list/ HTTP/1.1" 401 172
Unauthorized: /api/proof_list/
"GET /api/proof_list/ HTTP/1.1" 401 172
Unauthorized: /api/proof_list/
"GET /api/proof_list/ HTTP/1.1" 401 172
Unauthorized: /api/proof_list/
"GET /api/proof_list/ HTTP/1.1" 401 172
Unauthorized: /api/proof_list/
"GET /api/proof_list/ HTTP/1.1" 401 172
Unauthorized: /api/proof_list/
"GET /api/proof_list/ HTTP/1.1" 401 172
Unauthorized: /api/proof_list/
"GET /api/proof_list/ HTTP/1.1" 401 172
Unauthorized: /api/proof_list/
"GET /api/proof_list/ HTTP/1.1" 401 172
C:\Users\Atong Abraham\Desktop\projects\bior\Bil_backend\dashboard\views.py changed, reloading.
Watching for file changes with StatReloader
Unauthorized: /api/proof_list/
"GET /api/proof_list/ HTTP/1.1" 401 172
Unauthorized: /api/proof_list/
"GET /api/proof_list/ HTTP/1.1" 401 172
Unauthorized: /api/proof_list/
"GET /api/proof_list/ HTTP/1.1" 401 172
Unauthorized: /api/proof_list/
"GET /api/proof_list/ HTTP/1.1" 401 172
Unauthorized: /api/proof_list/
"GET /api/proof_list/ HTTP/1.1" 401 172
Unauthorized: /api/proof_list/
"GET /api/proof_list/ HTTP/1.1" 401 172
Unauthorized: /api/proof_list/
"GET /api/proof_list/ HTTP/1.1" 401 172
Unauthorized: /api/proof_list/
"GET /api/proof_list/ HTTP/1.1" 401 172
Unauthorized: /api/proof_list/
"GET /api/proof_list/ HTTP/1.1" 401 172
Unauthorized: /api/proof_list/
"GET /api/proof_list/ HTTP/1.1" 401 172
Unauthorized: /api/proof_list/
"GET /api/proof_list/ HTTP/1.1" 401 172
Unauthorized: /api/proof_list/
"GET /api/proof_list/ HTTP/1.1" 401 172
Unauthorized: /api/proof_list/
"GET /api/proof_list/ HTTP/1.1" 401 172
Unauthorized: /api/proof_list/
"GET /api/proof_list/ HTTP/1.1" 401 172
Unauthorized: /api/proof_list/
"GET /api/proof_list/ HTTP/1.1" 401 172
Unauthorized: /api/proof_list/
"GET /api/proof_list/ HTTP/1.1" 401 172
Unauthorized: /api/proof_list/
"GET /api/proof_list/ HTTP/1.1" 401 172
Unauthorized: /api/proof_list/
"GET /api/proof_list/ HTTP/1.1" 401 172
Unauthorized: /api/proof_list/
"GET /api/proof_list/ HTTP/1.1" 401 172
Unauthorized: /api/proof_list/
"GET /api/proof_list/ HTTP/1.1" 401 172
Unauthorized: /api/proof_list/
"GET /api/proof_list/ HTTP/1.1" 401 172
Unauthorized: /api/proof_list/
"GET /api/proof_list/ HTTP/1.1" 401 172
Unauthorized: /api/proof_list/
"GET /api/proof_list/ HTTP/1.1" 401 172
Unauthorized: /api/proof_list/
"GET /api/proof_list/ HTTP/1.1" 401 172
Unauthorized: /api/proof_list/
"GET /api/proof_list/ HTTP/1.1" 401 172
Unauthorized: /api/proof_list/
"GET /api/proof_list/ HTTP/1.1" 401 172
Unauthorized: /api/proof_list/
"GET /api/proof_list/ HTTP/1.1" 401 172
Unauthorized: /api/proof_list/
"GET /api/proof_list/ HTTP/1.1" 401 172
Unauthorized: /api/proof_list/
"GET /api/proof_list/ HTTP/1.1" 401 172
Unauthorized: /api/proof_list/
"GET /api/proof_list/ HTTP/1.1" 401 172
Unauthorized: /api/proof_list/
"GET /api/proof_list/ HTTP/1.1" 401 172
Unauthorized: /api/proof_list/
"GET /api/proof_list/ HTTP/1.1" 401 172
Unauthorized: /api/proof_list/
"GET /api/proof_list/ HTTP/1.1" 401 172
Unauthorized: /api/proof_list/
"GET /api/proof_list/ HTTP/1.1" 401 172
Unauthorized: /api/proof_list/
"GET /api/proof_list/ HTTP/1.1" 401 172
Unauthorized: /api/proof_list/
"GET /api/proof_list/ HTTP/1.1" 401 172
Unauthorized: /api/proof_list/
"GET /api/proof_list/ HTTP/1.1" 401 172
"GET /dashboard/transactions/ HTTP/1.1" 200 31789
"GET /static/css/enhanced-styles.css HTTP/1.1" 404 1883
Unauthorized: /api/proof_list/
"GET /api/proof_list/ HTTP/1.1" 401 172
Unauthorized: /api/proof_list/
"GET /api/proof_list/ HTTP/1.1" 401 172
Unauthorized: /api/proof_list/
"GET /api/proof_list/ HTTP/1.1" 401 172
Unauthorized: /api/proof_list/
"GET /api/proof_list/ HTTP/1.1" 401 172
Unauthorized: /api/proof_list/
"GET /api/proof_list/ HTTP/1.1" 401 172
Unauthorized: /api/proof_list/
"GET /api/proof_list/ HTTP/1.1" 401 172
Unauthorized: /api/proof_list/
"GET /api/proof_list/ HTTP/1.1" 401 172
Unauthorized: /api/proof_list/
"GET /api/proof_list/ HTTP/1.1" 401 172
Unauthorized: /api/proof_list/
"GET /api/proof_list/ HTTP/1.1" 401 172
Unauthorized: /api/proof_list/
"GET /api/proof_list/ HTTP/1.1" 401 172
Unauthorized: /api/proof_list/
Unauthorized: /api/proof_list/
"GET /api/proof_list/ HTTP/1.1" 401 172
"GET /api/proof_list/ HTTP/1.1" 401 172
Watching for file changes with StatReloader
"GET / HTTP/1.1" 302 0
"GET /dashboard/login/?next=/ HTTP/1.1" 200 3348
"GET /static/dashboard/css/login.css HTTP/1.1" 200 13475
Not Found: /favicon.ico
"GET /favicon.ico HTTP/1.1" 404 18718
"GET /dashboard/transactions/ HTTP/1.1" 200 30594
"GET /static/css/enhanced-styles.css HTTP/1.1" 404 1883
"GET /static/dashboard/css/base.css HTTP/1.1" 200 17289
"GET /static/dashboard/css/transactions.css HTTP/1.1" 200 6656
"GET /admin/api/user/ HTTP/1.1" 302 0
"GET /admin/login/?next=/admin/api/user/ HTTP/1.1" 200 3050
"GET /static/vendor/fontawesome-free/css/all.min.css HTTP/1.1" 200 103009
"GET /static/jazzmin/css/main.css HTTP/1.1" 200 16969
"GET /static/vendor/adminlte/css/adminlte.min.css HTTP/1.1" 200 1382975
"GET /static/vendor/adminlte/img/AdminLTELogo.png HTTP/1.1" 200 2637
"GET /static/admin/js/vendor/jquery/jquery.js HTTP/1.1" 200 285314
"GET /static/vendor/bootstrap/js/bootstrap.min.js HTTP/1.1" 200 62440
"GET /static/vendor/adminlte/js/adminlte.min.js HTTP/1.1" 200 44244
"GET /static/vendor/fontawesome-free/webfonts/fa-solid-900.woff2 HTTP/1.1" 200 156400
"POST /dashboard/login/?next=/ HTTP/1.1" 200 3635
"GET /dashboard/exchange-rates/ HTTP/1.1" 200 21171
"POST /dashboard/login/?next=/ HTTP/1.1" 200 3635
"POST /dashboard/login/?next=/ HTTP/1.1" 200 3635
"GET /dashboard/users/ HTTP/1.1" 302 0
"GET /dashboard/login/?next=/dashboard/users/ HTTP/1.1" 200 3348
"GET /static/dashboard/css/login.css HTTP/1.1" 200 13475
"POST /dashboard/login/?next=/dashboard/users/ HTTP/1.1" 200 3635
"POST /dashboard/login/?next=/dashboard/users/ HTTP/1.1" 200 3635
"POST /dashboard/login/?next=/dashboard/users/ HTTP/1.1" 200 3635
"POST /dashboard/login/?next=/dashboard/users/ HTTP/1.1" 200 3635
"GET /admin HTTP/1.1" 301 0
"GET /admin/ HTTP/1.1" 302 0
"GET /admin/login/?next=/admin/ HTTP/1.1" 200 3041
"POST /dashboard/login/?next=/dashboard/users/ HTTP/1.1" 302 0
"GET /dashboard/ HTTP/1.1" 200 38366
"GET /static/css/enhanced-styles.css HTTP/1.1" 404 1883
"GET /static/dashboard/css/admin_dashboard.css HTTP/1.1" 200 6934
"GET /dashboard/users/ HTTP/1.1" 200 60192
"GET /static/css/enhanced-styles.css HTTP/1.1" 404 1883
"GET /static/dashboard/css/users.css HTTP/1.1" 200 9532
"GET /dashboard/analytics/ HTTP/1.1" 200 40242
"GET /static/css/enhanced-styles.css HTTP/1.1" 404 1883
"GET /static/dashboard/css/analystics.css HTTP/1.1" 200 7933
"POST /api/encrypt_message HTTP/1.1" 200 368
"POST /api/auth/login/ HTTP/1.1" 200 687
"POST /api/proofs/ HTTP/1.1" 201 465
"POST /api/encrypt_message HTTP/1.1" 200 368
"POST /api/auth/login/ HTTP/1.1" 200 684
Not Found: /api/proofs/1/status/
"POST /api/proofs/1/status/ HTTP/1.1" 404 46
"POST /api/proofs/3/status/ HTTP/1.1" 200 107
"GET /dashboard/analytics/ HTTP/1.1" 200 40249
"GET /static/css/enhanced-styles.css HTTP/1.1" 404 1883
"GET /dashboard/transactions/ HTTP/1.1" 200 32774
"GET /static/css/enhanced-styles.css HTTP/1.1" 404 1883
"GET /dashboard/exchange-rates/ HTTP/1.1" 200 22378
"GET /static/css/enhanced-styles.css HTTP/1.1" 404 1883
"GET /dashboard/transactions/ HTTP/1.1" 200 32774
"GET /static/css/enhanced-styles.css HTTP/1.1" 404 1883
"GET /dashboard/analytics/ HTTP/1.1" 200 40249
"GET /static/css/enhanced-styles.css HTTP/1.1" 404 1883
"GET /dashboard/transactions/ HTTP/1.1" 200 32774
"GET /static/css/enhanced-styles.css HTTP/1.1" 404 1883
"GET /dashboard/exchange-rates/ HTTP/1.1" 200 22378
"GET /static/css/enhanced-styles.css HTTP/1.1" 404 1883
"GET /dashboard/transactions/ HTTP/1.1" 200 32774
"GET /static/css/enhanced-styles.css HTTP/1.1" 404 1883
"GET /dashboard/analytics/ HTTP/1.1" 200 40249
"GET /static/css/enhanced-styles.css HTTP/1.1" 404 1883
"GET /dashboard/transactions/ HTTP/1.1" 200 32774
"GET /static/css/enhanced-styles.css HTTP/1.1" 404 1883
"GET /dashboard/analytics/ HTTP/1.1" 200 40249
"GET /static/css/enhanced-styles.css HTTP/1.1" 404 1883
"GET /dashboard/exchange-rates/ HTTP/1.1" 200 22378
"GET /static/css/enhanced-styles.css HTTP/1.1" 404 1883
Watching for file changes with StatReloader
Watching for file changes with StatReloader
"GET / HTTP/1.1" 302 0
"GET /dashboard/login/?next=/ HTTP/1.1" 200 3348
Not Found: /favicon.ico
"GET /favicon.ico HTTP/1.1" 404 18718
"POST /dashboard/login/?next=/ HTTP/1.1" 200 3635
"POST /dashboard/login/?next=/ HTTP/1.1" 302 0
"GET /dashboard/ HTTP/1.1" 200 38366
"GET /static/css/enhanced-styles.css HTTP/1.1" 404 1883
"GET /dashboard/analytics/ HTTP/1.1" 200 40249
"GET /static/css/enhanced-styles.css HTTP/1.1" 404 1883
"GET / HTTP/1.1" 302 0
"GET /dashboard/login/?next=/ HTTP/1.1" 200 3348
Watching for file changes with StatReloader
"GET / HTTP/1.1" 302 0
"GET /dashboard/login/?next=/ HTTP/1.1" 200 3348
"GET /static/dashboard/css/login.css HTTP/1.1" 304 0
Not Found: /favicon.ico
"GET /favicon.ico HTTP/1.1" 404 18718
"POST /dashboard/login/?next=/ HTTP/1.1" 200 3635
"POST /dashboard/login/?next=/ HTTP/1.1" 200 3635
"POST /dashboard/login/?next=/ HTTP/1.1" 200 3635
- Broken pipe from ('127.0.0.1', 62098)
"POST /dashboard/login/?next=/ HTTP/1.1" 200 3635
"POST /dashboard/login/?next=/ HTTP/1.1" 200 3635
"GET /admin HTTP/1.1" 301 0
"GET /admin/ HTTP/1.1" 302 0
"GET /admin/login/?next=/admin/ HTTP/1.1" 200 3041
"GET /static/jazzmin/css/main.css HTTP/1.1" 200 16969
"GET /static/vendor/fontawesome-free/css/all.min.css HTTP/1.1" 200 103009
"GET /static/vendor/adminlte/img/AdminLTELogo.png HTTP/1.1" 200 2637
"GET /static/vendor/adminlte/js/adminlte.min.js HTTP/1.1" 200 44244
"GET /static/admin/js/vendor/jquery/jquery.js HTTP/1.1" 200 285314
"GET /static/vendor/adminlte/css/adminlte.min.css HTTP/1.1" 200 1382975
"GET /static/vendor/bootstrap/js/bootstrap.min.js HTTP/1.1" 200 62440
"GET /static/vendor/fontawesome-free/webfonts/fa-solid-900.woff2 HTTP/1.1" 200 156400
"POST /admin/login/?next=/admin/ HTTP/1.1" 200 3361
"POST /dashboard/login/?next=/ HTTP/1.1" 200 3635
"POST /admin/login/?next=/admin/ HTTP/1.1" 200 3361
"POST /admin/login/?next=/admin/ HTTP/1.1" 302 0
"GET /admin/ HTTP/1.1" 200 24084
"GET /static/jazzmin/js/ui-builder.js HTTP/1.1" 200 13873
"GET /static/vendor/fontawesome-free/webfonts/fa-regular-400.woff2 HTTP/1.1" 200 25392
"GET /static/jazzmin/js/main.js HTTP/1.1" 200 2391
"GET /admin/ HTTP/1.1" 200 24084
"POST /admin/logout/ HTTP/1.1" 200 2095
"GET /admin/ HTTP/1.1" 302 0
"GET /admin/login/?next=/admin/ HTTP/1.1" 200 3041
"POST /admin/login/?next=/admin/ HTTP/1.1" 200 3361
"POST /admin/login/?next=/admin/ HTTP/1.1" 200 3361
Forbidden (CSRF token from POST incorrect.): /dashboard/login/
"POST /dashboard/login/?next=/ HTTP/1.1" 403 2503
Forbidden (CSRF token from POST incorrect.): /dashboard/login/
"POST /dashboard/login/?next=/ HTTP/1.1" 403 2503
Forbidden (CSRF token from POST incorrect.): /dashboard/login/
"POST /dashboard/login/?next=/ HTTP/1.1" 403 2503
"GET / HTTP/1.1" 302 0
"GET /dashboard/login/?next=/ HTTP/1.1" 200 3348
"POST /dashboard/login/?next=/ HTTP/1.1" 200 3635
"POST /dashboard/login/?next=/ HTTP/1.1" 200 3635
"POST /dashboard/login/?next=/ HTTP/1.1" 200 3635
"POST /dashboard/login/?next=/ HTTP/1.1" 200 3635
"POST /dashboard/login/?next=/ HTTP/1.1" 200 3635
"POST /dashboard/login/?next=/ HTTP/1.1" 200 3635
"POST /dashboard/login/?next=/ HTTP/1.1" 302 0
"GET /dashboard/ HTTP/1.1" 200 38366
"GET /static/dashboard/css/base.css HTTP/1.1" 200 17289
"GET /static/css/enhanced-styles.css HTTP/1.1" 404 1883
"GET /static/dashboard/css/admin_dashboard.css HTTP/1.1" 200 6934
"GET /dashboard/users/ HTTP/1.1" 200 60142
"GET /static/dashboard/css/users.css HTTP/1.1" 200 9532
"GET /static/css/enhanced-styles.css HTTP/1.1" 404 1883
"POST /dashboard/users/add/ HTTP/1.1" 302 0
"GET /dashboard/users/ HTTP/1.1" 200 63097
"GET /static/css/enhanced-styles.css HTTP/1.1" 404 1883
"POST /users/delete/5/ HTTP/1.1" 200 77
"GET /dashboard/proofs/ HTTP/1.1" 200 28772
"GET /static/dashboard/css/proofs.css HTTP/1.1" 200 3863
"GET /static/css/enhanced-styles.css HTTP/1.1" 404 1883
"GET /dashboard/transactions/ HTTP/1.1" 200 32774
"GET /static/dashboard/css/transactions.css HTTP/1.1" 200 6656
"GET /static/css/enhanced-styles.css HTTP/1.1" 404 1883
"GET /dashboard/users/ HTTP/1.1" 200 60142
"GET /static/css/enhanced-styles.css HTTP/1.1" 404 1883
"GET /dashboard/analytics/ HTTP/1.1" 200 40249
"GET /static/dashboard/css/analystics.css HTTP/1.1" 200 7933
"GET /static/css/enhanced-styles.css HTTP/1.1" 404 1883
Watching for file changes with StatReloader
"GET / HTTP/1.1" 302 0
"GET /dashboard/login/?next=/ HTTP/1.1" 200 3348
"GET /static/dashboard/css/login.css HTTP/1.1" 200 13475
Not Found: /favicon.ico
"GET /favicon.ico HTTP/1.1" 404 18718
Watching for file changes with StatReloader
Watching for file changes with StatReloader
Watching for file changes with StatReloader
"GET / HTTP/1.1" 302 0
"GET /dashboard/login/?next=/ HTTP/1.1" 200 3348
"GET /static/dashboard/css/login.css HTTP/1.1" 200 13475
Not Found: /favicon.ico
"GET /favicon.ico HTTP/1.1" 404 18718
C:\Users\Atong Abraham\Desktop\projects\bior\Bil_backend\bil\settings.py changed, reloading.
Watching for file changes with StatReloader
C:\Users\Atong Abraham\Desktop\projects\bior\Bil_backend\bil\settings.py changed, reloading.
Watching for file changes with StatReloader
C:\Users\Atong Abraham\Desktop\projects\bior\Bil_backend\bil\settings.py changed, reloading.
Watching for file changes with StatReloader
Watching for file changes with StatReloader
C:\Users\Atong Abraham\Desktop\projects\bior\Bil_backend\bil\settings.py changed, reloading.
Watching for file changes with StatReloader
C:\Users\Atong Abraham\Desktop\projects\bior\Bil_backend\bil\settings.py changed, reloading.
Watching for file changes with StatReloader
"GET / HTTP/1.1" 302 0
"GET /dashboard/login/?next=/ HTTP/1.1" 200 3348
"POST /dashboard/login/?next=/ HTTP/1.1" 200 3635
"POST /dashboard/login/?next=/ HTTP/1.1" 200 3628
"POST /dashboard/login/?next=/ HTTP/1.1" 200 3622
Watching for file changes with StatReloader
"POST /dashboard/login/?next=/ HTTP/1.1" 200 3622
Watching for file changes with StatReloader
"POST /dashboard/login/?next=/ HTTP/1.1" 200 3622
"POST /dashboard/login/?next=/ HTTP/1.1" 200 3622
Not Found: /terminator/
"GET /terminator/ HTTP/1.1" 404 18718
"GET /admin/ HTTP/1.1" 302 0
"GET /admin/login/?next=/admin/ HTTP/1.1" 200 3041
"GET /static/vendor/adminlte/img/AdminLTELogo.png HTTP/1.1" 200 2637
"GET /static/vendor/fontawesome-free/css/all.min.css HTTP/1.1" 200 103009
"GET /static/jazzmin/css/main.css HTTP/1.1" 200 16969
"GET /static/vendor/adminlte/css/adminlte.min.css HTTP/1.1" 200 1382975
"GET /static/vendor/adminlte/js/adminlte.min.js HTTP/1.1" 200 44244
"GET /static/vendor/bootstrap/js/bootstrap.min.js HTTP/1.1" 200 62440
"GET /static/admin/js/vendor/jquery/jquery.js HTTP/1.1" 200 285314
"GET /static/vendor/fontawesome-free/webfonts/fa-solid-900.woff2 HTTP/1.1" 200 156400
"POST /admin/login/?next=/admin/ HTTP/1.1" 302 0
"GET /admin/ HTTP/1.1" 200 46430
"GET /static/jazzmin/js/main.js HTTP/1.1" 200 2391
"GET /static/jazzmin/js/ui-builder.js HTTP/1.1" 200 13873
"GET /static/vendor/fontawesome-free/webfonts/fa-regular-400.woff2 HTTP/1.1" 200 25392
"GET /admin/api/user/ HTTP/1.1" 200 44652
"GET /static/vendor/select2/css/select2.min.css HTTP/1.1" 200 16264
"GET /static/admin/js/jquery.init.js HTTP/1.1" 200 347
"GET /static/admin/js/core.js HTTP/1.1" 200 6208
"GET /static/admin/js/admin/RelatedObjectLookups.js HTTP/1.1" 200 9777
"GET /static/admin/js/actions.js HTTP/1.1" 200 8076
"GET /static/admin/img/icon-yes.svg HTTP/1.1" 200 436
"GET /static/admin/js/urlify.js HTTP/1.1" 200 7887
"GET /static/jazzmin/js/change_list.js HTTP/1.1" 200 2252
"GET /static/admin/js/prepopulate.js HTTP/1.1" 200 1531
"GET /admin/jsi18n/ HTTP/1.1" 200 3342
"GET /static/vendor/select2/js/select2.min.js HTTP/1.1" 200 73170
"GET /static/admin/img/icon-no.svg HTTP/1.1" 200 560
"GET /static/admin/js/vendor/xregexp/xregexp.js HTTP/1.1" 200 325171
"GET / HTTP/1.1" 200 39599
"GET /static/dashboard/css/base.css HTTP/1.1" 200 17289
"GET /static/dashboard/css/admin_dashboard.css HTTP/1.1" 200 6934
"GET /static/css/enhanced-styles.css HTTP/1.1" 404 1883
"GET /admin/api/user/add/ HTTP/1.1" 200 40584
"GET /admin/jsi18n/ HTTP/1.1" 200 3342
"GET /static/admin/js/change_form.js HTTP/1.1" 200 606
"GET /static/admin/js/prepopulate_init.js HTTP/1.1" 200 586
"GET /static/jazzmin/js/change_form.js HTTP/1.1" 200 6052
"GET /admin/api/user/ HTTP/1.1" 200 44652
"GET /admin/jsi18n/ HTTP/1.1" 200 3342
"POST /admin/logout/ HTTP/1.1" 200 2095
"POST /admin/logout/ HTTP/1.1" 302 0
"GET /admin/ HTTP/1.1" 302 0
"GET /admin/login/?next=/admin/ HTTP/1.1" 200 3041
"POST /admin/login/?next=/admin/ HTTP/1.1" 302 0
"GET /admin/ HTTP/1.1" 200 46430
- Broken pipe from ('127.0.0.1', 58274)
"GET /static/vendor/bootswatch/cerulean/bootstrap.min.css HTTP/1.1" 200 163350
"GET /admin/api/user/ HTTP/1.1" 200 44652
"GET /admin/jsi18n/ HTTP/1.1" 200 3342
"GET /admin/api/user/add/ HTTP/1.1" 200 40584
"GET /admin/jsi18n/ HTTP/1.1" 200 3342
"GET /admin/api/user/ HTTP/1.1" 200 44652
"GET /admin/jsi18n/ HTTP/1.1" 200 3342
"GET / HTTP/1.1" 302 0
"GET /dashboard/login/?next=/ HTTP/1.1" 200 3335
"GET /static/dashboard/css/login.css HTTP/1.1" 200 13475
Not Found: /favicon.ico
"GET /favicon.ico HTTP/1.1" 404 18718
"POST /dashboard/login/?next=/ HTTP/1.1" 302 0
"GET /dashboard/ HTTP/1.1" 200 39609
"GET /static/css/enhanced-styles.css HTTP/1.1" 404 1883
"GET /static/dashboard/css/base.css HTTP/1.1" 200 17289
"GET /static/dashboard/css/admin_dashboard.css HTTP/1.1" 200 6934
"GET /dashboard/users/ HTTP/1.1" 200 62543
"GET /static/css/enhanced-styles.css HTTP/1.1" 404 1883
"GET /static/dashboard/css/users.css HTTP/1.1" 200 9532
"GET /dashboard/proofs/ HTTP/1.1" 200 28772
"GET /static/dashboard/css/proofs.css HTTP/1.1" 200 3863
"GET /static/css/enhanced-styles.css HTTP/1.1" 404 1883
"GET /dashboard/transactions/ HTTP/1.1" 200 32774
"GET /static/css/enhanced-styles.css HTTP/1.1" 404 1883
"GET /static/dashboard/css/transactions.css HTTP/1.1" 200 6656
"GET /dashboard/analytics/ HTTP/1.1" 200 40249
"GET /static/dashboard/css/analystics.css HTTP/1.1" 200 7933
"GET /static/css/enhanced-styles.css HTTP/1.1" 404 1883
"GET /dashboard/users/ HTTP/1.1" 200 62543
"GET /static/css/enhanced-styles.css HTTP/1.1" 404 1883
"GET /dashboard/proofs/ HTTP/1.1" 200 28772
"GET /static/css/enhanced-styles.css HTTP/1.1" 404 1883
"POST /admin/logout/ HTTP/1.1" 200 2095
"GET / HTTP/1.1" 302 0
"GET /dashboard/login/?next=/ HTTP/1.1" 200 3335
"POST /dashboard/login/?next=/ HTTP/1.1" 302 0
"GET /dashboard/ HTTP/1.1" 200 39609
"GET /static/css/enhanced-styles.css HTTP/1.1" 404 1883
"GET /dashboard/company-info/ HTTP/1.1" 200 21531
"GET /static/css/enhanced-styles.css HTTP/1.1" 404 1883
"GET /dashboard/agents/ HTTP/1.1" 200 21461
"GET /static/css/enhanced-styles.css HTTP/1.1" 404 1883
"GET /dashboard/analytics/ HTTP/1.1" 200 40249
"GET /static/dashboard/css/analystics.css HTTP/1.1" 200 7933
"GET /static/css/enhanced-styles.css HTTP/1.1" 404 1883
"GET /dashboard/users/ HTTP/1.1" 200 62543
"GET /static/css/enhanced-styles.css HTTP/1.1" 404 1883
"GET /static/dashboard/css/users.css HTTP/1.1" 200 9532
"GET /dashboard/ HTTP/1.1" 200 39609
"GET /static/css/enhanced-styles.css HTTP/1.1" 404 1883
"GET /dashboard/analytics/ HTTP/1.1" 200 40249
"GET /static/css/enhanced-styles.css HTTP/1.1" 404 1883
"GET /dashboard/users/ HTTP/1.1" 200 62543
"GET /static/css/enhanced-styles.css HTTP/1.1" 404 1883
"GET /dashboard/users/ HTTP/1.1" 200 62543
"GET /static/css/enhanced-styles.css HTTP/1.1" 404 1883
"GET /dashboard/analytics/ HTTP/1.1" 200 40249
"GET /static/css/enhanced-styles.css HTTP/1.1" 404 1883
"POST /dashboard/logout/ HTTP/1.1" 302 0
"GET /dashboard/login/ HTTP/1.1" 200 3335
"POST /dashboard/login/ HTTP/1.1" 200 3622
"GET /admin HTTP/1.1" 301 0
"GET /admin/ HTTP/1.1" 302 0
"GET /admin/login/?next=/admin/ HTTP/1.1" 200 3041
"POST /admin/login/?next=/admin/ HTTP/1.1" 200 3361
"POST /admin/login/?next=/admin/ HTTP/1.1" 302 0
"GET /admin/ HTTP/1.1" 200 46430
"GET /admin/api/user/ HTTP/1.1" 200 44652
"GET /admin/jsi18n/ HTTP/1.1" 200 3342
"GET /admin/api/user/6/change/ HTTP/1.1" 200 48590
"GET /admin/jsi18n/ HTTP/1.1" 200 3342
"GET /static/admin/js/calendar.js HTTP/1.1" 200 9141
"GET /static/admin/js/admin/DateTimeShortcuts.js HTTP/1.1" 200 19319
"GET /admin/api/user/ HTTP/1.1" 200 44652
C:\Users\Atong Abraham\Desktop\projects\bior\Bil_backend\api\admin.py changed, reloading.
Watching for file changes with StatReloader
"GET /admin/api/user/ HTTP/1.1" 200 39359
"GET /admin/jsi18n/ HTTP/1.1" 200 3342
"GET / HTTP/1.1" 200 39599
"GET /static/css/enhanced-styles.css HTTP/1.1" 404 1883
"GET /admin/api/user/6/change/ HTTP/1.1" 200 43297
"GET /admin/jsi18n/ HTTP/1.1" 200 3342
"GET /admin/api/user/ HTTP/1.1" 200 39359
C:\Users\Atong Abraham\Desktop\projects\bior\Bil_backend\api\admin.py changed, reloading.
Watching for file changes with StatReloader
"GET /admin/api/user/ HTTP/1.1" 200 39359
"GET /admin/jsi18n/ HTTP/1.1" 200 3342
"GET /admin/api/user/ HTTP/1.1" 200 39359
"GET /admin/jsi18n/ HTTP/1.1" 200 3342
"GET /admin/api/user/ HTTP/1.1" 200 39359
"GET /admin/jsi18n/ HTTP/1.1" 200 3342
"POST /admin/logout/ HTTP/1.1" 200 2095
"GET /admin/ HTTP/1.1" 302 0
"GET /admin/login/?next=/admin/ HTTP/1.1" 200 3041
"POST /admin/login/?next=/admin/ HTTP/1.1" 200 3361
"POST /admin/login/?next=/admin/ HTTP/1.1" 302 0
"GET /admin/ HTTP/1.1" 200 29050
"GET /admin/api/user/ HTTP/1.1" 200 39359
"GET /admin/jsi18n/ HTTP/1.1" 200 3342
C:\Users\Atong Abraham\Desktop\projects\bior\Bil_backend\api\admin.py changed, reloading.
Watching for file changes with StatReloader
C:\Users\Atong Abraham\Desktop\projects\bior\Bil_backend\api\admin.py changed, reloading.
Watching for file changes with StatReloader
C:\Users\Atong Abraham\Desktop\projects\bior\Bil_backend\api\admin.py changed, reloading.
Watching for file changes with StatReloader
C:\Users\Atong Abraham\Desktop\projects\bior\Bil_backend\api\admin.py changed, reloading.
Watching for file changes with StatReloader
C:\Users\Atong Abraham\Desktop\projects\bior\Bil_backend\api\admin.py changed, reloading.
Watching for file changes with StatReloader
C:\Users\Atong Abraham\Desktop\projects\bior\Bil_backend\api\admin.py changed, reloading.
Watching for file changes with StatReloader
C:\Users\Atong Abraham\Desktop\projects\bior\Bil_backend\api\admin.py changed, reloading.
Watching for file changes with StatReloader
C:\Users\Atong Abraham\Desktop\projects\bior\Bil_backend\api\admin.py changed, reloading.
Watching for file changes with StatReloader
C:\Users\Atong Abraham\Desktop\projects\bior\Bil_backend\api\admin.py changed, reloading.
Watching for file changes with StatReloader
C:\Users\Atong Abraham\Desktop\projects\bior\Bil_backend\api\admin.py changed, reloading.
Watching for file changes with StatReloader
"GET /admin/api/user/ HTTP/1.1" 200 39359
"GET /admin/jsi18n/ HTTP/1.1" 200 3342
"GET /admin/api/user/ HTTP/1.1" 200 39359
"GET /admin/jsi18n/ HTTP/1.1" 200 3342
"GET /admin/api/user/ HTTP/1.1" 200 39359
"GET /admin/jsi18n/ HTTP/1.1" 200 3342
"GET /admin/api/user/add/ HTTP/1.1" 200 35291
"GET /admin/jsi18n/ HTTP/1.1" 200 3342
"GET /admin/api/user/ HTTP/1.1" 200 39359
"POST /admin/logout/ HTTP/1.1" 200 2095
"GET /admin/ HTTP/1.1" 302 0
"GET /admin/login/?next=/admin/ HTTP/1.1" 200 3041
"POST /admin/login/?next=/admin/ HTTP/1.1" 302 0
"GET /admin/ HTTP/1.1" 200 29050
"GET /admin/api/user/ HTTP/1.1" 200 39359
"GET /admin/jsi18n/ HTTP/1.1" 200 3342
"GET /admin/api/user/6/change/ HTTP/1.1" 200 43297
"GET /admin/jsi18n/ HTTP/1.1" 200 3342
"GET /admin/api/user/ HTTP/1.1" 200 39359
"GET /admin/jsi18n/ HTTP/1.1" 200 3342
"GET /admin/api/user/?o= HTTP/1.1" 200 39154
"GET /admin/jsi18n/ HTTP/1.1" 200 3342
"GET /admin/api/user/6/change/?_changelist_filters=o%3D HTTP/1.1" 200 43372
"GET /admin/jsi18n/ HTTP/1.1" 200 3342
"GET /admin/api/user/?o= HTTP/1.1" 200 39154
"GET /admin/api/user/add/?_changelist_filters=o%3D HTTP/1.1" 200 35316
"GET /admin/jsi18n/ HTTP/1.1" 200 3342
"POST /admin/api/user/add/?_changelist_filters=o%3D HTTP/1.1" 302 0
"GET /admin/api/user/add/?_changelist_filters=o%3D HTTP/1.1" 200 35915
"GET /admin/jsi18n/ HTTP/1.1" 200 3342
"POST /admin/api/user/add/?_changelist_filters=o%3D HTTP/1.1" 302 0
"GET /admin/api/user/8/change/?_changelist_filters=o%3D HTTP/1.1" 200 43953
"GET /admin/jsi18n/ HTTP/1.1" 200 3342
"GET /admin/api/user/ HTTP/1.1" 200 40872
"GET /admin/jsi18n/ HTTP/1.1" 200 3342
"POST /admin/logout/ HTTP/1.1" 200 2095
"POST /admin/logout/ HTTP/1.1" 302 0
"GET /admin/ HTTP/1.1" 302 0
"GET /admin/login/?next=/admin/ HTTP/1.1" 200 3041
"POST /admin/login/?next=/admin/ HTTP/1.1" 302 0
"GET /admin/ HTTP/1.1" 200 24090
"POST /admin/logout/ HTTP/1.1" 200 2095
"POST /admin/logout/ HTTP/1.1" 302 0
"GET /admin/ HTTP/1.1" 302 0
"GET /admin/login/?next=/admin/ HTTP/1.1" 200 3041
"POST /admin/login/?next=/admin/ HTTP/1.1" 200 3361
"POST /admin/login/?next=/admin/ HTTP/1.1" 302 0
"GET /admin/ HTTP/1.1" 200 24090
"POST /admin/logout/ HTTP/1.1" 200 2095
"POST /admin/logout/ HTTP/1.1" 302 0
"GET /admin/ HTTP/1.1" 302 0
"GET /admin/login/?next=/admin/ HTTP/1.1" 200 3041
C:\Users\Atong Abraham\Desktop\projects\bior\Bil_backend\bil\urls.py changed, reloading.
Watching for file changes with StatReloader
Not Found: /admin/login/
"GET /admin/login/?next=/admin/ HTTP/1.1" 404 18739
"GET / HTTP/1.1" 302 0
"GET /dashboard/login/?next=/ HTTP/1.1" 200 3335
"GET /terminator HTTP/1.1" 301 0
"GET /terminator/ HTTP/1.1" 302 0
"GET /terminator/login/?next=/terminator/ HTTP/1.1" 200 3051
C:\Users\Atong Abraham\Desktop\projects\bior\Bil_backend\api\admin.py changed, reloading.
Watching for file changes with StatReloader
C:\Users\Atong Abraham\Desktop\projects\bior\Bil_backend\api\admin.py changed, reloading.
Watching for file changes with StatReloader
C:\Users\Atong Abraham\Desktop\projects\bior\Bil_backend\bil\urls.py changed, reloading.
Watching for file changes with StatReloader
C:\Users\Atong Abraham\Desktop\projects\bior\Bil_backend\bil\urls.py changed, reloading.
Watching for file changes with StatReloader
C:\Users\Atong Abraham\Desktop\projects\bior\Bil_backend\bil\urls.py changed, reloading.
Watching for file changes with StatReloader
"GET /terminator/login/?next=/terminator/ HTTP/1.1" 200 3051
"POST /terminator/login/?next=/terminator/ HTTP/1.1" 200 3371
"POST /terminator/login/?next=/terminator/ HTTP/1.1" 302 0
"GET /terminator/ HTTP/1.1" 302 0
"GET /terminator/login/?next=/terminator/ HTTP/1.1" 200 3399
"POST /terminator/login/?next=/terminator/ HTTP/1.1" 302 0
"GET /terminator/ HTTP/1.1" 200 50086
C:\Users\Atong Abraham\Desktop\projects\bior\Bil_backend\bil\urls.py changed, reloading.
Watching for file changes with StatReloader
C:\Users\Atong Abraham\Desktop\projects\bior\Bil_backend\api\admin.py changed, reloading.
Watching for file changes with StatReloader
"GET /terminator/ HTTP/1.1" 200 29256
"GET /terminator/api/user/ HTTP/1.1" 200 40328
"GET /terminator/jsi18n/ HTTP/1.1" 200 3342
C:\Users\Atong Abraham\Desktop\projects\bior\Bil_backend\api\admin.py changed, reloading.
Watching for file changes with StatReloader
C:\Users\Atong Abraham\Desktop\projects\bior\Bil_backend\api\admin.py changed, reloading.
Watching for file changes with StatReloader
C:\Users\Atong Abraham\Desktop\projects\bior\Bil_backend\api\admin.py changed, reloading.
Watching for file changes with StatReloader
C:\Users\Atong Abraham\Desktop\projects\bior\Bil_backend\api\admin.py changed, reloading.
Watching for file changes with StatReloader
C:\Users\Atong Abraham\Desktop\projects\bior\Bil_backend\api\admin.py changed, reloading.
Watching for file changes with StatReloader
"GET /terminator/api/user/ HTTP/1.1" 200 40328
"GET /terminator/jsi18n/ HTTP/1.1" 200 3342
"GET /terminator/api/user/ HTTP/1.1" 200 40328
"GET /terminator/jsi18n/ HTTP/1.1" 200 3342
"GET /terminator/ HTTP/1.1" 200 29256
"GET /terminator/api/user/6/change/ HTTP/1.1" 200 42728
"GET /terminator/jsi18n/ HTTP/1.1" 200 3342
"GET /terminator/api/user/ HTTP/1.1" 200 40328
"GET /terminator/jsi18n/ HTTP/1.1" 200 3342
C:\Users\Atong Abraham\Desktop\projects\bior\Bil_backend\api\admin.py changed, reloading.
Watching for file changes with StatReloader
C:\Users\Atong Abraham\Desktop\projects\bior\Bil_backend\api\admin.py changed, reloading.
Watching for file changes with StatReloader
C:\Users\Atong Abraham\Desktop\projects\bior\Bil_backend\api\admin.py changed, reloading.
Watching for file changes with StatReloader
C:\Users\Atong Abraham\Desktop\projects\bior\Bil_backend\api\admin.py changed, reloading.
Watching for file changes with StatReloader
C:\Users\Atong Abraham\Desktop\projects\bior\Bil_backend\api\admin.py changed, reloading.
Watching for file changes with StatReloader
"GET /terminator/api/user/ HTTP/1.1" 200 40328
"GET /terminator/jsi18n/ HTTP/1.1" 200 3342
"GET /terminator/api/user/ HTTP/1.1" 200 40328
"GET /terminator/jsi18n/ HTTP/1.1" 200 3342
"GET /terminator/api/user/ HTTP/1.1" 200 40328
"GET /terminator/jsi18n/ HTTP/1.1" 200 3342
"GET /terminator/api/user/ HTTP/1.1" 200 40328
"GET /terminator/jsi18n/ HTTP/1.1" 200 3342
"GET /terminator/api/user/ HTTP/1.1" 200 40328
"GET /terminator/jsi18n/ HTTP/1.1" 200 3342
C:\Users\Atong Abraham\Desktop\projects\bior\Bil_backend\api\admin.py changed, reloading.
Watching for file changes with StatReloader
C:\Users\Atong Abraham\Desktop\projects\bior\Bil_backend\api\admin.py changed, reloading.
Watching for file changes with StatReloader
"GET /terminator/api/user/ HTTP/1.1" 200 40328
"GET /terminator/jsi18n/ HTTP/1.1" 200 3342
"GET /terminator/api/user/ HTTP/1.1" 200 40328
"GET /terminator/jsi18n/ HTTP/1.1" 200 3342
C:\Users\Atong Abraham\Desktop\projects\bior\Bil_backend\api\admin.py changed, reloading.
Watching for file changes with StatReloader
C:\Users\Atong Abraham\Desktop\projects\bior\Bil_backend\api\admin.py changed, reloading.
Watching for file changes with StatReloader
"GET /terminator/api/user/ HTTP/1.1" 200 40328
"GET /terminator/jsi18n/ HTTP/1.1" 200 3342
"GET /terminator/api/user/ HTTP/1.1" 200 40328
"GET /terminator/jsi18n/ HTTP/1.1" 200 3342
"GET /terminator/api/user/ HTTP/1.1" 200 40328
"GET /terminator/jsi18n/ HTTP/1.1" 200 3342
"GET /terminator/api/user/?is_staff__exact=1&q= HTTP/1.1" 200 39712
"GET /terminator/jsi18n/ HTTP/1.1" 200 3342
"GET /terminator/api/user/?role__exact=super_admin&is_staff__exact=1&q= HTTP/1.1" 200 37674
"GET /terminator/jsi18n/ HTTP/1.1" 200 3342
"GET /terminator/api/user/?is_staff__exact=1&q= HTTP/1.1" 200 39712
"GET /terminator/jsi18n/ HTTP/1.1" 200 3342
"POST /terminator/logout/ HTTP/1.1" 200 2100
"POST /terminator/logout/ HTTP/1.1" 302 0
"GET /terminator/ HTTP/1.1" 302 0
"GET /terminator/login/?next=/terminator/ HTTP/1.1" 200 3051
"POST /terminator/login/?next=/terminator/ HTTP/1.1" 200 3371
"GET / HTTP/1.1" 302 0
"GET /dashboard/login/?next=/ HTTP/1.1" 200 3335
"POST /dashboard/login/?next=/ HTTP/1.1" 200 3622
"GET / HTTP/1.1" 302 0
"GET /dashboard/login/?next=/ HTTP/1.1" 200 3335
"GET /terminator/ HTTP/1.1" 302 0
"GET /terminator/login/?next=/terminator/ HTTP/1.1" 200 3051
"POST /terminator/login/?next=/terminator/ HTTP/1.1" 302 0
"GET /terminator/ HTTP/1.1" 200 29256
"GET /terminator/api/user/ HTTP/1.1" 200 40328
"GET /terminator/jsi18n/ HTTP/1.1" 200 3342
"POST /terminator/logout/ HTTP/1.1" 200 2100
"POST /terminator/logout/ HTTP/1.1" 302 0
"GET /terminator/ HTTP/1.1" 302 0
"GET /terminator/login/?next=/terminator/ HTTP/1.1" 200 3051
"POST /terminator/login/?next=/terminator/ HTTP/1.1" 302 0
"GET /terminator/ HTTP/1.1" 302 0
"GET /terminator/login/?next=/terminator/ HTTP/1.1" 200 3399
"GET / HTTP/1.1" 200 39612
"GET /static/css/enhanced-styles.css HTTP/1.1" 404 1883
"POST /dashboard/logout/ HTTP/1.1" 302 0
"GET /dashboard/login/ HTTP/1.1" 200 3335
"GET / HTTP/1.1" 302 0
"GET /dashboard/login/?next=/ HTTP/1.1" 200 3335
"POST /dashboard/login/ HTTP/1.1" 302 0
"GET /dashboard/ HTTP/1.1" 200 39612
"GET /static/css/enhanced-styles.css HTTP/1.1" 404 1883
"GET /dashboard/analytics/ HTTP/1.1" 200 40252
"GET /static/css/enhanced-styles.css HTTP/1.1" 404 1883
"GET /dashboard/users/ HTTP/1.1" 200 67343
"GET /static/css/enhanced-styles.css HTTP/1.1" 404 1883
"GET /dashboard/analytics/ HTTP/1.1" 200 40252
"GET /static/css/enhanced-styles.css HTTP/1.1" 404 1883
"GET /dashboard/analytics/?period=week HTTP/1.1" 200 33651
"GET /static/css/enhanced-styles.css HTTP/1.1" 404 1883
"GET /dashboard/analytics/?period=month HTTP/1.1" 200 33652
"GET /static/css/enhanced-styles.css HTTP/1.1" 404 1883
"GET /dashboard/analytics/?period=today HTTP/1.1" 200 33652
"GET /static/css/enhanced-styles.css HTTP/1.1" 404 1883
"GET /dashboard/ HTTP/1.1" 200 39612
"GET /static/css/enhanced-styles.css HTTP/1.1" 404 1883
"GET /dashboard/analytics/ HTTP/1.1" 200 40252
"GET /static/css/enhanced-styles.css HTTP/1.1" 404 1883
"GET /dashboard/users/ HTTP/1.1" 200 67343
"GET /static/css/enhanced-styles.css HTTP/1.1" 404 1883
"GET /dashboard/proofs/ HTTP/1.1" 200 28775
"GET /static/dashboard/css/proofs.css HTTP/1.1" 200 3863
"GET /static/css/enhanced-styles.css HTTP/1.1" 404 1883
"GET /dashboard/analytics/ HTTP/1.1" 200 40252
"GET /static/css/enhanced-styles.css HTTP/1.1" 404 1883
"GET /dashboard/transactions/ HTTP/1.1" 200 32777
"GET /static/dashboard/css/transactions.css HTTP/1.1" 200 6656
"GET /static/css/enhanced-styles.css HTTP/1.1" 404 1883
"GET /dashboard/company-info/ HTTP/1.1" 200 21534
"GET /static/css/enhanced-styles.css HTTP/1.1" 404 1883
"GET /dashboard/upload-proof-steps/ HTTP/1.1" 200 21505
"GET /static/css/enhanced-styles.css HTTP/1.1" 404 1883
"GET /dashboard/contacts_list/ HTTP/1.1" 200 25941
"GET /static/dashboard/css/contact_list.css HTTP/1.1" 200 581
"GET /static/dashboard/js/contact_list.js HTTP/1.1" 200 2694
"GET /static/css/enhanced-styles.css HTTP/1.1" 404 1883
"GET /dashboard/exchange-rates/ HTTP/1.1" 200 22381
"GET /static/css/enhanced-styles.css HTTP/1.1" 404 1883
"GET /dashboard/announcements/ HTTP/1.1" 200 21836
"GET /static/css/enhanced-styles.css HTTP/1.1" 404 1883
"GET /dashboard/admin/system-status/ HTTP/1.1" 200 22796
"GET /static/css/enhanced-styles.css HTTP/1.1" 404 1883
"GET /dashboard/admin/system-status/ HTTP/1.1" 200 22797
"GET /static/css/enhanced-styles.css HTTP/1.1" 404 1883
"GET /dashboard/proofs/ HTTP/1.1" 200 28775
"GET /static/css/enhanced-styles.css HTTP/1.1" 404 1883
"GET /dashboard/users/ HTTP/1.1" 200 67343
"GET /static/css/enhanced-styles.css HTTP/1.1" 404 1883
"GET /dashboard/ HTTP/1.1" 200 39612
"GET /static/css/enhanced-styles.css HTTP/1.1" 404 1883
"GET /dashboard/ HTTP/1.1" 200 38815
"GET /static/css/enhanced-styles.css HTTP/1.1" 404 1883
"GET /dashboard/analytics/ HTTP/1.1" 200 40252
"GET /static/css/enhanced-styles.css HTTP/1.1" 404 1883
"GET /dashboard/users/ HTTP/1.1" 200 67343
"GET /static/css/enhanced-styles.css HTTP/1.1" 404 1883
"GET /dashboard/proofs/ HTTP/1.1" 200 28775
"GET /static/css/enhanced-styles.css HTTP/1.1" 404 1883
"GET /dashboard/transactions/ HTTP/1.1" 200 32777
"GET /static/css/enhanced-styles.css HTTP/1.1" 404 1883
"GET /dashboard/transactions/ HTTP/1.1" 200 32777
"GET /static/css/enhanced-styles.css HTTP/1.1" 404 1883
"GET /dashboard/proofs/ HTTP/1.1" 200 28320
"GET /static/css/enhanced-styles.css HTTP/1.1" 404 1883
"GET /dashboard/transactions/ HTTP/1.1" 200 32777
"GET /static/css/enhanced-styles.css HTTP/1.1" 404 1883
"GET /dashboard/transactions/ HTTP/1.1" 200 32412
"GET /static/css/enhanced-styles.css HTTP/1.1" 404 1883
"GET /dashboard/proofs/ HTTP/1.1" 200 28320
"GET /static/css/enhanced-styles.css HTTP/1.1" 404 1883
"GET /dashboard/users/ HTTP/1.1" 200 67343
"GET /static/css/enhanced-styles.css HTTP/1.1" 404 1883
"GET /dashboard/users/ HTTP/1.1" 200 66964
"GET /static/css/enhanced-styles.css HTTP/1.1" 404 1883
"GET /dashboard/users/ HTTP/1.1" 200 66890
"GET /static/css/enhanced-styles.css HTTP/1.1" 404 1883
"GET /dashboard/users/ HTTP/1.1" 200 66860
"GET /static/css/enhanced-styles.css HTTP/1.1" 404 1883
"GET /dashboard/users/ HTTP/1.1" 200 66860
"GET /static/css/enhanced-styles.css HTTP/1.1" 404 1883
"GET /dashboard/analytics/ HTTP/1.1" 200 40252
"GET /static/css/enhanced-styles.css HTTP/1.1" 404 1883
"GET /dashboard/analytics/ HTTP/1.1" 200 40226
"GET /static/css/enhanced-styles.css HTTP/1.1" 404 1883
"GET /dashboard/analytics/?period=year HTTP/1.1" 200 40227
"GET /static/css/enhanced-styles.css HTTP/1.1" 404 1883
"GET /dashboard/analytics/?period=month HTTP/1.1" 200 33626
"GET /static/css/enhanced-styles.css HTTP/1.1" 404 1883
"GET /dashboard/analytics/?period=year HTTP/1.1" 200 40227
"GET /static/css/enhanced-styles.css HTTP/1.1" 404 1883
"GET /dashboard/analytics/?period=all HTTP/1.1" 200 40226
"GET /static/css/enhanced-styles.css HTTP/1.1" 404 1883
"GET /dashboard/analytics/?period=month HTTP/1.1" 200 33626
"GET /static/css/enhanced-styles.css HTTP/1.1" 404 1883
"GET /dashboard/analytics/?period=week HTTP/1.1" 200 33625
"GET /static/css/enhanced-styles.css HTTP/1.1" 404 1883
"GET /dashboard/ HTTP/1.1" 200 38815
"GET /static/css/enhanced-styles.css HTTP/1.1" 404 1883
"GET /dashboard/analytics/ HTTP/1.1" 200 40226
"GET /static/css/enhanced-styles.css HTTP/1.1" 404 1883
"GET /dashboard/users/ HTTP/1.1" 200 66860
"GET /static/css/enhanced-styles.css HTTP/1.1" 404 1883
"GET /dashboard/proofs/ HTTP/1.1" 200 28320
"GET /static/css/enhanced-styles.css HTTP/1.1" 404 1883
"GET /dashboard/transactions/ HTTP/1.1" 200 32412
"GET /static/css/enhanced-styles.css HTTP/1.1" 404 1883
"GET /dashboard/company-info/ HTTP/1.1" 200 21534
"GET /static/css/enhanced-styles.css HTTP/1.1" 404 1883
"GET /dashboard/announcements/ HTTP/1.1" 200 21836
"GET /static/css/enhanced-styles.css HTTP/1.1" 404 1883
"GET /dashboard/admin/system-status/ HTTP/1.1" 200 22793
"GET /static/css/enhanced-styles.css HTTP/1.1" 404 1883
"GET /dashboard/company-info/ HTTP/1.1" 200 21534
"GET /static/css/enhanced-styles.css HTTP/1.1" 404 1883
"GET /dashboard/users/ HTTP/1.1" 200 66860
"GET /static/css/enhanced-styles.css HTTP/1.1" 404 1883
"GET /dashboard/transactions/ HTTP/1.1" 200 32412
"GET /static/css/enhanced-styles.css HTTP/1.1" 404 1883
"GET /dashboard/countries/ HTTP/1.1" 200 22739
"GET /static/css/enhanced-styles.css HTTP/1.1" 404 1883
"GET /dashboard/countries/add/ HTTP/1.1" 200 21426
"GET /static/css/enhanced-styles.css HTTP/1.1" 404 1883
"GET /dashboard/countries/ HTTP/1.1" 200 22739
"GET /static/css/enhanced-styles.css HTTP/1.1" 404 1883
"GET /dashboard/currencies/ HTTP/1.1" 200 22700
"GET /static/css/enhanced-styles.css HTTP/1.1" 404 1883
"GET /dashboard/currencies/add/ HTTP/1.1" 200 21862
"GET /static/css/enhanced-styles.css HTTP/1.1" 404 1883
"GET /dashboard/currencies/ HTTP/1.1" 200 22700
"GET /static/css/enhanced-styles.css HTTP/1.1" 404 1883
"GET /dashboard/charge-rules/ HTTP/1.1" 200 22595
"GET /static/css/enhanced-styles.css HTTP/1.1" 404 1883
"GET /dashboard/charge-rules/add/ HTTP/1.1" 200 22357
"GET /static/css/enhanced-styles.css HTTP/1.1" 404 1883
"GET /dashboard/charge-rules/ HTTP/1.1" 200 22595
"GET /static/css/enhanced-styles.css HTTP/1.1" 404 1883
"GET /dashboard/exchange-rates/ HTTP/1.1" 200 22381
"GET /static/css/enhanced-styles.css HTTP/1.1" 404 1883
"GET /dashboard/exchange-rates/add/ HTTP/1.1" 200 23746
"GET /static/css/enhanced-styles.css HTTP/1.1" 404 1883
"GET /dashboard/proofs/ HTTP/1.1" 200 28320
"GET /static/css/enhanced-styles.css HTTP/1.1" 404 1883
"GET /dashboard/users/ HTTP/1.1" 200 66860
"GET /static/css/enhanced-styles.css HTTP/1.1" 404 1883
"GET /dashboard/analytics/ HTTP/1.1" 200 40226
"GET /static/css/enhanced-styles.css HTTP/1.1" 404 1883
"GET /dashboard/ HTTP/1.1" 200 38815
"GET /static/css/enhanced-styles.css HTTP/1.1" 404 1883
"GET /dashboard/transactions/ HTTP/1.1" 200 32412
"GET /static/css/enhanced-styles.css HTTP/1.1" 404 1883
"GET /dashboard/proofs/ HTTP/1.1" 200 28320
"GET /static/css/enhanced-styles.css HTTP/1.1" 404 1883
"GET /dashboard/analytics/ HTTP/1.1" 200 40226
"GET /static/css/enhanced-styles.css HTTP/1.1" 404 1883
"GET /dashboard/ HTTP/1.1" 200 38815
"GET /static/css/enhanced-styles.css HTTP/1.1" 404 1883
C:\Users\Atong Abraham\Desktop\projects\bior\Bil_backend\dashboard\views.py changed, reloading.
Watching for file changes with StatReloader
C:\Users\Atong Abraham\Desktop\projects\bior\Bil_backend\dashboard\views.py changed, reloading.
Watching for file changes with StatReloader
C:\Users\Atong Abraham\Desktop\projects\bior\Bil_backend\dashboard\views.py changed, reloading.
Watching for file changes with StatReloader
"GET /dashboard/ HTTP/1.1" 200 38815
"GET /static/css/enhanced-styles.css HTTP/1.1" 404 1883
"GET /dashboard/ HTTP/1.1" 200 38821
"GET /static/css/enhanced-styles.css HTTP/1.1" 404 1883
"GET /dashboard/ HTTP/1.1" 200 38821
"GET /static/css/enhanced-styles.css HTTP/1.1" 404 1883
"GET /dashboard/ HTTP/1.1" 200 38821
"GET /static/css/enhanced-styles.css HTTP/1.1" 404 1883
"GET /dashboard/ HTTP/1.1" 200 38821
"GET /static/css/enhanced-styles.css HTTP/1.1" 404 1883
"GET /dashboard/analytics/ HTTP/1.1" 200 40226
"GET /static/css/enhanced-styles.css HTTP/1.1" 404 1883
"GET /dashboard/ HTTP/1.1" 200 38821
"GET /static/css/enhanced-styles.css HTTP/1.1" 404 1883
"GET /dashboard/analytics/ HTTP/1.1" 200 40226
"GET /static/css/enhanced-styles.css HTTP/1.1" 404 1883
Watching for file changes with StatReloader
Watching for file changes with StatReloader
C:\Users\Atong Abraham\Desktop\projects\bior\Bil_backend\bil\settings.py changed, reloading.
Watching for file changes with StatReloader
Watching for file changes with StatReloader
Watching for file changes with StatReloader
C:\Users\Atong Abraham\Desktop\projects\bior\Bil_backend\bil\settings.py changed, reloading.
Watching for file changes with StatReloader
Watching for file changes with StatReloader
Watching for file changes with StatReloader
"GET / HTTP/1.1" 302 0
"GET /dashboard/login/?next=/ HTTP/1.1" 200 3335
"GET / HTTP/1.1" 302 0
"GET /dashboard/login/?next=/ HTTP/1.1" 200 3335
"GET /terminator/ HTTP/1.1" 302 0
"GET /terminator/login/?next=/terminator/ HTTP/1.1" 200 3051
"POST /terminator/login/?next=/terminator/ HTTP/1.1" 200 3371
Watching for file changes with StatReloader
C:\Users\Atong Abraham\Desktop\projects\bior\Bil_backend\bil\settings.py changed, reloading.
Watching for file changes with StatReloader
C:\Users\Atong Abraham\Desktop\projects\bior\Bil_backend\bil\settings.py changed, reloading.
INFO 2026-04-26 05:50:21,418 autoreload 7212 3308 Watching for file changes with StatReloader
INFO 2026-04-26 05:51:11,020 autoreload 19792 13820 Watching for file changes with StatReloader
INFO 2026-05-01 14:20:37,118 autoreload 10488 10344 Watching for file changes with StatReloader
INFO 2026-05-01 14:22:03,165 basehttp 10488 2384 "GET / HTTP/1.1" 302 0
INFO 2026-05-01 14:22:03,273 basehttp 10488 2384 "GET /dashboard/login/?next=/ HTTP/1.1" 200 3335
INFO 2026-05-01 14:22:03,417 basehttp 10488 2384 "GET /static/dashboard/css/login.css HTTP/1.1" 200 13475
WARNING 2026-05-01 14:23:51,468 log 10488 16660 Not Found: /favicon.ico
WARNING 2026-05-01 14:23:51,469 basehttp 10488 16660 "GET /favicon.ico HTTP/1.1" 404 18723
INFO 2026-05-01 14:33:02,995 basehttp 10488 5128 "GET /dashboard/login/?next=/ HTTP/1.1" 200 4011
INFO 2026-05-01 14:34:08,553 autoreload 5728 16860 Watching for file changes with StatReloader
INFO 2026-05-01 14:34:16,768 basehttp 5728 7432 "GET /dashboard/login/?next=/ HTTP/1.1" 200 4011
INFO 2026-05-01 14:34:18,711 basehttp 5728 7432 "GET /dashboard/login/?next=/ HTTP/1.1" 200 4011
INFO 2026-05-01 14:34:20,190 basehttp 5728 7432 "GET /dashboard/login/?next=/ HTTP/1.1" 200 4011
INFO 2026-05-01 14:34:21,640 basehttp 5728 7432 "GET /dashboard/login/?next=/ HTTP/1.1" 200 4011
INFO 2026-05-01 14:35:24,146 basehttp 5728 7432 "GET / HTTP/1.1" 302 0
INFO 2026-05-01 14:35:24,154 basehttp 5728 7432 "GET /dashboard/login/?next=/ HTTP/1.1" 200 4011
INFO 2026-05-01 14:44:50,035 basehttp 5728 10680 "GET /dashboard/login/?next=/ HTTP/1.1" 200 3908
INFO 2026-05-01 14:45:15,220 basehttp 5728 10680 "GET /dashboard/login/?next=/ HTTP/1.1" 200 3908
INFO 2026-05-01 14:45:17,522 basehttp 5728 10680 "GET /dashboard/login/?next=/ HTTP/1.1" 200 3908
INFO 2026-05-01 14:45:19,001 basehttp 5728 10680 "GET /dashboard/login/?next=/ HTTP/1.1" 200 3908
INFO 2026-05-01 14:45:40,945 autoreload 6584 8140 Watching for file changes with StatReloader
INFO 2026-05-01 14:45:46,651 basehttp 6584 8248 "GET / HTTP/1.1" 302 0
INFO 2026-05-01 14:45:46,679 basehttp 6584 8248 "GET /dashboard/login/?next=/ HTTP/1.1" 200 3908
INFO 2026-05-01 14:50:25,631 basehttp 6584 8248 "GET /dashboard/login/?next=/ HTTP/1.1" 200 3977
INFO 2026-05-01 14:50:28,698 basehttp 6584 8248 "GET /dashboard/login/?next=/ HTTP/1.1" 200 3977
INFO 2026-05-01 14:54:02,294 basehttp 6584 6548 "GET /dashboard/login/?next=/ HTTP/1.1" 200 3915
INFO 2026-05-01 14:54:22,837 basehttp 6584 6548 "GET /dashboard/login/?next=/ HTTP/1.1" 200 3977
INFO 2026-05-01 14:55:08,066 basehttp 6584 6548 "GET /dashboard/login/?next=/ HTTP/1.1" 200 3977
INFO 2026-05-01 14:55:29,666 basehttp 6584 6548 "GET /dashboard/login/?next=/ HTTP/1.1" 200 3977
INFO 2026-05-01 14:55:41,104 basehttp 6584 6548 "GET /dashboard/login/?next=/ HTTP/1.1" 200 3977
INFO 2026-05-01 14:55:46,317 basehttp 6584 6548 "GET /dashboard/login/?next=/ HTTP/1.1" 200 3977
INFO 2026-05-01 14:56:37,834 basehttp 6584 6548 "GET /dashboard/login/?next=/ HTTP/1.1" 200 3977
INFO 2026-05-01 14:56:39,395 basehttp 6584 6548 "GET /dashboard/login/?next=/ HTTP/1.1" 200 3977
INFO 2026-05-01 14:56:40,678 basehttp 6584 6548 "GET /dashboard/login/?next=/ HTTP/1.1" 200 3977
INFO 2026-05-01 14:56:41,786 basehttp 6584 6548 "GET /dashboard/login/?next=/ HTTP/1.1" 200 3977
INFO 2026-05-01 14:57:10,460 autoreload 10568 12724 Watching for file changes with StatReloader
INFO 2026-05-01 14:57:17,385 basehttp 10568 304 "GET /dashboard/login/?next=/ HTTP/1.1" 200 3977
INFO 2026-05-01 14:57:18,749 basehttp 10568 304 "GET /dashboard/login/?next=/ HTTP/1.1" 200 3977
INFO 2026-05-01 14:58:24,141 basehttp 10568 304 "GET /dashboard/login/?next=/ HTTP/1.1" 200 3915
INFO 2026-05-01 14:58:55,103 basehttp 10568 304 "GET /dashboard/login/?next=/ HTTP/1.1" 200 3977
INFO 2026-05-01 16:10:16,879 autoreload 10980 4932 Watching for file changes with StatReloader
INFO 2026-05-01 17:32:30,679 autoreload 2864 3184 Watching for file changes with StatReloader
INFO 2026-05-01 18:26:22,521 autoreload 11724 2624 Watching for file changes with StatReloader
INFO 2026-05-01 18:26:29,936 basehttp 11724 3668 "GET / HTTP/1.1" 302 0
INFO 2026-05-01 18:26:30,614 basehttp 11724 3668 "GET /dashboard/login/?next=/ HTTP/1.1" 200 3335
INFO 2026-05-01 18:26:30,816 basehttp 11724 3668 "GET /static/dashboard/css/login.css HTTP/1.1" 200 13475
WARNING 2026-05-01 18:26:35,406 log 11724 3668 Not Found: /favicon.ico
WARNING 2026-05-01 18:26:35,414 basehttp 11724 3668 "GET /favicon.ico HTTP/1.1" 404 18723
ERROR 2026-05-01 18:27:00,018 log 11724 3668 Internal Server Error: /dashboard/login/
Traceback (most recent call last):
  File "C:\Users\Atong Abraham\Desktop\projects\bior\Bil_backend\venv\Lib\site-packages\django\db\backends\utils.py", line 105, in _execute
    return self.cursor.execute(sql, params)
           ~~~~~~~~~~~~~~~~~~~^^^^^^^^^^^^^
  File "C:\Users\Atong Abraham\Desktop\projects\bior\Bil_backend\venv\Lib\site-packages\django\db\backends\sqlite3\base.py", line 360, in execute
    return super().execute(query, params)
           ~~~~~~~~~~~~~~~^^^^^^^^^^^^^^^
sqlite3.OperationalError: no such table: users

The above exception was the direct cause of the following exception:

Traceback (most recent call last):
  File "C:\Users\Atong Abraham\Desktop\projects\bior\Bil_backend\venv\Lib\site-packages\django\core\handlers\exception.py", line 55, in inner
    response = get_response(request)
  File "C:\Users\Atong Abraham\Desktop\projects\bior\Bil_backend\venv\Lib\site-packages\django\core\handlers\base.py", line 197, in _get_response
    response = wrapped_callback(request, *callback_args, **callback_kwargs)
  File "C:\Users\Atong Abraham\Desktop\projects\bior\Bil_backend\venv\Lib\site-packages\django\utils\decorators.py", line 192, in _view_wrapper
    result = _process_exception(request, e)
  File "C:\Users\Atong Abraham\Desktop\projects\bior\Bil_backend\venv\Lib\site-packages\django\utils\decorators.py", line 190, in _view_wrapper
    response = view_func(request, *args, **kwargs)
  File "C:\Users\Atong Abraham\Desktop\projects\bior\Bil_backend\dashboard\views.py", line 948, in admin_login
    user = authenticate(request, email=email, password=password)
  File "C:\Users\Atong Abraham\Desktop\projects\bior\Bil_backend\venv\Lib\site-packages\django\views\decorators\debug.py", line 75, in sensitive_variables_wrapper
    return func(*func_args, **func_kwargs)
  File "C:\Users\Atong Abraham\Desktop\projects\bior\Bil_backend\venv\Lib\site-packages\django\contrib\auth\__init__.py", line 114, in authenticate
    user = backend.authenticate(request, **credentials)
  File "C:\Users\Atong Abraham\Desktop\projects\bior\Bil_backend\venv\Lib\site-packages\django\contrib\auth\backends.py", line 65, in authenticate
    user = UserModel._default_manager.get_by_natural_key(username)
  File "C:\Users\Atong Abraham\Desktop\projects\bior\Bil_backend\venv\Lib\site-packages\django\contrib\auth\base_user.py", line 37, in get_by_natural_key
    return self.get(**{self.model.USERNAME_FIELD: username})
           ~~~~~~~~^^^^^^^^^^^^^^^^^^^^^^^^^^^^^^^^^^^^^^^^^
  File "C:\Users\Atong Abraham\Desktop\projects\bior\Bil_backend\venv\Lib\site-packages\django\db\models\manager.py", line 87, in manager_method
    return getattr(self.get_queryset(), name)(*args, **kwargs)
           ~~~~~~~~~~~~~~~~~~~~~~~~~~~~~~~~~~^^^^^^^^^^^^^^^^^
  File "C:\Users\Atong Abraham\Desktop\projects\bior\Bil_backend\venv\Lib\site-packages\django\db\models\query.py", line 629, in get
    num = len(clone)
  File "C:\Users\Atong Abraham\Desktop\projects\bior\Bil_backend\venv\Lib\site-packages\django\db\models\query.py", line 366, in __len__
    self._fetch_all()
    ~~~~~~~~~~~~~~~^^
  File "C:\Users\Atong Abraham\Desktop\projects\bior\Bil_backend\venv\Lib\site-packages\django\db\models\query.py", line 1949, in _fetch_all
    self._result_cache = list(self._iterable_class(self))
                         ~~~~^^^^^^^^^^^^^^^^^^^^^^^^^^^^
  File "C:\Users\Atong Abraham\Desktop\projects\bior\Bil_backend\venv\Lib\site-packages\django\db\models\query.py", line 91, in __iter__
    results = compiler.execute_sql(
        chunked_fetch=self.chunked_fetch, chunk_size=self.chunk_size
    )
  File "C:\Users\Atong Abraham\Desktop\projects\bior\Bil_backend\venv\Lib\site-packages\django\db\models\sql\compiler.py", line 1623, in execute_sql
    cursor.execute(sql, params)
    ~~~~~~~~~~~~~~^^^^^^^^^^^^^
  File "C:\Users\Atong Abraham\Desktop\projects\bior\Bil_backend\venv\Lib\site-packages\django\db\backends\utils.py", line 122, in execute
    return super().execute(sql, params)
           ~~~~~~~~~~~~~~~^^^^^^^^^^^^^
  File "C:\Users\Atong Abraham\Desktop\projects\bior\Bil_backend\venv\Lib\site-packages\django\db\backends\utils.py", line 79, in execute
    return self._execute_with_wrappers(
           ~~~~~~~~~~~~~~~~~~~~~~~~~~~^
        sql, params, many=False, executor=self._execute
        ^^^^^^^^^^^^^^^^^^^^^^^^^^^^^^^^^^^^^^^^^^^^^^^
    )
    ^
  File "C:\Users\Atong Abraham\Desktop\projects\bior\Bil_backend\venv\Lib\site-packages\django\db\backends\utils.py", line 92, in _execute_with_wrappers
    return executor(sql, params, many, context)
  File "C:\Users\Atong Abraham\Desktop\projects\bior\Bil_backend\venv\Lib\site-packages\django\db\backends\utils.py", line 100, in _execute
    with self.db.wrap_database_errors:
         ^^^^^^^^^^^^^^^^^^^^^^^^^^^^
  File "C:\Users\Atong Abraham\Desktop\projects\bior\Bil_backend\venv\Lib\site-packages\django\db\utils.py", line 91, in __exit__
    raise dj_exc_value.with_traceback(traceback) from exc_value
  File "C:\Users\Atong Abraham\Desktop\projects\bior\Bil_backend\venv\Lib\site-packages\django\db\backends\utils.py", line 105, in _execute
    return self.cursor.execute(sql, params)
           ~~~~~~~~~~~~~~~~~~~^^^^^^^^^^^^^
  File "C:\Users\Atong Abraham\Desktop\projects\bior\Bil_backend\venv\Lib\site-packages\django\db\backends\sqlite3\base.py", line 360, in execute
    return super().execute(query, params)
           ~~~~~~~~~~~~~~~^^^^^^^^^^^^^^^
django.db.utils.OperationalError: no such table: users
ERROR 2026-05-01 18:27:00,112 basehttp 11724 3668 "POST /dashboard/login/?next=/ HTTP/1.1" 500 184460
